date,poi_id,poi_name,district,poi_type,crowd_flow,flow_density_score,weather,weather_code,high_temp,low_temp,precipitation_mm,max_wind_speed_kmh,is_weekend,is_holiday,dist_to_center_km,time_score,weather_score,daily_vitality
2024-01-01,B001C8MSP5,黄龙溪古镇,双流区,景区,4924,10.7,小毛毛雨,51,10.7,7.5,0.4,7.2,0,1,38.85,90.0,55.0,35.42
2024-01-02,B001C8MSP5,黄龙溪古镇,双流区,景区,2581,5.52,阴,3,13.6,4.1,0.0,10.8,0,0,38.85,50.0,60.0,25.31
2024-01-03,B001C8MSP5,黄龙溪古镇,双流区,景区,2455,5.24,阴,3,14.9,4.8,0.0,7.7,0,0,38.85,50.0,60.0,25.14
2024-01-04,B001C8MSP5,黄龙溪古镇,双流区,景区,1810,3.82,小毛毛雨,51,10.2,4.2,0.7,9.7,0,0,38.85,50.0,55.0,23.29
2024-01-05,B001C8MSP5,黄龙溪古镇,双流区,景区,2037,4.32,阴,3,12.7,7.1,0.0,8.2,0,0,38.85,50.0,60.0,24.59
2024-01-06,B001C8MSP5,黄龙溪古镇,双流区,景区,4178,9.05,阴,3,15.6,5.1,0.0,10.7,1,0,38.85,70.0,60.0,31.43
2024-01-07,B001C8MSP5,黄龙溪古镇,双流区,景区,4274,9.27,阴,3,14.4,7.3,0.0,8.7,1,0,38.85,70.0,60.0,31.56
2024-01-08,B001C8MSP5,黄龙溪古镇,双流区,景区,1697,3.57,小毛毛雨,51,14.2,5.1,0.1,9.7,0,0,38.85,50.0,55.0,23.14
2024-01-09,B001C8MSP5,黄龙溪古镇,双流区,景区,2934,6.3,小毛毛雨,51,15.6,6.2,1.2,11.8,0,0,38.85,50.0,55.0,24.78
2024-01-10,B001C8MSP5,黄龙溪古镇,双流区,景区,2676,5.73,阴,3,15.3,3.3,0.0,10.1,0,0,38.85,50.0,60.0,25.44
2024-01-11,B001C8MSP5,黄龙溪古镇,双流区,景区,2090,4.44,阴,3,14.8,2.2,0.0,8.9,0,0,38.85,50.0,60.0,24.66
2024-01-12,B001C8MSP5,黄龙溪古镇,双流区,景区,2061,4.37,阴,3,15.4,4.1,0.0,8.2,0,0,38.85,50.0,60.0,24.62
2024-01-13,B001C8MSP5,黄龙溪古镇,双流区,景区,2586,5.53,小毛毛雨,51,14.7,5.1,0.2,9.5,1,0,38.85,70.0,55.0,28.32
2024-01-14,B001C8MSP5,黄龙溪古镇,双流区,景区,3375,7.28,小毛毛雨,51,15.9,9.8,0.2,9.9,1,0,38.85,70.0,55.0,29.37
2024-01-15,B001C8MSP5,黄龙溪古镇,双流区,景区,2546,5.44,阴,3,16.1,10.1,0.0,14.2,0,0,38.85,50.0,60.0,25.26
2024-01-16,B001C8MSP5,黄龙溪古镇,双流区,景区,2903,6.23,阴,3,13.8,7.8,0.0,13.4,0,0,38.85,50.0,60.0,25.74
2024-01-17,B001C8MSP5,黄龙溪古镇,双流区,景区,2021,4.28,阴,3,13.1,4.9,0.0,9.7,0,0,38.85,50.0,60.0,24.57
2024-01-18,B001C8MSP5,黄龙溪古镇,双流区,景区,2264,4.82,小毛毛雨,51,14.9,7.9,0.1,11.3,0,0,38.85,50.0,55.0,23.89
2024-01-19,B001C8MSP5,黄龙溪古镇,双流区,景区,2338,4.98,小毛毛雨,51,13.2,7.3,0.2,12.7,0,0,38.85,50.0,55.0,23.99
2024-01-20,B001C8MSP5,黄龙溪古镇,双流区,景区,3254,7.01,小毛毛雨,51,11.8,7.4,1.3,12.2,1,0,38.85,70.0,55.0,29.21
2024-01-21,B001C8MSP5,黄龙溪古镇,双流区,景区,1326,2.75,小雪,71,8.1,2.4,10.9,26.7,1,0,38.85,70.0,50.0,25.65
2024-01-22,B001C8MSP5,黄龙溪古镇,双流区,景区,728,1.42,中雪,73,6.9,0.9,2.2,20.5,0,0,38.85,50.0,50.0,20.85
2024-01-23,B001C8MSP5,黄龙溪古镇,双流区,景区,821,1.63,小雪,71,3.3,1.0,1.2,15.6,0,0,38.85,50.0,50.0,20.98
2024-01-24,B001C8MSP5,黄龙溪古镇,双流区,景区,733,1.44,中雪,73,3.9,0.6,2.9,14.0,0,0,38.85,50.0,50.0,20.86
2024-01-25,B001C8MSP5,黄龙溪古镇,双流区,景区,1568,3.28,阴,3,6.2,-3.2,0.0,9.8,0,0,38.85,50.0,60.0,23.97
2024-01-26,B001C8MSP5,黄龙溪古镇,双流区,景区,1492,3.11,阴,3,8.3,-1.8,0.0,11.9,0,0,38.85,50.0,60.0,23.87
2024-01-27,B001C8MSP5,黄龙溪古镇,双流区,景区,2837,6.09,小毛毛雨,51,8.7,-1.1,0.6,8.4,1,0,38.85,70.0,55.0,28.65
2024-01-28,B001C8MSP5,黄龙溪古镇,双流区,景区,2828,6.07,小毛毛雨,51,9.4,1.2,0.6,7.7,1,0,38.85,70.0,55.0,28.64
2024-01-29,B001C8MSP5,黄龙溪古镇,双流区,景区,1761,3.71,小毛毛雨,51,10.4,1.5,0.5,8.9,0,0,38.85,50.0,55.0,23.23
2024-01-30,B001C8MSP5,黄龙溪古镇,双流区,景区,2536,5.42,阴,3,9.1,4.8,0.0,10.3,0,0,38.85,50.0,60.0,25.25
2024-01-31,B001C8MSP5,黄龙溪古镇,双流区,景区,2305,4.91,阴,3,10.4,5.3,0.0,9.0,0,0,38.85,50.0,60.0,24.95
2024-02-01,B001C8MSP5,黄龙溪古镇,双流区,景区,2148,4.56,阴,3,12.6,3.7,0.0,8.9,0,0,38.85,50.0,60.0,24.74
2024-02-02,B001C8MSP5,黄龙溪古镇,双流区,景区,2245,4.78,小毛毛雨,51,9.8,6.2,1.0,15.1,0,0,38.85,50.0,55.0,23.87
2024-02-03,B001C8MSP5,黄龙溪古镇,双流区,景区,3421,7.38,小毛毛雨,51,7.1,4.8,2.3,12.4,1,0,38.85,70.0,55.0,29.43
2024-02-04,B001C8MSP5,黄龙溪古镇,双流区,景区,3238,6.98,小毛毛雨,51,9.6,0.6,1.2,13.0,1,0,38.85,70.0,55.0,29.19
2024-02-05,B001C8MSP5,黄龙溪古镇,双流区,景区,2340,4.99,阴,3,8.4,4.8,0.0,12.6,0,0,38.85,50.0,60.0,24.99
2024-02-06,B001C8MSP5,黄龙溪古镇,双流区,景区,2551,5.46,阴,3,10.4,4.3,0.0,16.9,0,0,38.85,50.0,60.0,25.28
2024-02-07,B001C8MSP5,黄龙溪古镇,双流区,景区,2578,5.52,阴,3,9.1,3.4,0.0,9.9,0,0,38.85,50.0,60.0,25.31
2024-02-08,B001C8MSP5,黄龙溪古镇,双流区,景区,1966,4.16,小毛毛雨,51,10.0,0.8,0.2,7.3,0,0,38.85,50.0,55.0,23.5
2024-02-09,B001C8MSP5,黄龙溪古镇,双流区,景区,3006,6.46,阴,3,14.4,3.2,0.0,9.8,0,0,38.85,50.0,60.0,25.88
2024-02-10,B001C8MSP5,黄龙溪古镇,双流区,景区,8677,19.0,晴间多云,1,15.0,1.3,0.0,10.0,1,1,38.85,90.0,90.0,47.4
2024-02-11,B001C8MSP5,黄龙溪古镇,双流区,景区,5909,12.88,阴,3,16.5,1.7,0.0,10.1,1,1,38.85,90.0,60.0,37.73
2024-02-12,B001C8MSP5,黄龙溪古镇,双流区,景区,6872,15.01,多云,2,17.9,4.1,0.0,11.2,0,1,38.85,90.0,80.0,43.01
2024-02-13,B001C8MSP5,黄龙溪古镇,双流区,景区,4622,10.04,阴,3,18.8,3.8,0.0,9.4,0,1,38.85,90.0,60.0,36.02
2024-02-14,B001C8MSP5,黄龙溪古镇,双流区,景区,4962,10.79,小毛毛雨,51,16.5,6.8,0.2,20.0,0,1,38.85,90.0,55.0,35.47
2024-02-15,B001C8MSP5,黄龙溪古镇,双流区,景区,5795,12.63,小毛毛雨,51,16.9,8.4,0.1,16.6,0,1,38.85,90.0,55.0,36.58
2024-02-16,B001C8MSP5,黄龙溪古镇,双流区,景区,4567,9.91,阴,3,16.5,2.7,0.0,9.9,0,1,38.85,90.0,60.0,35.95
2024-02-17,B001C8MSP5,黄龙溪古镇,双流区,景区,5280,11.49,阴,3,19.8,3.9,0.0,9.6,1,1,38.85,90.0,60.0,36.89
2024-02-18,B001C8MSP5,黄龙溪古镇,双流区,景区,3608,7.79,阴,3,21.0,5.0,0.0,11.5,1,0,38.85,70.0,60.0,30.67
2024-02-19,B001C8MSP5,黄龙溪古镇,双流区,景区,3556,7.68,阴,3,19.1,10.5,0.0,17.1,0,0,38.85,50.0,60.0,26.61
2024-02-20,B001C8MSP5,黄龙溪古镇,双流区,景区,3301,7.11,阴,3,19.5,7.8,0.0,21.7,0,0,38.85,50.0,60.0,26.27
2024-02-21,B001C8MSP5,黄龙溪古镇,双流区,景区,1978,4.19,小毛毛雨,51,10.7,6.1,0.4,22.5,0,0,38.85,50.0,55.0,23.51
2024-02-22,B001C8MSP5,黄龙溪古镇,双流区,景区,2030,4.3,阴,3,8.0,3.7,0.0,17.7,0,0,38.85,50.0,60.0,24.58
2024-02-23,B001C8MSP5,黄龙溪古镇,双流区,景区,1211,2.49,小雪,71,5.1,2.1,0.7,14.8,0,0,38.85,50.0,50.0,21.49
2024-02-24,B001C8MSP5,黄龙溪古镇,双流区,景区,3981,8.62,阴,3,10.2,1.6,0.0,9.0,1,0,38.85,70.0,60.0,31.17
2024-02-25,B001C8MSP5,黄龙溪古镇,双流区,景区,2075,4.4,小毛毛雨,51,9.7,-0.3,0.5,10.5,1,0,38.85,70.0,55.0,27.64
2024-02-26,B001C8MSP5,黄龙溪古镇,双流区,景区,1724,3.63,中毛毛雨,53,9.9,4.2,0.7,7.3,0,0,38.85,50.0,45.0,21.18
2024-02-27,B001C8MSP5,黄龙溪古镇,双流区,景区,1904,4.03,小毛毛雨,51,10.9,3.5,0.7,11.9,0,0,38.85,50.0,55.0,23.42
2024-02-28,B001C8MSP5,黄龙溪古镇,双流区,景区,2576,5.51,小毛毛雨,51,7.8,5.2,0.8,12.3,0,0,38.85,50.0,55.0,24.31
2024-02-29,B001C8MSP5,黄龙溪古镇,双流区,景区,1475,3.08,大毛毛雨,55,12.8,2.2,1.8,13.1,0,0,38.85,50.0,35.0,18.85
2024-03-01,B001C8MSP5,黄龙溪古镇,双流区,景区,2499,5.34,中毛毛雨,53,10.3,3.7,1.8,18.3,0,0,38.85,50.0,45.0,22.2
2024-03-02,B001C8MSP5,黄龙溪古镇,双流区,景区,3252,7.01,中毛毛雨,53,11.6,3.2,2.3,11.4,1,0,38.85,70.0,45.0,27.21
2024-03-03,B001C8MSP5,黄龙溪古镇,双流区,景区,5784,12.61,小毛毛雨,51,13.7,6.5,0.2,10.3,1,0,38.85,70.0,55.0,32.57
2024-03-04,B001C8MSP5,黄龙溪古镇,双流区,景区,3480,7.51,小毛毛雨,51,14.4,3.8,0.1,10.9,0,0,38.85,50.0,55.0,25.51
2024-03-05,B001C8MSP5,黄龙溪古镇,双流区,景区,4482,9.73,小毛毛雨,51,17.6,5.6,0.5,15.3,0,0,38.85,50.0,55.0,26.84
2024-03-06,B001C8MSP5,黄龙溪古镇,双流区,景区,3838,8.3,小毛毛雨,51,16.5,7.5,0.4,19.3,0,0,38.85,50.0,55.0,25.98
2024-03-07,B001C8MSP5,黄龙溪古镇,双流区,景区,3702,8.0,阴,3,17.0,7.8,0.0,12.0,0,0,38.85,50.0,60.0,26.8
2024-03-08,B001C8MSP5,黄龙溪古镇,双流区,景区,4212,9.13,小毛毛雨,51,16.2,7.9,0.1,10.7,0,0,38.85,50.0,55.0,26.48
2024-03-09,B001C8MSP5,黄龙溪古镇,双流区,景区,5774,12.58,小毛毛雨,51,16.2,5.4,0.1,7.6,1,0,38.85,70.0,55.0,32.55
2024-03-10,B001C8MSP5,黄龙溪古镇,双流区,景区,4574,9.93,中毛毛雨,53,16.6,7.6,1.8,11.3,1,0,38.85,70.0,45.0,28.96
2024-03-11,B001C8MSP5,黄龙溪古镇,双流区,景区,4406,9.56,阴,3,20.9,6.4,0.0,10.4,0,0,38.85,50.0,60.0,27.74
2024-03-12,B001C8MSP5,黄龙溪古镇,双流区,景区,3768,8.15,小毛毛雨,51,17.0,11.8,0.1,16.1,0,0,38.85,50.0,55.0,25.89
2024-03-13,B001C8MSP5,黄龙溪古镇,双流区,景区,3459,7.46,小毛毛雨,51,22.0,8.8,0.6,16.0,0,0,38.85,50.0,55.0,25.48
2024-03-14,B001C8MSP5,黄龙溪古镇,双流区,景区,2924,6.28,中毛毛雨,53,20.5,11.6,1.7,12.6,0,0,38.85,50.0,45.0,22.77
2024-03-15,B001C8MSP5,黄龙溪古镇,双流区,景区,3469,7.49,小毛毛雨,51,21.5,10.8,0.3,12.4,0,0,38.85,50.0,55.0,25.49
2024-03-16,B001C8MSP5,黄龙溪古镇,双流区,景区,5640,12.29,小毛毛雨,51,20.5,14.1,0.7,16.9,1,0,38.85,70.0,55.0,32.37
2024-03-17,B001C8MSP5,黄龙溪古镇,双流区,景区,5654,12.32,中毛毛雨,53,20.2,12.6,1.4,17.4,1,0,38.85,70.0,45.0,30.39
2024-03-18,B001C8MSP5,黄龙溪古镇,双流区,景区,3492,7.54,小毛毛雨,51,17.9,11.1,0.6,14.2,0,0,38.85,50.0,55.0,25.52
2024-03-19,B001C8MSP5,黄龙溪古镇,双流区,景区,2572,5.5,大毛毛雨,55,20.1,11.4,3.8,12.1,0,0,38.85,50.0,35.0,20.3
2024-03-20,B001C8MSP5,黄龙溪古镇,双流区,景区,5293,11.52,阴,3,21.4,10.6,0.0,8.0,0,0,38.85,50.0,60.0,28.91
2024-03-21,B001C8MSP5,黄龙溪古镇,双流区,景区,4282,9.28,阴,3,22.9,9.0,0.0,11.4,0,0,38.85,50.0,60.0,27.57
2024-03-22,B001C8MSP5,黄龙溪古镇,双流区,景区,3990,8.64,阴,3,25.8,11.5,0.0,17.4,0,0,38.85,50.0,60.0,27.18
2024-03-23,B001C8MSP5,黄龙溪古镇,双流区,景区,5638,12.28,阴,3,27.5,13.9,0.0,18.8,1,0,38.85,70.0,60.0,33.37
2024-03-24,B001C8MSP5,黄龙溪古镇,双流区,景区,2672,5.72,中雨,63,20.5,13.4,14.1,28.4,1,0,38.85,70.0,30.0,23.43
2024-03-25,B001C8MSP5,黄龙溪古镇,双流区,景区,2248,4.79,中雨,63,23.6,9.6,3.4,16.0,0,0,38.85,50.0,30.0,18.87
2024-03-26,B001C8MSP5,黄龙溪古镇,双流区,景区,4903,10.66,小毛毛雨,51,22.5,14.3,0.1,18.8,0,0,38.85,50.0,55.0,27.4
2024-03-27,B001C8MSP5,黄龙溪古镇,双流区,景区,2693,5.77,小雨,61,18.2,13.9,11.3,13.0,0,0,38.85,50.0,40.0,21.46
2024-03-28,B001C8MSP5,黄龙溪古镇,双流区,景区,6067,13.23,晴,0,25.4,10.2,0.0,13.3,0,0,38.85,50.0,95.0,36.94
2024-03-29,B001C8MSP5,黄龙溪古镇,双流区,景区,5557,12.1,阴,3,27.5,11.8,0.0,11.0,0,0,38.85,50.0,60.0,29.26
2024-03-30,B001C8MSP5,黄龙溪古镇,双流区,景区,3375,7.28,中雨,63,25.5,16.4,4.5,14.5,1,0,38.85,70.0,30.0,24.37
2024-03-31,B001C8MSP5,黄龙溪古镇,双流区,景区,6587,14.38,阴,3,27.0,13.1,0.0,12.1,1,0,38.85,70.0,60.0,34.63
2024-04-01,B001C8MSP5,黄龙溪古镇,双流区,景区,3194,6.88,中毛毛雨,53,27.2,16.5,0.9,11.4,0,0,38.85,50.0,45.0,23.13
2024-04-02,B001C8MSP5,黄龙溪古镇,双流区,景区,4150,8.99,小毛毛雨,51,28.4,17.0,0.3,12.5,0,0,38.85,50.0,55.0,26.39
2024-04-03,B001C8MSP5,黄龙溪古镇,双流区,景区,1695,3.56,中雨,63,23.6,16.4,17.3,17.3,0,0,38.85,50.0,30.0,18.14
2024-04-04,B001C8MSP5,黄龙溪古镇,双流区,景区,7357,16.09,大毛毛雨,55,24.6,14.8,3.4,15.9,0,1,38.85,90.0,35.0,34.65
2024-04-05,B001C8MSP5,黄龙溪古镇,双流区,景区,6853,14.97,中毛毛雨,53,22.5,15.4,1.4,18.9,0,1,38.85,90.0,45.0,35.98
2024-04-06,B001C8MSP5,黄龙溪古镇,双流区,景区,5669,12.35,小雨,61,16.4,13.1,4.5,11.9,1,1,38.85,90.0,40.0,33.41
2024-04-07,B001C8MSP5,黄龙溪古镇,双流区,景区,3276,7.06,大毛毛雨,55,16.6,12.4,5.9,9.0,1,0,38.85,70.0,35.0,25.24
2024-04-08,B001C8MSP5,黄龙溪古镇,双流区,景区,5482,11.94,小毛毛雨,51,21.0,9.7,0.3,9.0,0,0,38.85,50.0,55.0,28.16
2024-04-09,B001C8MSP5,黄龙溪古镇,双流区,景区,3516,7.59,中毛毛雨,53,22.1,14.1,1.0,10.2,0,0,38.85,50.0,45.0,23.55
2024-04-10,B001C8MSP5,黄龙溪古镇,双流区,景区,5278,11.49,阴,3,24.3,14.7,0.0,12.3,0,0,38.85,50.0,60.0,28.89
2024-04-11,B001C8MSP5,黄龙溪古镇,双流区,景区,4091,8.86,中毛毛雨,53,25.0,14.5,1.3,8.4,0,0,38.85,50.0,45.0,24.32
2024-04-12,B001C8MSP5,黄龙溪古镇,双流区,景区,4403,9.55,小毛毛雨,51,26.5,14.8,0.7,8.7,0,0,38.85,50.0,55.0,26.73
2024-04-13,B001C8MSP5,黄龙溪古镇,双流区,景区,9277,20.33,阴,3,28.4,17.0,0.0,13.7,1,0,38.85,70.0,60.0,38.2
2024-04-14,B001C8MSP5,黄龙溪古镇,双流区,景区,7067,15.44,阴,3,30.5,15.6,0.0,11.6,1,0,38.85,70.0,60.0,35.26
2024-04-15,B001C8MSP5,黄龙溪古镇,双流区,景区,3166,6.82,中毛毛雨,53,31.0,19.2,0.7,14.4,0,0,38.85,50.0,45.0,23.09
2024-04-16,B001C8MSP5,黄龙溪古镇,双流区,景区,998,2.02,大雨,65,28.6,18.0,10.3,14.8,0,0,38.85,50.0,20.0,15.21
2024-04-17,B001C8MSP5,黄龙溪古镇,双流区,景区,2846,6.11,小雨,61,24.8,17.8,5.5,6.2,0,0,38.85,50.0,40.0,21.67
2024-04-18,B001C8MSP5,黄龙溪古镇,双流区,景区,3646,7.88,小雨,61,24.2,18.6,8.7,11.2,0,0,38.85,50.0,40.0,22.73
2024-04-19,B001C8MSP5,黄龙溪古镇,双流区,景区,4662,10.12,小毛毛雨,51,27.0,17.3,0.1,12.4,0,0,38.85,50.0,55.0,27.07
2024-04-20,B001C8MSP5,黄龙溪古镇,双流区,景区,2781,5.96,中雨,63,22.8,17.3,9.1,20.5,1,0,38.85,70.0,30.0,23.58
2024-04-21,B001C8MSP5,黄龙溪古镇,双流区,景区,4636,10.07,小雨,61,26.0,15.4,1.7,9.3,1,0,38.85,70.0,40.0,28.04
2024-04-22,B001C8MSP5,黄龙溪古镇,双流区,景区,2247,4.78,小雨,61,25.1,16.1,10.2,12.8,0,0,38.85,50.0,40.0,20.87
2024-04-23,B001C8MSP5,黄龙溪古镇,双流区,景区,4637,10.07,小毛毛雨,51,23.0,15.1,0.5,13.8,0,0,38.85,50.0,55.0,27.04
2024-04-24,B001C8MSP5,黄龙溪古镇,双流区,景区,5562,12.12,小毛毛雨,51,24.4,13.4,0.2,11.5,0,0,38.85,50.0,55.0,28.27
2024-04-25,B001C8MSP5,黄龙溪古镇,双流区,景区,4699,10.21,阴,3,25.5,13.4,0.0,9.1,0,0,38.85,50.0,60.0,28.13
2024-04-26,B001C8MSP5,黄龙溪古镇,双流区,景区,4978,10.82,小毛毛雨,51,27.0,14.9,0.2,9.0,0,0,38.85,50.0,55.0,27.49
2024-04-27,B001C8MSP5,黄龙溪古镇,双流区,景区,4919,10.69,中毛毛雨,53,28.8,17.5,0.8,12.0,1,0,38.85,70.0,45.0,29.41
2024-04-28,B001C8MSP5,黄龙溪古镇,双流区,景区,3188,6.86,中雨,63,29.7,17.2,4.8,17.3,1,0,38.85,70.0,30.0,24.12
2024-04-29,B001C8MSP5,黄龙溪古镇,双流区,景区,3065,6.59,大毛毛雨,55,22.8,15.9,3.7,31.3,0,0,38.85,50.0,35.0,20.95
2024-04-30,B001C8MSP5,黄龙溪古镇,双流区,景区,4906,10.66,小毛毛雨,51,22.6,13.2,0.1,14.7,0,0,38.85,50.0,55.0,27.4
2024-05-01,B001C8MSP5,黄龙溪古镇,双流区,景区,4823,10.48,大毛毛雨,55,18.5,15.1,3.1,11.9,0,1,38.85,90.0,35.0,31.29
2024-05-02,B001C8MSP5,黄龙溪古镇,双流区,景区,9188,20.13,小毛毛雨,51,19.0,14.0,1.3,11.4,0,1,38.85,90.0,55.0,41.08
2024-05-03,B001C8MSP5,黄龙溪古镇,双流区,景区,6897,15.07,小毛毛雨,51,21.1,14.1,0.4,11.9,0,1,38.85,90.0,55.0,38.04
2024-05-04,B001C8MSP5,黄龙溪古镇,双流区,景区,10016,21.97,小毛毛雨,51,24.8,14.3,0.2,14.3,1,1,38.85,90.0,55.0,42.18
2024-05-05,B001C8MSP5,黄龙溪古镇,双流区,景区,9123,19.99,阴,3,27.3,13.9,0.0,8.4,1,1,38.85,90.0,60.0,41.99
2024-05-06,B001C8MSP5,黄龙溪古镇,双流区,景区,2981,6.41,小雨,61,26.5,15.9,3.2,8.4,0,0,38.85,50.0,40.0,21.85
2024-05-07,B001C8MSP5,黄龙溪古镇,双流区,景区,2361,5.04,中雨,63,26.5,18.4,9.3,12.7,0,0,38.85,50.0,30.0,19.02
2024-05-08,B001C8MSP5,黄龙溪古镇,双流区,景区,2183,4.64,小雨,61,20.9,18.2,12.0,7.5,0,0,38.85,50.0,40.0,20.78
2024-05-09,B001C8MSP5,黄龙溪古镇,双流区,景区,5404,11.77,阴,3,27.2,15.5,0.0,8.9,0,0,38.85,50.0,60.0,29.06
2024-05-10,B001C8MSP5,黄龙溪古镇,双流区,景区,3462,7.47,中毛毛雨,53,25.9,17.0,2.6,10.5,0,0,38.85,50.0,45.0,23.48
2024-05-11,B001C8MSP5,黄龙溪古镇,双流区,景区,2838,6.09,中雨,63,25.5,18.7,7.4,11.8,1,0,38.85,70.0,30.0,23.65
2024-05-12,B001C8MSP5,黄龙溪古镇,双流区,景区,5807,12.66,阴,3,27.0,17.5,0.0,15.9,1,0,38.85,70.0,60.0,33.6
2024-05-13,B001C8MSP5,黄龙溪古镇,双流区,景区,5874,12.81,阴,3,29.1,13.9,0.0,11.9,0,0,38.85,50.0,60.0,29.69
2024-05-14,B001C8MSP5,黄龙溪古镇,双流区,景区,5779,12.6,阴,3,30.3,16.5,0.0,14.7,0,0,38.85,50.0,60.0,29.56
2024-05-15,B001C8MSP5,黄龙溪古镇,双流区,景区,4535,9.84,阴,3,30.9,19.1,0.0,20.1,0,0,38.85,50.0,60.0,27.9
2024-05-16,B001C8MSP5,黄龙溪古镇,双流区,景区,4749,10.32,小毛毛雨,51,30.8,18.4,0.5,9.2,0,0,38.85,50.0,55.0,27.19
2024-05-17,B001C8MSP5,黄龙溪古镇,双流区,景区,5029,10.94,小毛毛雨,51,28.8,20.8,0.2,7.9,0,0,38.85,50.0,55.0,27.56
2024-05-18,B001C8MSP5,黄龙溪古镇,双流区,景区,4345,9.42,小雨,61,30.2,20.7,1.7,16.8,1,0,38.85,70.0,40.0,27.65
2024-05-19,B001C8MSP5,黄龙溪古镇,双流区,景区,5153,11.21,阴,3,32.2,18.4,0.0,16.8,1,0,38.85,70.0,60.0,32.73
2024-05-20,B001C8MSP5,黄龙溪古镇,双流区,景区,3526,7.61,小雨,61,33.2,18.7,1.4,17.5,0,0,38.85,50.0,40.0,22.57
2024-05-21,B001C8MSP5,黄龙溪古镇,双流区,景区,4707,10.22,小毛毛雨,51,32.3,19.5,0.1,13.7,0,0,38.85,50.0,55.0,27.13
2024-05-22,B001C8MSP5,黄龙溪古镇,双流区,景区,4273,9.26,小毛毛雨,51,33.0,20.8,0.2,8.7,0,0,38.85,50.0,55.0,26.56
2024-05-23,B001C8MSP5,黄龙溪古镇,双流区,景区,4270,9.26,阴,3,35.0,22.5,0.0,11.6,0,0,38.85,50.0,60.0,27.56
2024-05-24,B001C8MSP5,黄龙溪古镇,双流区,景区,3646,7.88,阴,3,37.7,24.0,0.0,15.7,0,0,38.85,50.0,60.0,26.73
2024-05-25,B001C8MSP5,黄龙溪古镇,双流区,景区,5521,12.02,中毛毛雨,53,35.0,25.0,0.9,24.6,1,0,38.85,70.0,45.0,30.21
2024-05-26,B001C8MSP5,黄龙溪古镇,双流区,景区,7498,16.4,阴,3,36.5,22.2,0.0,15.0,1,0,38.85,70.0,60.0,35.84
2024-05-27,B001C8MSP5,黄龙溪古镇,双流区,景区,4288,9.3,小毛毛雨,51,34.0,23.7,0.3,13.9,0,0,38.85,50.0,55.0,26.58
2024-05-28,B001C8MSP5,黄龙溪古镇,双流区,景区,1395,2.9,中雨,63,27.6,21.9,11.7,13.9,0,0,38.85,50.0,30.0,17.74
2024-05-29,B001C8MSP5,黄龙溪古镇,双流区,景区,1929,4.08,中雨,63,21.6,19.9,8.2,20.6,0,0,38.85,50.0,30.0,18.45
2024-05-30,B001C8MSP5,黄龙溪古镇,双流区,景区,5821,12.69,阴,3,30.2,19.5,0.0,10.1,0,0,38.85,50.0,60.0,29.61
2024-05-31,B001C8MSP5,黄龙溪古镇,双流区,景区,5235,11.39,阴,3,31.6,18.2,0.0,13.3,0,0,38.85,50.0,60.0,28.83
2024-06-01,B001C8MSP5,黄龙溪古镇,双流区,景区,4034,8.74,小毛毛雨,51,27.8,21.8,0.3,14.8,1,0,38.85,70.0,55.0,30.24
2024-06-02,B001C8MSP5,黄龙溪古镇,双流区,景区,4236,9.18,小毛毛雨,51,27.5,19.7,0.5,14.8,1,0,38.85,70.0,55.0,30.51
2024-06-03,B001C8MSP5,黄龙溪古镇,双流区,景区,3187,6.86,小毛毛雨,51,26.6,19.9,0.2,12.8,0,0,38.85,50.0,55.0,25.12
2024-06-04,B001C8MSP5,黄龙溪古镇,双流区,景区,2349,5.01,大毛毛雨,55,27.3,18.6,2.4,9.7,0,0,38.85,50.0,35.0,20.01
2024-06-05,B001C8MSP5,黄龙溪古镇,双流区,景区,3970,8.59,小毛毛雨,51,28.2,17.7,0.1,11.5,0,0,38.85,50.0,55.0,26.15
2024-06-06,B001C8MSP5,黄龙溪古镇,双流区,景区,2444,5.22,大毛毛雨,55,27.4,21.1,2.2,16.1,0,0,38.85,50.0,35.0,20.13
2024-06-07,B001C8MSP5,黄龙溪古镇,双流区,景区,3280,7.07,小毛毛雨,51,26.3,19.5,0.4,10.1,0,0,38.85,50.0,55.0,25.24
2024-06-08,B001C8MSP5,黄龙溪古镇,双流区,景区,7114,15.55,小毛毛雨,51,27.8,21.4,0.1,16.2,1,1,38.85,90.0,55.0,38.33
2024-06-09,B001C8MSP5,黄龙溪古镇,双流区,景区,8943,19.59,阴,3,27.0,18.1,0.0,6.8,1,1,38.85,90.0,60.0,41.75
2024-06-10,B001C8MSP5,黄龙溪古镇,双流区,景区,10044,22.03,阴,3,28.5,17.7,0.0,7.9,0,1,38.85,90.0,60.0,43.22
2024-06-11,B001C8MSP5,黄龙溪古镇,双流区,景区,2895,6.22,中毛毛雨,53,31.9,21.9,2.2,12.7,0,0,38.85,50.0,45.0,22.73
2024-06-12,B001C8MSP5,黄龙溪古镇,双流区,景区,3874,8.38,阴,3,32.8,20.1,0.0,10.8,0,0,38.85,50.0,60.0,27.03
2024-06-13,B001C8MSP5,黄龙溪古镇,双流区,景区,3158,6.8,阴,3,34.5,24.1,0.0,10.2,0,0,38.85,50.0,60.0,26.08
2024-06-14,B001C8MSP5,黄龙溪古镇,双流区,景区,3571,7.71,阴,3,36.2,23.4,0.0,9.7,0,0,38.85,50.0,60.0,26.63
2024-06-15,B001C8MSP5,黄龙溪古镇,双流区,景区,3307,7.13,中毛毛雨,53,36.2,23.4,1.5,10.5,1,0,38.85,70.0,45.0,27.28
2024-06-16,B001C8MSP5,黄龙溪古镇,双流区,景区,3896,8.43,中毛毛雨,53,31.8,25.1,1.2,21.4,1,0,38.85,70.0,45.0,28.06
2024-06-17,B001C8MSP5,黄龙溪古镇,双流区,景区,4362,9.46,阴,3,33.7,22.1,0.0,12.4,0,0,38.85,50.0,60.0,27.68
2024-06-18,B001C8MSP5,黄龙溪古镇,双流区,景区,2646,5.67,小雨,61,31.4,23.1,5.9,15.5,0,0,38.85,50.0,40.0,21.4
2024-06-19,B001C8MSP5,黄龙溪古镇,双流区,景区,3044,6.55,中毛毛雨,53,31.5,23.4,2.2,9.1,0,0,38.85,50.0,45.0,22.93
2024-06-20,B001C8MSP5,黄龙溪古镇,双流区,景区,3355,7.23,小毛毛雨,51,31.8,22.3,1.8,17.8,0,0,38.85,50.0,55.0,25.34
2024-06-21,B001C8MSP5,黄龙溪古镇,双流区,景区,2807,6.02,中毛毛雨,53,31.3,23.5,1.7,16.7,0,0,38.85,50.0,45.0,22.61
2024-06-22,B001C8MSP5,黄龙溪古镇,双流区,景区,4630,10.05,阴,3,34.7,23.6,0.0,15.8,1,0,38.85,70.0,60.0,32.03
2024-06-23,B001C8MSP5,黄龙溪古镇,双流区,景区,4969,10.8,阴,3,31.5,22.7,0.0,10.3,1,0,38.85,70.0,60.0,32.48
2024-06-24,B001C8MSP5,黄龙溪古镇,双流区,景区,3053,6.57,阴,3,31.9,23.2,0.0,11.0,0,0,38.85,50.0,60.0,25.94
2024-06-25,B001C8MSP5,黄龙溪古镇,双流区,景区,3547,7.66,小毛毛雨,51,31.5,18.9,1.2,13.0,0,0,38.85,50.0,55.0,25.6
2024-06-26,B001C8MSP5,黄龙溪古镇,双流区,景区,2408,5.14,小雨,61,25.1,21.0,8.2,6.1,0,0,38.85,50.0,40.0,21.08
2024-06-27,B001C8MSP5,黄龙溪古镇,双流区,景区,2168,4.61,中雨,63,28.5,19.4,5.1,7.4,0,0,38.85,50.0,30.0,18.77
2024-06-28,B001C8MSP5,黄龙溪古镇,双流区,景区,4356,9.45,小毛毛雨,51,29.0,20.8,0.8,6.6,0,0,38.85,50.0,55.0,26.67
2024-06-29,B001C8MSP5,黄龙溪古镇,双流区,景区,5301,11.54,阴,3,30.5,22.0,0.0,11.8,1,0,38.85,70.0,60.0,32.92
2024-06-30,B001C8MSP5,黄龙溪古镇,双流区,景区,1918,4.06,中雨,63,33.5,22.7,13.1,17.1,1,0,38.85,70.0,30.0,22.44
2024-07-01,B001C8MSP5,黄龙溪古镇,双流区,景区,683,1.32,大雨,65,30.9,22.4,18.4,18.7,0,0,38.85,50.0,20.0,14.79
2024-07-02,B001C8MSP5,黄龙溪古镇,双流区,景区,4003,8.67,阴,3,32.2,22.5,0.0,14.8,0,0,38.85,50.0,60.0,27.2
2024-07-03,B001C8MSP5,黄龙溪古镇,双流区,景区,1777,3.74,中雨,63,30.0,22.0,4.7,12.3,0,0,38.85,50.0,30.0,18.24
2024-07-04,B001C8MSP5,黄龙溪古镇,双流区,景区,2567,5.49,小雨,61,30.2,21.8,3.2,6.5,0,0,38.85,50.0,40.0,21.29
2024-07-05,B001C8MSP5,黄龙溪古镇,双流区,景区,1720,3.62,大毛毛雨,55,31.9,22.8,1.2,7.4,0,0,38.85,50.0,35.0,19.17
2024-07-06,B001C8MSP5,黄龙溪古镇,双流区,景区,2943,6.32,大毛毛雨,55,31.8,23.4,5.2,13.6,1,0,38.85,70.0,35.0,24.79
2024-07-07,B001C8MSP5,黄龙溪古镇,双流区,景区,2218,4.72,大毛毛雨,55,32.5,24.5,3.4,17.7,1,0,38.85,70.0,35.0,23.83
2024-07-08,B001C8MSP5,黄龙溪古镇,双流区,景区,1150,2.36,中雨,63,28.9,24.0,18.7,19.1,0,0,38.85,50.0,30.0,17.42
2024-07-09,B001C8MSP5,黄龙溪古镇,双流区,景区,1981,4.2,小雨,61,29.1,23.9,18.1,15.5,0,0,38.85,50.0,40.0,20.52
2024-07-10,B001C8MSP5,黄龙溪古镇,双流区,景区,2425,5.18,小雨,61,28.1,23.9,9.5,11.0,0,0,38.85,50.0,40.0,21.11
2024-07-11,B001C8MSP5,黄龙溪古镇,双流区,景区,1927,4.08,大毛毛雨,55,32.2,23.1,2.3,6.6,0,0,38.85,50.0,35.0,19.45
2024-07-12,B001C8MSP5,黄龙溪古镇,双流区,景区,1258,2.6,中雨,63,32.1,24.2,8.8,15.5,0,0,38.85,50.0,30.0,17.56
2024-07-13,B001C8MSP5,黄龙溪古镇,双流区,景区,2552,5.46,中雨,63,29.3,24.1,9.8,16.1,1,0,38.85,70.0,30.0,23.28
2024-07-14,B001C8MSP5,黄龙溪古镇,双流区,景区,3009,6.47,小雨,61,27.5,23.1,2.5,20.0,1,0,38.85,70.0,40.0,25.88
2024-07-15,B001C8MSP5,黄龙溪古镇,双流区,景区,3451,7.45,小毛毛雨,51,31.0,22.7,0.6,12.3,0,0,38.85,50.0,55.0,25.47
2024-07-16,B001C8MSP5,黄龙溪古镇,双流区,景区,616,1.18,大雨,65,30.7,23.8,32.9,12.9,0,0,38.85,50.0,20.0,14.71
2024-07-17,B001C8MSP5,黄龙溪古镇,双流区,景区,971,1.96,中雨,63,27.7,24.0,37.1,17.3,0,0,38.85,50.0,30.0,17.18
2024-07-18,B001C8MSP5,黄龙溪古镇,双流区,景区,2431,5.19,小雨,61,31.0,23.4,7.1,10.2,0,0,38.85,50.0,40.0,21.11
2024-07-19,B001C8MSP5,黄龙溪古镇,双流区,景区,663,1.28,大雨,65,31.1,23.5,10.9,11.8,0,0,38.85,50.0,20.0,14.77
2024-07-20,B001C8MSP5,黄龙溪古镇,双流区,景区,859,1.71,大雨,65,30.8,24.3,37.1,14.5,1,0,38.85,70.0,20.0,19.03
2024-07-21,B001C8MSP5,黄龙溪古镇,双流区,景区,1886,3.99,中雨,63,29.9,24.3,12.9,10.2,1,0,38.85,70.0,30.0,22.39
2024-07-22,B001C8MSP5,黄龙溪古镇,双流区,景区,2621,5.61,小雨,61,31.8,24.0,8.1,10.6,0,0,38.85,50.0,40.0,21.37
2024-07-23,B001C8MSP5,黄龙溪古镇,双流区,景区,706,1.38,大雨,65,31.3,23.9,17.7,12.5,0,0,38.85,50.0,20.0,14.83
2024-07-24,B001C8MSP5,黄龙溪古镇,双流区,景区,1125,2.3,中雨,63,29.5,24.4,18.1,22.3,0,0,38.85,50.0,30.0,17.38
2024-07-25,B001C8MSP5,黄龙溪古镇,双流区,景区,3776,8.17,阴,3,33.0,23.8,0.0,9.1,0,0,38.85,50.0,60.0,26.9
2024-07-26,B001C8MSP5,黄龙溪古镇,双流区,景区,3179,6.84,小毛毛雨,51,33.7,23.4,0.2,13.4,0,0,38.85,50.0,55.0,25.1
2024-07-27,B001C8MSP5,黄龙溪古镇,双流区,景区,4831,10.5,小毛毛雨,51,30.1,24.8,0.2,13.4,1,0,38.85,70.0,55.0,31.3
2024-07-28,B001C8MSP5,黄龙溪古镇,双流区,景区,1710,3.6,中雨,63,26.2,23.2,16.6,13.3,1,0,38.85,70.0,30.0,22.16
2024-07-29,B001C8MSP5,黄龙溪古镇,双流区,景区,2850,6.12,小毛毛雨,51,31.1,22.2,0.6,12.2,0,0,38.85,50.0,55.0,24.67
2024-07-30,B001C8MSP5,黄龙溪古镇,双流区,景区,2826,6.06,阴,3,30.5,23.4,0.0,9.3,0,0,38.85,50.0,60.0,25.64
2024-07-31,B001C8MSP5,黄龙溪古镇,双流区,景区,4252,9.22,多云,2,32.6,23.4,0.0,8.7,0,0,38.85,50.0,80.0,31.53
2024-08-01,B001C8MSP5,黄龙溪古镇,双流区,景区,3448,7.44,晴间多云,1,33.5,23.6,0.0,9.7,0,0,38.85,50.0,90.0,32.46
2024-08-02,B001C8MSP5,黄龙溪古镇,双流区,景区,1740,3.66,大毛毛雨,55,33.3,24.2,2.9,20.1,0,0,38.85,50.0,35.0,19.2
2024-08-03,B001C8MSP5,黄龙溪古镇,双流区,景区,1363,2.83,中雨,63,30.8,23.9,18.6,14.7,1,0,38.85,70.0,30.0,21.7
2024-08-04,B001C8MSP5,黄龙溪古镇,双流区,景区,2438,5.21,小雨,61,31.7,23.4,4.7,10.1,1,0,38.85,70.0,40.0,25.13
2024-08-05,B001C8MSP5,黄龙溪古镇,双流区,景区,2300,4.9,小毛毛雨,51,33.2,23.5,0.1,9.4,0,0,38.85,50.0,55.0,23.94
2024-08-06,B001C8MSP5,黄龙溪古镇,双流区,景区,2589,5.54,中毛毛雨,53,32.7,24.5,1.1,12.1,0,0,38.85,50.0,45.0,22.32
2024-08-07,B001C8MSP5,黄龙溪古镇,双流区,景区,1332,2.76,中雨,63,31.6,23.9,7.6,14.8,0,0,38.85,50.0,30.0,17.66
2024-08-08,B001C8MSP5,黄龙溪古镇,双流区,景区,1801,3.8,小雨,61,32.7,23.5,2.7,14.8,0,0,38.85,50.0,40.0,20.28
2024-08-09,B001C8MSP5,黄龙溪古镇,双流区,景区,667,1.29,大雨,65,29.4,24.0,16.1,25.7,0,0,38.85,50.0,20.0,14.77
2024-08-10,B001C8MSP5,黄龙溪古镇,双流区,景区,2273,4.84,大毛毛雨,55,30.1,23.0,3.0,12.6,1,0,38.85,70.0,35.0,23.9
2024-08-11,B001C8MSP5,黄龙溪古镇,双流区,景区,3773,8.16,阴,3,34.3,22.7,0.0,8.2,1,0,38.85,70.0,60.0,30.9
2024-08-12,B001C8MSP5,黄龙溪古镇,双流区,景区,3764,8.14,晴,0,34.2,22.1,0.0,8.0,0,0,38.85,50.0,95.0,33.88
2024-08-13,B001C8MSP5,黄龙溪古镇,双流区,景区,4644,10.08,晴,0,34.9,23.1,0.0,7.1,0,0,38.85,50.0,95.0,35.05
2024-08-14,B001C8MSP5,黄龙溪古镇,双流区,景区,3227,6.95,阴,3,34.2,23.9,0.0,11.4,0,0,38.85,50.0,60.0,26.17
2024-08-15,B001C8MSP5,黄龙溪古镇,双流区,景区,3350,7.22,阴,3,30.4,23.8,0.0,22.9,0,0,38.85,50.0,60.0,26.33
2024-08-16,B001C8MSP5,黄龙溪古镇,双流区,景区,3462,7.47,阴,3,33.2,22.7,0.0,7.9,0,0,38.85,50.0,60.0,26.48
2024-08-17,B001C8MSP5,黄龙溪古镇,双流区,景区,4778,10.38,阴,3,32.5,23.5,0.0,7.9,1,0,38.85,70.0,60.0,32.23
2024-08-18,B001C8MSP5,黄龙溪古镇,双流区,景区,4306,9.34,小毛毛雨,51,32.8,23.2,0.1,10.7,1,0,38.85,70.0,55.0,30.6
2024-08-19,B001C8MSP5,黄龙溪古镇,双流区,景区,3846,8.32,晴间多云,1,34.7,23.4,0.0,9.3,0,0,38.85,50.0,90.0,32.99
2024-08-20,B001C8MSP5,黄龙溪古镇,双流区,景区,2754,5.9,小毛毛雨,51,35.0,23.9,0.4,11.9,0,0,38.85,50.0,55.0,24.54
2024-08-21,B001C8MSP5,黄龙溪古镇,双流区,景区,2742,5.88,多云,2,36.8,25.0,0.0,9.8,0,0,38.85,50.0,80.0,29.53
2024-08-22,B001C8MSP5,黄龙溪古镇,双流区,景区,2672,5.72,多云,2,37.6,27.5,0.0,14.0,0,0,38.85,50.0,80.0,29.43
2024-08-23,B001C8MSP5,黄龙溪古镇,双流区,景区,2310,4.92,中毛毛雨,53,38.8,25.1,0.6,17.8,0,0,38.85,50.0,45.0,21.95
2024-08-24,B001C8MSP5,黄龙溪古镇,双流区,景区,3796,8.21,小毛毛雨,51,38.8,25.6,0.1,14.0,1,0,38.85,70.0,55.0,29.93
2024-08-25,B001C8MSP5,黄龙溪古镇,双流区,景区,2882,6.19,小毛毛雨,51,38.5,26.4,0.1,10.9,1,0,38.85,70.0,55.0,28.71
2024-08-26,B001C8MSP5,黄龙溪古镇,双流区,景区,2328,4.96,阴,3,39.2,26.4,0.0,11.2,0,0,38.85,50.0,60.0,24.98
2024-08-27,B001C8MSP5,黄龙溪古镇,双流区,景区,2159,4.59,小毛毛雨,51,38.8,28.0,0.1,16.0,0,0,38.85,50.0,55.0,23.75
2024-08-28,B001C8MSP5,黄龙溪古镇,双流区,景区,2446,5.22,小毛毛雨,51,38.2,29.5,0.4,19.1,0,0,38.85,50.0,55.0,24.13
2024-08-29,B001C8MSP5,黄龙溪古镇,双流区,景区,1302,2.69,中雨,63,37.7,27.4,4.6,20.3,0,0,38.85,50.0,30.0,17.61
2024-08-30,B001C8MSP5,黄龙溪古镇,双流区,景区,957,1.93,中雨,63,35.7,25.9,16.0,20.0,0,0,38.85,50.0,30.0,17.16
2024-08-31,B001C8MSP5,黄龙溪古镇,双流区,景区,1696,3.57,中雨,63,34.1,24.7,12.2,14.8,1,0,38.85,70.0,30.0,22.14
2024-09-01,B001C8MSP5,黄龙溪古镇,双流区,景区,2870,6.16,中雨,63,34.5,23.8,7.4,11.0,1,0,38.85,70.0,30.0,23.7
2024-09-02,B001C8MSP5,黄龙溪古镇,双流区,景区,2154,4.58,大毛毛雨,55,35.8,24.6,2.7,13.7,0,0,38.85,50.0,35.0,19.75
2024-09-03,B001C8MSP5,黄龙溪古镇,双流区,景区,880,1.76,大雨,65,34.0,24.1,16.8,11.5,0,0,38.85,50.0,20.0,15.06
2024-09-04,B001C8MSP5,黄龙溪古镇,双流区,景区,1745,3.67,中雨,63,35.2,24.0,7.1,28.8,0,0,38.85,50.0,30.0,18.2
2024-09-05,B001C8MSP5,黄龙溪古镇,双流区,景区,5029,10.94,多云,2,34.2,23.7,0.0,18.6,0,0,38.85,50.0,80.0,32.56
2024-09-06,B001C8MSP5,黄龙溪古镇,双流区,景区,3478,7.51,中毛毛雨,53,33.0,24.2,3.3,18.6,0,0,38.85,50.0,45.0,23.51
2024-09-07,B001C8MSP5,黄龙溪古镇,双流区,景区,2140,4.55,中雨,63,31.9,22.9,6.9,13.5,1,0,38.85,70.0,30.0,22.73
2024-09-08,B001C8MSP5,黄龙溪古镇,双流区,景区,4147,8.99,小毛毛雨,51,33.2,23.2,0.5,9.9,1,0,38.85,70.0,55.0,30.39
2024-09-09,B001C8MSP5,黄龙溪古镇,双流区,景区,831,1.65,大雨,65,31.5,24.1,23.3,18.0,0,0,38.85,50.0,20.0,14.99
2024-09-10,B001C8MSP5,黄龙溪古镇,双流区,景区,984,1.99,大雨,65,31.9,23.0,18.1,15.5,0,0,38.85,50.0,20.0,15.19
2024-09-11,B001C8MSP5,黄龙溪古镇,双流区,景区,720,1.41,大雨,65,28.0,22.8,29.7,20.8,0,0,38.85,50.0,20.0,14.85
2024-09-12,B001C8MSP5,黄龙溪古镇,双流区,景区,1221,2.51,中雨,63,30.1,22.1,10.7,15.4,0,0,38.85,50.0,30.0,17.51
2024-09-13,B001C8MSP5,黄龙溪古镇,双流区,景区,3868,8.37,小毛毛雨,51,28.9,23.0,0.1,18.4,0,0,38.85,50.0,55.0,26.02
2024-09-14,B001C8MSP5,黄龙溪古镇,双流区,景区,1764,3.72,中雨,63,30.2,22.5,18.2,14.6,1,0,38.85,70.0,30.0,22.23
2024-09-15,B001C8MSP5,黄龙溪古镇,双流区,景区,1760,3.71,大雨,65,29.0,22.9,16.8,18.2,1,1,38.85,90.0,20.0,24.23
2024-09-16,B001C8MSP5,黄龙溪古镇,双流区,景区,7006,15.31,中毛毛雨,53,31.0,22.8,1.4,19.0,0,1,38.85,90.0,45.0,36.19
2024-09-17,B001C8MSP5,黄龙溪古镇,双流区,景区,6719,14.67,小毛毛雨,51,32.1,22.1,0.2,6.9,0,1,38.85,90.0,55.0,37.8
2024-09-18,B001C8MSP5,黄龙溪古镇,双流区,景区,6624,14.46,晴,0,32.5,23.0,0.0,7.6,0,0,38.85,50.0,95.0,37.68
2024-09-19,B001C8MSP5,黄龙溪古镇,双流区,景区,3886,8.41,小毛毛雨,51,33.1,23.5,0.2,11.4,0,0,38.85,50.0,55.0,26.05
2024-09-20,B001C8MSP5,黄龙溪古镇,双流区,景区,4434,9.62,小毛毛雨,51,32.8,24.0,0.2,23.4,0,0,38.85,50.0,55.0,26.77
2024-09-21,B001C8MSP5,黄龙溪古镇,双流区,景区,5408,11.77,阴,3,31.6,21.5,0.0,18.3,1,0,38.85,70.0,60.0,33.06
2024-09-22,B001C8MSP5,黄龙溪古镇,双流区,景区,6064,13.23,阴,3,30.5,20.5,0.0,16.2,1,0,38.85,70.0,60.0,33.94
2024-09-23,B001C8MSP5,黄龙溪古镇,双流区,景区,3146,6.77,小毛毛雨,51,28.4,22.8,0.9,10.4,0,0,38.85,50.0,55.0,25.06
2024-09-24,B001C8MSP5,黄龙溪古镇,双流区,景区,4516,9.8,阴,3,28.5,21.9,0.0,8.0,0,0,38.85,50.0,60.0,27.88
2024-09-25,B001C8MSP5,黄龙溪古镇,双流区,景区,4564,9.91,小毛毛雨,51,30.5,21.2,0.3,7.4,0,0,38.85,50.0,55.0,26.95
2024-09-26,B001C8MSP5,黄龙溪古镇,双流区,景区,3998,8.66,小毛毛雨,51,31.6,22.4,0.1,8.1,0,0,38.85,50.0,55.0,26.2
2024-09-27,B001C8MSP5,黄龙溪古镇,双流区,景区,3707,8.01,小毛毛雨,51,31.8,22.8,0.5,8.7,0,0,38.85,50.0,55.0,25.81
2024-09-28,B001C8MSP5,黄龙溪古镇,双流区,景区,2044,4.33,中雨,63,28.8,24.0,10.9,16.9,1,0,38.85,70.0,30.0,22.6
2024-09-29,B001C8MSP5,黄龙溪古镇,双流区,景区,2654,5.68,中雨,63,26.4,16.6,16.2,38.5,1,0,38.85,70.0,30.0,23.41
2024-09-30,B001C8MSP5,黄龙溪古镇,双流区,景区,3310,7.13,中毛毛雨,53,22.5,16.3,1.6,17.1,0,0,38.85,50.0,45.0,23.28
2024-10-01,B001C8MSP5,黄龙溪古镇,双流区,景区,14464,31.8,阴,3,22.7,17.5,0.0,5.9,0,1,38.85,90.0,60.0,49.08
2024-10-02,B001C8MSP5,黄龙溪古镇,双流区,景区,8573,18.77,阴,3,22.2,16.5,0.0,10.0,0,1,38.85,90.0,60.0,41.26
2024-10-03,B001C8MSP5,黄龙溪古镇,双流区,景区,5435,11.83,小雨,61,19.9,15.7,5.5,8.1,0,1,38.85,90.0,40.0,33.1
2024-10-04,B001C8MSP5,黄龙溪古镇,双流区,景区,7814,17.1,中毛毛雨,53,20.2,15.9,1.9,10.4,0,1,38.85,90.0,45.0,37.26
2024-10-05,B001C8MSP5,黄龙溪古镇,双流区,景区,4130,8.95,中雨,63,20.6,14.7,5.2,8.4,1,1,38.85,90.0,30.0,29.37
2024-10-06,B001C8MSP5,黄龙溪古镇,双流区,景区,6544,14.29,小雨,61,22.2,16.1,5.9,6.3,1,1,38.85,90.0,40.0,34.57
2024-10-07,B001C8MSP5,黄龙溪古镇,双流区,景区,7941,17.38,中毛毛雨,53,23.3,14.9,2.0,6.6,0,1,38.85,90.0,45.0,37.43
2024-10-08,B001C8MSP5,黄龙溪古镇,双流区,景区,4110,8.9,小毛毛雨,51,20.8,15.0,0.8,9.8,0,0,38.85,50.0,55.0,26.34
2024-10-09,B001C8MSP5,黄龙溪古镇,双流区,景区,4252,9.22,中毛毛雨,53,21.5,13.9,2.5,9.8,0,0,38.85,50.0,45.0,24.53
2024-10-10,B001C8MSP5,黄龙溪古镇,双流区,景区,4145,8.98,中毛毛雨,53,23.4,17.0,1.2,8.1,0,0,38.85,50.0,45.0,24.39
2024-10-11,B001C8MSP5,黄龙溪古镇,双流区,景区,4188,9.08,小雨,61,19.4,16.8,4.0,9.8,0,0,38.85,50.0,40.0,23.45
2024-10-12,B001C8MSP5,黄龙溪古镇,双流区,景区,6396,13.96,中毛毛雨,53,20.9,15.1,1.6,11.6,1,0,38.85,70.0,45.0,31.38
2024-10-13,B001C8MSP5,黄龙溪古镇,双流区,景区,4656,10.11,中毛毛雨,53,22.9,14.4,1.2,7.1,1,0,38.85,70.0,45.0,29.07
2024-10-14,B001C8MSP5,黄龙溪古镇,双流区,景区,5337,11.62,小毛毛雨,51,23.9,17.2,0.4,10.8,0,0,38.85,50.0,55.0,27.97
2024-10-15,B001C8MSP5,黄龙溪古镇,双流区,景区,5446,11.86,小毛毛雨,51,25.5,17.9,0.9,8.9,0,0,38.85,50.0,55.0,28.12
2024-10-16,B001C8MSP5,黄龙溪古镇,双流区,景区,3627,7.84,大毛毛雨,55,22.1,16.1,2.4,13.8,0,0,38.85,50.0,35.0,21.7
2024-10-17,B001C8MSP5,黄龙溪古镇,双流区,景区,3511,7.58,小雨,61,23.5,15.8,4.6,8.5,0,0,38.85,50.0,40.0,22.55
2024-10-18,B001C8MSP5,黄龙溪古镇,双流区,景区,3740,8.09,中毛毛雨,53,22.7,18.0,1.5,10.8,0,0,38.85,50.0,45.0,23.85
2024-10-19,B001C8MSP5,黄龙溪古镇,双流区,景区,4958,10.78,小雨,61,20.4,18.0,8.9,11.8,1,0,38.85,70.0,40.0,28.47
2024-10-20,B001C8MSP5,黄龙溪古镇,双流区,景区,6697,14.63,中毛毛雨,53,20.9,16.8,2.5,17.0,1,0,38.85,70.0,45.0,31.78
2024-10-21,B001C8MSP5,黄龙溪古镇,双流区,景区,5302,11.54,阴,3,21.6,13.6,0.0,20.9,0,0,38.85,50.0,60.0,28.92
2024-10-22,B001C8MSP5,黄龙溪古镇,双流区,景区,6005,13.09,阴,3,21.6,13.7,0.0,8.9,0,0,38.85,50.0,60.0,29.85
2024-10-23,B001C8MSP5,黄龙溪古镇,双流区,景区,6013,13.11,阴,3,23.2,12.9,0.0,12.3,0,0,38.85,50.0,60.0,29.87
2024-10-24,B001C8MSP5,黄龙溪古镇,双流区,景区,3316,7.15,中毛毛雨,53,20.5,15.6,6.2,9.0,0,0,38.85,50.0,45.0,23.29
2024-10-25,B001C8MSP5,黄龙溪古镇,双流区,景区,5632,12.27,小毛毛雨,51,22.9,16.8,0.1,9.8,0,0,38.85,50.0,55.0,28.36
2024-10-26,B001C8MSP5,黄龙溪古镇,双流区,景区,6243,13.62,中毛毛雨,53,18.9,15.1,2.1,12.3,1,0,38.85,70.0,45.0,31.17
2024-10-27,B001C8MSP5,黄龙溪古镇,双流区,景区,10538,23.12,多云,2,21.2,11.1,0.0,10.3,1,0,38.85,70.0,80.0,43.87
2024-10-28,B001C8MSP5,黄龙溪古镇,双流区,景区,4636,10.07,小毛毛雨,51,22.6,12.2,0.2,7.6,0,0,38.85,50.0,55.0,27.04
2024-10-29,B001C8MSP5,黄龙溪古镇,双流区,景区,3902,8.44,小毛毛雨,51,19.2,12.9,0.1,13.2,0,0,38.85,50.0,55.0,26.06
2024-10-30,B001C8MSP5,黄龙溪古镇,双流区,景区,5638,12.28,小毛毛雨,51,20.8,15.1,1.8,9.8,0,0,38.85,50.0,55.0,28.37
2024-10-31,B001C8MSP5,黄龙溪古镇,双流区,景区,4058,8.79,小毛毛雨,51,21.3,15.8,0.3,12.5,0,0,38.85,50.0,55.0,26.27
2024-11-01,B001C8MSP5,黄龙溪古镇,双流区,景区,3780,8.17,小毛毛雨,51,22.2,15.6,0.4,6.4,0,0,38.85,50.0,55.0,25.9
2024-11-02,B001C8MSP5,黄龙溪古镇,双流区,景区,8062,17.64,阴,3,22.5,12.6,0.0,8.3,1,0,38.85,70.0,60.0,36.58
2024-11-03,B001C8MSP5,黄龙溪古镇,双流区,景区,6069,13.24,小毛毛雨,51,19.0,15.4,0.6,8.1,1,0,38.85,70.0,55.0,32.94
2024-11-04,B001C8MSP5,黄龙溪古镇,双流区,景区,3991,8.64,小毛毛雨,51,19.9,13.4,0.8,11.9,0,0,38.85,50.0,55.0,26.18
2024-11-05,B001C8MSP5,黄龙溪古镇,双流区,景区,4205,9.11,阴,3,20.6,10.0,0.0,6.8,0,0,38.85,50.0,60.0,27.47
2024-11-06,B001C8MSP5,黄龙溪古镇,双流区,景区,3796,8.21,小毛毛雨,51,20.0,11.6,0.1,8.1,0,0,38.85,50.0,55.0,25.93
2024-11-07,B001C8MSP5,黄龙溪古镇,双流区,景区,4901,10.65,阴,3,19.6,12.4,0.0,5.2,0,0,38.85,50.0,60.0,28.39
2024-11-08,B001C8MSP5,黄龙溪古镇,双流区,景区,4486,9.74,小毛毛雨,51,19.9,12.6,0.5,6.0,0,0,38.85,50.0,55.0,26.84
2024-11-09,B001C8MSP5,黄龙溪古镇,双流区,景区,5388,11.73,中毛毛雨,53,17.5,13.6,3.6,12.5,1,0,38.85,70.0,45.0,30.04
2024-11-10,B001C8MSP5,黄龙溪古镇,双流区,景区,5360,11.67,小毛毛雨,51,17.9,14.4,2.9,10.4,1,0,38.85,70.0,55.0,32.0
2024-11-11,B001C8MSP5,黄龙溪古镇,双流区,景区,3354,7.23,小毛毛雨,51,17.6,14.1,0.3,8.8,0,0,38.85,50.0,55.0,25.34
2024-11-12,B001C8MSP5,黄龙溪古镇,双流区,景区,4156,9.01,小毛毛雨,51,19.7,14.6,0.4,10.4,0,0,38.85,50.0,55.0,26.41
2024-11-13,B001C8MSP5,黄龙溪古镇,双流区,景区,4477,9.72,阴,3,19.6,14.7,0.0,6.8,0,0,38.85,50.0,60.0,27.83
2024-11-14,B001C8MSP5,黄龙溪古镇,双流区,景区,5295,11.52,阴,3,20.5,12.6,0.0,6.2,0,0,38.85,50.0,60.0,28.91
2024-11-15,B001C8MSP5,黄龙溪古镇,双流区,景区,3832,8.29,小毛毛雨,51,19.5,15.2,0.1,10.3,0,0,38.85,50.0,55.0,25.97
2024-11-16,B001C8MSP5,黄龙溪古镇,双流区,景区,5200,11.31,阴,3,17.6,13.2,0.0,14.6,1,0,38.85,70.0,60.0,32.79
2024-11-17,B001C8MSP5,黄龙溪古镇,双流区,景区,5634,12.27,小毛毛雨,51,13.6,10.1,0.3,12.5,1,0,38.85,70.0,55.0,32.36
2024-11-18,B001C8MSP5,黄龙溪古镇,双流区,景区,3503,7.56,阴,3,13.6,9.4,0.0,10.2,0,0,38.85,50.0,60.0,26.54
2024-11-19,B001C8MSP5,黄龙溪古镇,双流区,景区,3088,6.64,小毛毛雨,51,12.1,9.1,0.1,9.3,0,0,38.85,50.0,55.0,24.98
2024-11-20,B001C8MSP5,黄龙溪古镇,双流区,景区,4502,9.77,阴,3,16.4,8.4,0.0,8.1,0,0,38.85,50.0,60.0,27.86
2024-11-21,B001C8MSP5,黄龙溪古镇,双流区,景区,3455,7.46,阴,3,16.4,10.1,0.0,7.0,0,0,38.85,50.0,60.0,26.48
2024-11-22,B001C8MSP5,黄龙溪古镇,双流区,景区,4704,10.22,阴,3,15.8,8.4,0.0,6.8,0,0,38.85,50.0,60.0,28.13
2024-11-23,B001C8MSP5,黄龙溪古镇,双流区,景区,5001,10.87,阴,3,15.4,11.1,0.0,7.0,1,0,38.85,70.0,60.0,32.52
2024-11-24,B001C8MSP5,黄龙溪古镇,双流区,景区,3643,7.87,大毛毛雨,55,12.7,9.2,6.0,20.0,1,0,38.85,70.0,35.0,25.72
2024-11-25,B001C8MSP5,黄龙溪古镇,双流区,景区,2990,6.43,小毛毛雨,51,11.6,6.9,0.3,23.0,0,0,38.85,50.0,55.0,24.86
2024-11-26,B001C8MSP5,黄龙溪古镇,双流区,景区,3359,7.24,阴,3,10.2,6.2,0.0,8.0,0,0,38.85,50.0,60.0,26.34
2024-11-27,B001C8MSP5,黄龙溪古镇,双流区,景区,4689,10.18,阴,3,13.4,6.7,0.0,6.7,0,0,38.85,50.0,60.0,28.11
2024-11-28,B001C8MSP5,黄龙溪古镇,双流区,景区,4176,9.05,阴,3,14.6,5.3,0.0,7.1,0,0,38.85,50.0,60.0,27.43
2024-11-29,B001C8MSP5,黄龙溪古镇,双流区,景区,4231,9.17,阴,3,14.5,4.0,0.0,6.5,0,0,38.85,50.0,60.0,27.5
2024-11-30,B001C8MSP5,黄龙溪古镇,双流区,景区,5746,12.52,阴,3,15.7,4.3,0.0,5.9,1,0,38.85,70.0,60.0,33.51
2024-12-01,B001C8MSP5,黄龙溪古镇,双流区,景区,5805,12.65,晴间多云,1,15.6,5.6,0.0,4.6,1,0,38.85,70.0,90.0,39.59
2024-12-02,B001C8MSP5,黄龙溪古镇,双流区,景区,3046,6.55,阴,3,14.1,6.3,0.0,9.8,0,0,38.85,50.0,60.0,25.93
2024-12-03,B001C8MSP5,黄龙溪古镇,双流区,景区,2887,6.2,阴,3,16.4,9.4,0.0,7.9,0,0,38.85,50.0,60.0,25.72
2024-12-04,B001C8MSP5,黄龙溪古镇,双流区,景区,3461,7.47,阴,3,13.8,10.1,0.0,8.5,0,0,38.85,50.0,60.0,26.48
2024-12-05,B001C8MSP5,黄龙溪古镇,双流区,景区,2514,5.37,阴,3,12.3,8.9,0.0,10.4,0,0,38.85,50.0,60.0,25.22
2024-12-06,B001C8MSP5,黄龙溪古镇,双流区,景区,2968,6.38,阴,3,12.8,7.9,0.0,8.7,0,0,38.85,50.0,60.0,25.83
2024-12-07,B001C8MSP5,黄龙溪古镇,双流区,景区,2350,5.01,中毛毛雨,53,10.2,7.3,3.0,16.6,1,0,38.85,70.0,45.0,26.01
2024-12-08,B001C8MSP5,黄龙溪古镇,双流区,景区,2031,4.31,中毛毛雨,53,8.3,6.4,3.9,11.8,1,0,38.85,70.0,45.0,25.59
2024-12-09,B001C8MSP5,黄龙溪古镇,双流区,景区,1548,3.24,中毛毛雨,53,8.1,5.7,4.8,13.8,0,0,38.85,50.0,45.0,20.94
2024-12-10,B001C8MSP5,黄龙溪古镇,双流区,景区,2383,5.08,小毛毛雨,51,9.7,5.1,0.1,8.2,0,0,38.85,50.0,55.0,24.05
2024-12-11,B001C8MSP5,黄龙溪古镇,双流区,景区,2779,5.96,阴,3,11.3,3.0,0.0,6.8,0,0,38.85,50.0,60.0,25.58
2024-12-12,B001C8MSP5,黄龙溪古镇,双流区,景区,2324,4.95,小毛毛雨,51,8.9,5.7,0.4,10.6,0,0,38.85,50.0,55.0,23.97
2024-12-13,B001C8MSP5,黄龙溪古镇,双流区,景区,2998,6.44,阴,3,6.6,4.2,0.0,13.4,0,0,38.85,50.0,60.0,25.86
2024-12-14,B001C8MSP5,黄龙溪古镇,双流区,景区,3181,6.85,阴,3,9.4,2.0,0.0,7.9,1,0,38.85,70.0,60.0,30.11
2024-12-15,B001C8MSP5,黄龙溪古镇,双流区,景区,3317,7.15,阴,3,10.4,1.0,0.0,5.6,1,0,38.85,70.0,60.0,30.29
2024-12-16,B001C8MSP5,黄龙溪古镇,双流区,景区,2999,6.45,阴,3,11.4,1.1,0.0,5.8,0,0,38.85,50.0,60.0,25.87
2024-12-17,B001C8MSP5,黄龙溪古镇,双流区,景区,2036,4.32,阴,3,11.5,3.0,0.0,4.9,0,0,38.85,50.0,60.0,24.59
2024-12-18,B001C8MSP5,黄龙溪古镇,双流区,景区,2672,5.72,小毛毛雨,51,10.1,1.5,0.4,7.9,0,0,38.85,50.0,55.0,24.43
2024-12-19,B001C8MSP5,黄龙溪古镇,双流区,景区,1838,3.88,小毛毛雨,51,9.9,3.7,0.1,9.2,0,0,38.85,50.0,55.0,23.33
2024-12-20,B001C8MSP5,黄龙溪古镇,双流区,景区,2601,5.57,小毛毛雨,51,10.4,5.9,0.1,8.7,0,0,38.85,50.0,55.0,24.34
2024-12-21,B001C8MSP5,黄龙溪古镇,双流区,景区,3075,6.61,中毛毛雨,53,9.6,4.7,1.1,4.6,1,0,38.85,70.0,45.0,26.97
2024-12-22,B001C8MSP5,黄龙溪古镇,双流区,景区,3021,6.5,小毛毛雨,51,7.7,5.0,2.1,9.8,1,0,38.85,70.0,55.0,28.9
2024-12-23,B001C8MSP5,黄龙溪古镇,双流区,景区,2671,5.72,小毛毛雨,51,7.9,5.3,1.2,11.5,0,0,38.85,50.0,55.0,24.43
2024-12-24,B001C8MSP5,黄龙溪古镇,双流区,景区,2270,4.83,小毛毛雨,51,10.1,4.3,0.7,11.6,0,0,38.85,50.0,55.0,23.9
2024-12-25,B001C8MSP5,黄龙溪古镇,双流区,景区,2661,5.7,阴,3,9.6,5.1,0.0,6.0,0,0,38.85,50.0,60.0,25.42
2024-12-26,B001C8MSP5,黄龙溪古镇,双流区,景区,2728,5.85,阴,3,12.6,3.0,0.0,3.6,0,0,38.85,50.0,60.0,25.51
2024-12-27,B001C8MSP5,黄龙溪古镇,双流区,景区,2208,4.7,小毛毛雨,51,8.1,5.9,1.2,12.6,0,0,38.85,50.0,55.0,23.82
2024-12-28,B001C8MSP5,黄龙溪古镇,双流区,景区,3729,8.06,阴,3,10.9,3.5,0.0,5.3,1,0,38.85,70.0,60.0,30.84
2024-12-29,B001C8MSP5,黄龙溪古镇,双流区,景区,3064,6.59,阴,3,6.5,4.8,0.0,10.1,1,0,38.85,70.0,60.0,29.95
2024-12-30,B001C8MSP5,黄龙溪古镇,双流区,景区,2309,4.92,阴,3,12.9,3.1,0.0,5.5,0,0,38.85,50.0,60.0,24.95
2024-12-31,B001C8MSP5,黄龙溪古镇,双流区,景区,2986,6.42,阴,3,13.4,4.2,0.0,7.0,0,0,38.85,50.0,60.0,25.85
2025-01-01,B001C8MSP5,黄龙溪古镇,双流区,景区,6944,15.17,晴间多云,1,12.0,2.3,0.0,7.8,0,1,38.85,90.0,90.0,45.1
2025-01-02,B001C8MSP5,黄龙溪古镇,双流区,景区,2200,4.68,小毛毛雨,51,14.3,2.1,0.2,8.3,0,0,38.85,50.0,55.0,23.81
2025-01-03,B001C8MSP5,黄龙溪古镇,双流区,景区,2151,4.57,阴,3,14.1,2.7,0.0,12.8,0,0,38.85,50.0,60.0,24.74
2025-01-04,B001C8MSP5,黄龙溪古镇,双流区,景区,2767,5.93,小毛毛雨,51,13.6,3.5,0.2,11.2,1,0,38.85,70.0,55.0,28.56
2025-01-05,B001C8MSP5,黄龙溪古镇,双流区,景区,3345,7.21,阴,3,12.0,2.0,0.0,10.2,1,0,38.85,70.0,60.0,30.33
2025-01-06,B001C8MSP5,黄龙溪古镇,双流区,景区,1963,4.16,阴,3,12.6,2.2,0.0,7.7,0,0,38.85,50.0,60.0,24.5
2025-01-07,B001C8MSP5,黄龙溪古镇,双流区,景区,2029,4.3,中毛毛雨,53,7.8,5.4,2.3,11.0,0,0,38.85,50.0,45.0,21.58
2025-01-08,B001C8MSP5,黄龙溪古镇,双流区,景区,2507,5.36,小毛毛雨,51,10.1,4.8,0.2,7.6,0,0,38.85,50.0,55.0,24.22
2025-01-09,B001C8MSP5,黄龙溪古镇,双流区,景区,2266,4.83,小毛毛雨,51,10.9,2.3,0.4,6.3,0,0,38.85,50.0,55.0,23.9
2025-01-10,B001C8MSP5,黄龙溪古镇,双流区,景区,1730,3.64,中毛毛雨,53,7.5,5.2,3.4,10.1,0,0,38.85,50.0,45.0,21.18
2025-01-11,B001C8MSP5,黄龙溪古镇,双流区,景区,3218,6.93,小毛毛雨,51,11.4,1.5,0.5,9.9,1,0,38.85,70.0,55.0,29.16
2025-01-12,B001C8MSP5,黄龙溪古镇,双流区,景区,2245,4.78,阴,3,9.1,0.0,0.0,7.5,1,0,38.85,70.0,60.0,28.87
2025-01-13,B001C8MSP5,黄龙溪古镇,双流区,景区,1986,4.21,中毛毛雨,53,12.4,3.0,2.7,6.7,0,0,38.85,50.0,45.0,21.53
2025-01-14,B001C8MSP5,黄龙溪古镇,双流区,景区,2370,5.06,小毛毛雨,51,12.6,6.3,1.3,6.3,0,0,38.85,50.0,55.0,24.04
2025-01-15,B001C8MSP5,黄龙溪古镇,双流区,景区,2477,5.29,小毛毛雨,51,10.4,4.4,0.4,11.5,0,0,38.85,50.0,55.0,24.17
2025-01-16,B001C8MSP5,黄龙溪古镇,双流区,景区,2575,5.51,阴,3,11.8,4.8,0.0,10.1,0,0,38.85,50.0,60.0,25.31
2025-01-17,B001C8MSP5,黄龙溪古镇,双流区,景区,2194,4.67,小毛毛雨,51,9.6,6.6,0.1,10.7,0,0,38.85,50.0,55.0,23.8
2025-01-18,B001C8MSP5,黄龙溪古镇,双流区,景区,3407,7.35,小毛毛雨,51,13.6,4.2,0.1,9.8,1,0,38.85,70.0,55.0,29.41
2025-01-19,B001C8MSP5,黄龙溪古镇,双流区,景区,2846,6.11,阴,3,13.1,3.4,0.0,8.6,1,0,38.85,70.0,60.0,29.67
2025-01-20,B001C8MSP5,黄龙溪古镇,双流区,景区,1914,4.05,阴,3,15.4,4.0,0.0,6.1,0,0,38.85,50.0,60.0,24.43
2025-01-21,B001C8MSP5,黄龙溪古镇,双流区,景区,2245,4.78,阴,3,14.8,4.8,0.0,7.6,0,0,38.85,50.0,60.0,24.87
2025-01-22,B001C8MSP5,黄龙溪古镇,双流区,景区,2655,5.69,阴,3,12.9,6.7,0.0,6.9,0,0,38.85,50.0,60.0,25.41
2025-01-23,B001C8MSP5,黄龙溪古镇,双流区,景区,3320,7.16,阴,3,13.6,7.6,0.0,9.3,0,0,38.85,50.0,60.0,26.3
2025-01-24,B001C8MSP5,黄龙溪古镇,双流区,景区,1806,3.81,小毛毛雨,51,11.1,8.6,2.4,12.4,0,0,38.85,50.0,55.0,23.29
2025-01-25,B001C8MSP5,黄龙溪古镇,双流区,景区,2305,4.91,中毛毛雨,53,9.6,6.5,2.6,22.7,1,0,38.85,70.0,45.0,25.95
2025-01-26,B001C8MSP5,黄龙溪古镇,双流区,景区,4011,8.68,阴,3,9.9,2.7,0.0,9.4,1,0,38.85,70.0,60.0,31.21
2025-01-27,B001C8MSP5,黄龙溪古镇,双流区,景区,2050,4.35,阴,3,6.7,-1.0,0.0,9.5,0,0,38.85,50.0,60.0,24.61
2025-01-28,B001C8MSP5,黄龙溪古镇,双流区,景区,4641,10.08,阴,3,10.8,-0.4,0.0,6.6,0,1,38.85,90.0,60.0,36.05
2025-01-29,B001C8MSP5,黄龙溪古镇,双流区,景区,3762,8.13,阴,3,12.4,0.2,0.0,5.6,0,1,38.85,90.0,60.0,34.88
2025-01-30,B001C8MSP5,黄龙溪古镇,双流区,景区,5273,11.48,小毛毛雨,51,9.5,5.8,0.7,7.8,0,1,38.85,90.0,55.0,35.89
2025-01-31,B001C8MSP5,黄龙溪古镇,双流区,景区,4702,10.21,中毛毛雨,53,11.4,5.7,1.3,13.9,0,1,38.85,90.0,45.0,33.13
2025-02-01,B001C8MSP5,黄龙溪古镇,双流区,景区,5176,11.26,小毛毛雨,51,9.5,5.9,0.5,11.1,1,1,38.85,90.0,55.0,35.76
2025-02-02,B001C8MSP5,黄龙溪古镇,双流区,景区,5826,12.7,小毛毛雨,51,11.6,6.1,0.1,10.8,1,1,38.85,90.0,55.0,36.62
2025-02-03,B001C8MSP5,黄龙溪古镇,双流区,景区,4771,10.37,阴,3,13.1,6.1,0.0,10.4,0,1,38.85,90.0,60.0,36.22
2025-02-04,B001C8MSP5,黄龙溪古镇,双流区,景区,4955,10.77,小毛毛雨,51,12.7,2.8,0.1,9.0,0,1,38.85,90.0,55.0,35.46
2025-02-05,B001C8MSP5,黄龙溪古镇,双流区,景区,2345,5.0,小毛毛雨,51,9.0,6.3,0.6,11.4,0,0,38.85,50.0,55.0,24.0
2025-02-06,B001C8MSP5,黄龙溪古镇,双流区,景区,2005,4.25,小毛毛雨,51,8.2,5.1,1.8,12.0,0,0,38.85,50.0,55.0,23.55
2025-02-07,B001C8MSP5,黄龙溪古镇,双流区,景区,1953,4.13,中毛毛雨,53,7.5,4.8,2.3,13.4,0,0,38.85,50.0,45.0,21.48
2025-02-08,B001C8MSP5,黄龙溪古镇,双流区,景区,2454,5.24,中毛毛雨,53,8.6,3.0,5.6,15.5,1,0,38.85,70.0,45.0,26.14
2025-02-09,B001C8MSP5,黄龙溪古镇,双流区,景区,2583,5.53,中毛毛雨,53,8.7,4.4,4.2,7.3,1,0,38.85,70.0,45.0,26.32
2025-02-10,B001C8MSP5,黄龙溪古镇,双流区,景区,2267,4.83,小毛毛雨,51,11.3,2.0,0.2,6.0,0,0,38.85,50.0,55.0,23.9
2025-02-11,B001C8MSP5,黄龙溪古镇,双流区,景区,2806,6.02,阴,3,11.1,4.7,0.0,8.8,0,0,38.85,50.0,60.0,25.61
2025-02-12,B001C8MSP5,黄龙溪古镇,双流区,景区,1842,3.89,中毛毛雨,53,10.7,5.5,1.3,16.4,0,0,38.85,50.0,45.0,21.33
2025-02-13,B001C8MSP5,黄龙溪古镇,双流区,景区,2887,6.2,阴,3,10.0,4.9,0.0,10.7,0,0,38.85,50.0,60.0,25.72
2025-02-14,B001C8MSP5,黄龙溪古镇,双流区,景区,2296,4.89,小毛毛雨,51,10.0,4.2,0.2,7.1,0,0,38.85,50.0,55.0,23.93
2025-02-15,B001C8MSP5,黄龙溪古镇,双流区,景区,2969,6.38,中毛毛雨,53,13.1,3.7,2.3,7.6,1,0,38.85,70.0,45.0,26.83
2025-02-16,B001C8MSP5,黄龙溪古镇,双流区,景区,2651,5.68,小毛毛雨,51,12.6,6.7,0.6,7.3,1,0,38.85,70.0,55.0,28.41
2025-02-17,B001C8MSP5,黄龙溪古镇,双流区,景区,2416,5.16,阴,3,14.2,7.4,0.0,7.1,0,0,38.85,50.0,60.0,25.1
2025-02-18,B001C8MSP5,黄龙溪古镇,双流区,景区,2369,5.05,中毛毛雨,53,11.6,8.4,5.0,7.3,0,0,38.85,50.0,45.0,22.03
2025-02-19,B001C8MSP5,黄龙溪古镇,双流区,景区,1915,4.05,中毛毛雨,53,10.1,7.3,2.8,7.6,0,0,38.85,50.0,45.0,21.43
2025-02-20,B001C8MSP5,黄龙溪古镇,双流区,景区,1977,4.19,中毛毛雨,53,11.9,7.2,2.1,10.8,0,0,38.85,50.0,45.0,21.51
2025-02-21,B001C8MSP5,黄龙溪古镇,双流区,景区,1618,3.39,中毛毛雨,53,9.9,7.2,3.6,8.8,0,0,38.85,50.0,45.0,21.03
2025-02-22,B001C8MSP5,黄龙溪古镇,双流区,景区,1954,4.14,中毛毛雨,53,8.9,7.4,5.2,13.4,1,0,38.85,70.0,45.0,25.48
2025-02-23,B001C8MSP5,黄龙溪古镇,双流区,景区,3192,6.87,小毛毛雨,51,8.7,5.9,1.1,11.0,1,0,38.85,70.0,55.0,29.12
2025-02-24,B001C8MSP5,黄龙溪古镇,双流区,景区,1749,3.68,中毛毛雨,53,8.5,5.2,1.6,11.9,0,0,38.85,50.0,45.0,21.21
2025-02-25,B001C8MSP5,黄龙溪古镇,双流区,景区,2193,4.66,小毛毛雨,51,14.1,3.5,0.1,9.9,0,0,38.85,50.0,55.0,23.8
2025-02-26,B001C8MSP5,黄龙溪古镇,双流区,景区,2613,5.59,小毛毛雨,51,14.1,4.4,0.5,10.0,0,0,38.85,50.0,55.0,24.35
2025-02-27,B001C8MSP5,黄龙溪古镇,双流区,景区,2796,6.0,阴,3,14.1,7.3,0.0,8.3,0,0,38.85,50.0,60.0,25.6
2025-02-28,B001C8MSP5,黄龙溪古镇,双流区,景区,2993,6.43,阴,3,18.2,4.7,0.0,6.1,0,0,38.85,50.0,60.0,25.86
2025-03-01,B001C8MSP5,黄龙溪古镇,双流区,景区,4403,9.55,中毛毛雨,53,16.8,6.3,0.7,8.5,1,0,38.85,70.0,45.0,28.73
2025-03-02,B001C8MSP5,黄龙溪古镇,双流区,景区,5142,11.19,中毛毛雨,53,19.1,9.8,1.8,12.6,1,0,38.85,70.0,45.0,29.71
2025-03-03,B001C8MSP5,黄龙溪古镇,双流区,景区,3720,8.04,中毛毛雨,53,18.2,9.1,1.6,12.6,0,0,38.85,50.0,45.0,23.82
2025-03-04,B001C8MSP5,黄龙溪古镇,双流区,景区,2500,5.34,小雨,61,14.6,9.1,3.7,10.6,0,0,38.85,50.0,40.0,21.2
2025-03-05,B001C8MSP5,黄龙溪古镇,双流区,景区,2130,4.52,大毛毛雨,55,11.1,9.2,10.2,13.8,0,0,38.85,50.0,35.0,19.71
2025-03-06,B001C8MSP5,黄龙溪古镇,双流区,景区,2672,5.72,中毛毛雨,53,9.9,7.4,3.4,11.5,0,0,38.85,50.0,45.0,22.43
2025-03-07,B001C8MSP5,黄龙溪古镇,双流区,景区,2421,5.17,中毛毛雨,53,11.1,4.8,2.3,5.9,0,0,38.85,50.0,45.0,22.1
2025-03-08,B001C8MSP5,黄龙溪古镇,双流区,景区,5473,11.92,小毛毛雨,51,12.4,6.1,1.6,6.3,1,0,38.85,70.0,55.0,32.15
2025-03-09,B001C8MSP5,黄龙溪古镇,双流区,景区,5056,11.0,小毛毛雨,51,13.8,6.4,0.4,5.9,1,0,38.85,70.0,55.0,31.6
2025-03-10,B001C8MSP5,黄龙溪古镇,双流区,景区,4088,8.86,小毛毛雨,51,15.4,7.4,0.2,6.6,0,0,38.85,50.0,55.0,26.32
2025-03-11,B001C8MSP5,黄龙溪古镇,双流区,景区,3477,7.5,小毛毛雨,51,16.8,10.2,0.3,10.9,0,0,38.85,50.0,55.0,25.5
2025-03-12,B001C8MSP5,黄龙溪古镇,双流区,景区,3222,6.94,小毛毛雨,51,17.9,11.4,0.2,14.6,0,0,38.85,50.0,55.0,25.16
2025-03-13,B001C8MSP5,黄龙溪古镇,双流区,景区,3305,7.12,小毛毛雨,51,16.1,8.9,0.5,7.2,0,0,38.85,50.0,55.0,25.27
2025-03-14,B001C8MSP5,黄龙溪古镇,双流区,景区,2478,5.29,小雨,61,18.2,10.6,6.0,10.8,0,0,38.85,50.0,40.0,21.17
2025-03-15,B001C8MSP5,黄龙溪古镇,双流区,景区,2761,5.92,大毛毛雨,55,13.1,10.2,4.4,15.7,1,0,38.85,70.0,35.0,24.55
2025-03-16,B001C8MSP5,黄龙溪古镇,双流区,景区,2570,5.5,小雪,71,10.9,5.7,1.2,12.8,1,0,38.85,70.0,50.0,27.3
2025-03-17,B001C8MSP5,黄龙溪古镇,双流区,景区,2515,5.38,中毛毛雨,53,8.4,3.1,2.1,8.2,0,0,38.85,50.0,45.0,22.23
2025-03-18,B001C8MSP5,黄龙溪古镇,双流区,景区,3822,8.27,小毛毛雨,51,12.4,5.0,0.1,9.6,0,0,38.85,50.0,55.0,25.96
2025-03-19,B001C8MSP5,黄龙溪古镇,双流区,景区,4320,9.37,阴,3,15.6,4.4,0.0,8.5,0,0,38.85,50.0,60.0,27.62
2025-03-20,B001C8MSP5,黄龙溪古镇,双流区,景区,4659,10.12,阴,3,17.0,5.4,0.0,7.1,0,0,38.85,50.0,60.0,28.07
2025-03-21,B001C8MSP5,黄龙溪古镇,双流区,景区,3372,7.27,小毛毛雨,51,19.4,5.0,0.1,6.2,0,0,38.85,50.0,55.0,25.36
2025-03-22,B001C8MSP5,黄龙溪古镇,双流区,景区,4770,10.36,阴,3,18.6,8.1,0.0,6.0,1,0,38.85,70.0,60.0,32.22
2025-03-23,B001C8MSP5,黄龙溪古镇,双流区,景区,5190,11.29,小毛毛雨,51,22.0,10.4,0.2,11.1,1,0,38.85,70.0,55.0,31.77
2025-03-24,B001C8MSP5,黄龙溪古镇,双流区,景区,4182,9.06,阴,3,24.1,9.5,0.0,10.8,0,0,38.85,50.0,60.0,27.44
2025-03-25,B001C8MSP5,黄龙溪古镇,双流区,景区,5796,12.63,晴,0,27.0,9.6,0.0,9.9,0,0,38.85,50.0,95.0,36.58
2025-03-26,B001C8MSP5,黄龙溪古镇,双流区,景区,5884,12.83,晴,0,30.1,12.2,0.0,9.4,0,0,38.85,50.0,95.0,36.7
2025-03-27,B001C8MSP5,黄龙溪古镇,双流区,景区,4727,10.27,阴,3,26.6,15.8,0.0,26.6,0,0,38.85,50.0,60.0,28.16
2025-03-28,B001C8MSP5,黄龙溪古镇,双流区,景区,3425,7.39,小毛毛雨,51,13.7,8.5,0.3,25.7,0,0,38.85,50.0,55.0,25.43
2025-03-29,B001C8MSP5,黄龙溪古镇,双流区,景区,5102,11.1,阴,3,11.5,6.7,0.0,13.9,1,0,38.85,70.0,60.0,32.66
2025-03-30,B001C8MSP5,黄龙溪古镇,双流区,景区,1693,3.56,中雪,73,12.6,4.8,6.2,6.9,1,0,38.85,70.0,50.0,26.14
2025-03-31,B001C8MSP5,黄龙溪古镇,双流区,景区,2770,5.94,小雨,61,9.8,6.8,5.1,8.2,0,0,38.85,50.0,40.0,21.56
2025-04-01,B001C8MSP5,黄龙溪古镇,双流区,景区,3616,7.81,中毛毛雨,53,14.5,6.8,2.1,8.7,0,0,38.85,50.0,45.0,23.69
2025-04-02,B001C8MSP5,黄龙溪古镇,双流区,景区,2864,6.15,中毛毛雨,53,19.5,7.1,1.5,7.4,0,0,38.85,50.0,45.0,22.69
2025-04-03,B001C8MSP5,黄龙溪古镇,双流区,景区,4015,8.69,小雨,61,21.4,10.9,3.5,5.8,0,0,38.85,50.0,40.0,23.21
2025-04-04,B001C8MSP5,黄龙溪古镇,双流区,景区,8679,19.01,小毛毛雨,51,22.1,12.1,0.6,9.4,0,1,38.85,90.0,55.0,40.41
2025-04-05,B001C8MSP5,黄龙溪古镇,双流区,景区,10133,22.22,小毛毛雨,51,21.0,12.8,1.1,11.9,1,1,38.85,90.0,55.0,42.33
2025-04-06,B001C8MSP5,黄龙溪古镇,双流区,景区,8847,19.38,小毛毛雨,51,21.2,12.5,0.1,9.1,1,1,38.85,90.0,55.0,40.63
2025-04-07,B001C8MSP5,黄龙溪古镇,双流区,景区,4630,10.05,阴,3,24.4,10.6,0.0,8.9,0,0,38.85,50.0,60.0,28.03
2025-04-08,B001C8MSP5,黄龙溪古镇,双流区,景区,4968,10.8,阴,3,28.4,13.6,0.0,10.8,0,0,38.85,50.0,60.0,28.48
2025-04-09,B001C8MSP5,黄龙溪古镇,双流区,景区,4628,10.05,小毛毛雨,51,29.6,15.9,0.3,9.6,0,0,38.85,50.0,55.0,27.03
2025-04-10,B001C8MSP5,黄龙溪古镇,双流区,景区,4988,10.85,阴,3,31.4,19.3,0.0,11.3,0,0,38.85,50.0,60.0,28.51
2025-04-11,B001C8MSP5,黄龙溪古镇,双流区,景区,3310,7.13,小雨,61,27.2,18.6,6.5,25.5,0,0,38.85,50.0,40.0,22.28
2025-04-12,B001C8MSP5,黄龙溪古镇,双流区,景区,4049,8.77,大毛毛雨,55,17.8,12.1,9.0,15.5,1,0,38.85,70.0,35.0,26.26
2025-04-13,B001C8MSP5,黄龙溪古镇,双流区,景区,6171,13.46,阴,3,25.9,11.6,0.0,8.7,1,0,38.85,70.0,60.0,34.08
2025-04-14,B001C8MSP5,黄龙溪古镇,双流区,景区,5686,12.39,阴,3,26.6,11.9,0.0,6.2,0,0,38.85,50.0,60.0,29.43
2025-04-15,B001C8MSP5,黄龙溪古镇,双流区,景区,6067,13.23,阴,3,29.3,15.9,0.0,8.3,0,0,38.85,50.0,60.0,29.94
2025-04-16,B001C8MSP5,黄龙溪古镇,双流区,景区,4679,10.16,小毛毛雨,51,29.4,15.4,0.1,8.3,0,0,38.85,50.0,55.0,27.1
2025-04-17,B001C8MSP5,黄龙溪古镇,双流区,景区,5306,11.55,阴,3,32.5,16.8,0.0,12.8,0,0,38.85,50.0,60.0,28.93
2025-04-18,B001C8MSP5,黄龙溪古镇,双流区,景区,3568,7.71,小毛毛雨,51,34.4,20.3,0.2,20.8,0,0,38.85,50.0,55.0,25.63
2025-04-19,B001C8MSP5,黄龙溪古镇,双流区,景区,6704,14.64,阴,3,35.0,20.0,0.0,15.1,1,0,38.85,70.0,60.0,34.78
2025-04-20,B001C8MSP5,黄龙溪古镇,双流区,景区,4210,9.13,中毛毛雨,53,33.5,21.9,1.0,9.2,1,0,38.85,70.0,45.0,28.48
2025-04-21,B001C8MSP5,黄龙溪古镇,双流区,景区,3271,7.05,中毛毛雨,53,29.5,21.0,0.8,28.1,0,0,38.85,50.0,45.0,23.23
2025-04-22,B001C8MSP5,黄龙溪古镇,双流区,景区,1881,3.97,中雨,63,28.9,16.6,3.1,15.1,0,0,38.85,50.0,30.0,18.38
2025-04-23,B001C8MSP5,黄龙溪古镇,双流区,景区,3514,7.59,中毛毛雨,53,22.5,14.4,1.5,9.8,0,0,38.85,50.0,45.0,23.55
2025-04-24,B001C8MSP5,黄龙溪古镇,双流区,景区,3347,7.22,中毛毛雨,53,23.7,15.7,2.9,10.4,0,0,38.85,50.0,45.0,23.33
2025-04-25,B001C8MSP5,黄龙溪古镇,双流区,景区,2710,5.81,大毛毛雨,55,22.1,15.8,3.9,9.6,0,0,38.85,50.0,35.0,20.49
2025-04-26,B001C8MSP5,黄龙溪古镇,双流区,景区,5347,11.64,小雨,61,21.0,15.5,4.0,8.9,1,0,38.85,70.0,40.0,28.98
2025-04-27,B001C8MSP5,黄龙溪古镇,双流区,景区,7965,17.43,阴,3,26.5,13.6,0.0,5.6,1,0,38.85,70.0,60.0,36.46
2025-04-28,B001C8MSP5,黄龙溪古镇,双流区,景区,5196,11.31,小毛毛雨,51,26.4,17.7,0.7,14.8,0,0,38.85,50.0,55.0,27.79
2025-04-29,B001C8MSP5,黄龙溪古镇,双流区,景区,3491,7.53,小雨,61,20.1,16.3,6.9,9.2,0,0,38.85,50.0,40.0,22.52
2025-04-30,B001C8MSP5,黄龙溪古镇,双流区,景区,4373,9.49,阴,3,26.1,15.1,0.0,10.6,0,0,38.85,50.0,60.0,27.69
2025-05-01,B001C8MSP5,黄龙溪古镇,双流区,景区,10747,23.58,阴,3,30.8,15.4,0.0,10.8,0,1,38.85,90.0,60.0,44.15
2025-05-02,B001C8MSP5,黄龙溪古镇,双流区,景区,10611,23.28,阴,3,31.4,17.6,0.0,7.7,0,1,38.85,90.0,60.0,43.97
2025-05-03,B001C8MSP5,黄龙溪古镇,双流区,景区,7771,17.0,阴,3,33.4,20.6,0.0,8.1,1,1,38.85,90.0,60.0,40.2
2025-05-04,B001C8MSP5,黄龙溪古镇,双流区,景区,3510,7.58,中雨,63,29.7,19.5,12.5,24.9,1,1,38.85,90.0,30.0,28.55
2025-05-05,B001C8MSP5,黄龙溪古镇,双流区,景区,4386,9.51,中雨,63,27.0,14.5,6.2,24.0,0,1,38.85,90.0,30.0,29.71
2025-05-06,B001C8MSP5,黄龙溪古镇,双流区,景区,5331,11.6,小毛毛雨,51,27.0,18.4,0.1,12.0,0,0,38.85,50.0,55.0,27.96
2025-05-07,B001C8MSP5,黄龙溪古镇,双流区,景区,3780,8.17,中毛毛雨,53,26.2,15.1,2.6,13.1,0,0,38.85,50.0,45.0,23.9
2025-05-08,B001C8MSP5,黄龙溪古镇,双流区,景区,1997,4.23,中雨,63,28.4,16.0,7.3,12.2,0,0,38.85,50.0,30.0,18.54
2025-05-09,B001C8MSP5,黄龙溪古镇,双流区,景区,4221,9.15,阴,3,25.6,18.0,0.0,18.1,0,0,38.85,50.0,60.0,27.49
2025-05-10,B001C8MSP5,黄龙溪古镇,双流区,景区,4335,9.4,中毛毛雨,53,25.5,16.1,0.7,15.1,1,0,38.85,70.0,45.0,28.64
2025-05-11,B001C8MSP5,黄龙溪古镇,双流区,景区,7800,17.06,晴间多云,1,28.5,13.4,0.0,12.3,1,0,38.85,70.0,90.0,42.24
2025-05-12,B001C8MSP5,黄龙溪古镇,双流区,景区,4589,9.96,阴,3,31.6,15.6,0.0,15.1,0,0,38.85,50.0,60.0,27.98
2025-05-13,B001C8MSP5,黄龙溪古镇,双流区,景区,3968,8.59,阴,3,33.0,22.6,0.0,15.6,0,0,38.85,50.0,60.0,27.15
2025-05-14,B001C8MSP5,黄龙溪古镇,双流区,景区,5289,11.51,阴,3,30.0,23.0,0.0,13.0,0,0,38.85,50.0,60.0,28.91
2025-05-15,B001C8MSP5,黄龙溪古镇,双流区,景区,3798,8.21,阴,3,31.8,21.6,0.0,11.5,0,0,38.85,50.0,60.0,26.93
2025-05-16,B001C8MSP5,黄龙溪古镇,双流区,景区,4507,9.78,小毛毛雨,51,27.0,21.0,0.2,7.9,0,0,38.85,50.0,55.0,26.87
2025-05-17,B001C8MSP5,黄龙溪古镇,双流区,景区,8278,18.12,阴,3,28.4,20.7,0.0,8.4,1,0,38.85,70.0,60.0,36.87
2025-05-18,B001C8MSP5,黄龙溪古镇,双流区,景区,5789,12.62,阴,3,31.6,20.2,0.0,11.9,1,0,38.85,70.0,60.0,33.57
2025-05-19,B001C8MSP5,黄龙溪古镇,双流区,景区,5421,11.8,阴,3,34.3,19.2,0.0,8.6,0,0,38.85,50.0,60.0,29.08
2025-05-20,B001C8MSP5,黄龙溪古镇,双流区,景区,5232,11.39,阴,3,36.3,22.5,0.0,10.7,0,0,38.85,50.0,60.0,28.83
2025-05-21,B001C8MSP5,黄龙溪古镇,双流区,景区,3886,8.41,小毛毛雨,51,36.0,24.9,0.4,17.6,0,0,38.85,50.0,55.0,26.05
2025-05-22,B001C8MSP5,黄龙溪古镇,双流区,景区,4122,8.93,阴,3,35.2,24.5,0.0,15.3,0,0,38.85,50.0,60.0,27.36
2025-05-23,B001C8MSP5,黄龙溪古镇,双流区,景区,3963,8.58,阴,3,29.7,22.8,0.0,13.7,0,0,38.85,50.0,60.0,27.15
2025-05-24,B001C8MSP5,黄龙溪古镇,双流区,景区,7668,16.77,阴,3,30.5,20.2,0.0,17.2,1,0,38.85,70.0,60.0,36.06
2025-05-25,B001C8MSP5,黄龙溪古镇,双流区,景区,7289,15.93,阴,3,31.0,18.3,0.0,14.1,1,0,38.85,70.0,60.0,35.56
2025-05-26,B001C8MSP5,黄龙溪古镇,双流区,景区,3700,8.0,小毛毛雨,51,30.2,21.7,0.8,13.9,0,0,38.85,50.0,55.0,25.8
2025-05-27,B001C8MSP5,黄龙溪古镇,双流区,景区,1483,3.09,中雨,63,25.1,19.0,25.3,20.8,0,0,38.85,50.0,30.0,17.85
2025-05-28,B001C8MSP5,黄龙溪古镇,双流区,景区,4392,9.53,阴,3,28.0,17.9,0.0,8.7,0,0,38.85,50.0,60.0,27.72
2025-05-29,B001C8MSP5,黄龙溪古镇,双流区,景区,4148,8.99,小毛毛雨,51,28.2,18.9,0.8,7.3,0,0,38.85,50.0,55.0,26.39
2025-05-30,B001C8MSP5,黄龙溪古镇,双流区,景区,3518,7.59,中毛毛雨,53,26.9,20.1,3.7,15.4,0,0,38.85,50.0,45.0,23.55
2025-05-31,B001C8MSP5,黄龙溪古镇,双流区,景区,8222,18.0,小毛毛雨,51,22.5,18.5,1.9,10.7,1,1,38.85,90.0,55.0,39.8
2025-06-01,B001C8MSP5,黄龙溪古镇,双流区,景区,5363,11.68,小雨,61,24.1,18.5,2.1,8.4,1,1,38.85,90.0,40.0,33.01
2025-06-02,B001C8MSP5,黄龙溪古镇,双流区,景区,7401,16.18,小毛毛雨,51,26.0,19.1,0.2,11.0,0,1,38.85,90.0,55.0,38.71
2025-06-03,B001C8MSP5,黄龙溪古镇,双流区,景区,2581,5.52,中毛毛雨,53,28.1,19.1,0.5,7.5,0,0,38.85,50.0,45.0,22.31
2025-06-04,B001C8MSP5,黄龙溪古镇,双流区,景区,3659,7.91,小毛毛雨,51,30.8,18.6,0.2,5.8,0,0,38.85,50.0,55.0,25.75
2025-06-05,B001C8MSP5,黄龙溪古镇,双流区,景区,3820,8.26,阴,3,32.0,22.1,0.0,8.1,0,0,38.85,50.0,60.0,26.96
2025-06-06,B001C8MSP5,黄龙溪古镇,双流区,景区,3095,6.66,阴,3,34.4,24.2,0.0,9.6,0,0,38.85,50.0,60.0,26.0
2025-06-07,B001C8MSP5,黄龙溪古镇,双流区,景区,4402,9.55,阴,3,32.8,25.5,0.0,12.8,1,0,38.85,70.0,60.0,31.73
2025-06-08,B001C8MSP5,黄龙溪古镇,双流区,景区,5032,10.94,阴,3,36.9,26.0,0.0,12.2,1,0,38.85,70.0,60.0,32.56
2025-06-09,B001C8MSP5,黄龙溪古镇,双流区,景区,3113,6.7,小毛毛雨,51,33.4,24.0,0.1,22.1,0,0,38.85,50.0,55.0,25.02
2025-06-10,B001C8MSP5,黄龙溪古镇,双流区,景区,4238,9.19,阴,3,37.7,21.1,0.0,15.0,0,0,38.85,50.0,60.0,27.51
2025-06-11,B001C8MSP5,黄龙溪古镇,双流区,景区,2890,6.21,阴,3,38.0,23.3,0.0,8.8,0,0,38.85,50.0,60.0,25.73
2025-06-12,B001C8MSP5,黄龙溪古镇,双流区,景区,4202,9.11,多云,2,39.1,25.5,0.0,10.7,0,0,38.85,50.0,80.0,31.47
2025-06-13,B001C8MSP5,黄龙溪古镇,双流区,景区,4325,9.38,多云,2,39.7,27.4,0.0,11.7,0,0,38.85,50.0,80.0,31.63
2025-06-14,B001C8MSP5,黄龙溪古镇,双流区,景区,4702,10.21,小毛毛雨,51,34.0,25.8,0.2,23.2,1,0,38.85,70.0,55.0,31.13
2025-06-15,B001C8MSP5,黄龙溪古镇,双流区,景区,4163,9.02,阴,3,36.6,24.0,0.0,14.5,1,0,38.85,70.0,60.0,31.41
2025-06-16,B001C8MSP5,黄龙溪古镇,双流区,景区,3756,8.12,阴,3,39.3,26.0,0.0,14.9,0,0,38.85,50.0,60.0,26.87
2025-06-17,B001C8MSP5,黄龙溪古镇,双流区,景区,605,1.15,大雨,65,40.3,25.5,20.8,12.7,0,0,38.85,50.0,20.0,14.69
2025-06-18,B001C8MSP5,黄龙溪古镇,双流区,景区,745,1.46,大雨,65,27.1,23.5,36.5,18.2,0,0,38.85,50.0,20.0,14.88
2025-06-19,B001C8MSP5,黄龙溪古镇,双流区,景区,2314,4.93,中毛毛雨,53,31.6,23.9,1.1,8.9,0,0,38.85,50.0,45.0,21.96
2025-06-20,B001C8MSP5,黄龙溪古镇,双流区,景区,4119,8.92,阴,3,29.9,23.9,0.0,11.4,0,0,38.85,50.0,60.0,27.35
2025-06-21,B001C8MSP5,黄龙溪古镇,双流区,景区,3263,7.03,小雨,61,30.0,21.9,1.9,9.6,1,0,38.85,70.0,40.0,26.22
2025-06-22,B001C8MSP5,黄龙溪古镇,双流区,景区,4826,10.49,小毛毛雨,51,29.0,22.1,1.3,14.0,1,0,38.85,70.0,55.0,31.29
2025-06-23,B001C8MSP5,黄龙溪古镇,双流区,景区,2589,5.54,小雨,61,28.9,21.6,2.3,12.4,0,0,38.85,50.0,40.0,21.32
2025-06-24,B001C8MSP5,黄龙溪古镇,双流区,景区,1257,2.59,中雨,63,22.6,20.0,55.5,17.8,0,0,38.85,50.0,30.0,17.55
2025-06-25,B001C8MSP5,黄龙溪古镇,双流区,景区,2367,5.05,小雨,61,28.0,18.7,2.4,6.5,0,0,38.85,50.0,40.0,21.03
2025-06-26,B001C8MSP5,黄龙溪古镇,双流区,景区,4122,8.93,小毛毛雨,51,29.2,20.0,1.5,6.9,0,0,38.85,50.0,55.0,26.36
2025-06-27,B001C8MSP5,黄龙溪古镇,双流区,景区,2398,5.12,中毛毛雨,53,29.9,22.5,1.3,5.7,0,0,38.85,50.0,45.0,22.07
2025-06-28,B001C8MSP5,黄龙溪古镇,双流区,景区,3867,8.37,小毛毛雨,51,31.8,23.7,0.6,6.6,1,0,38.85,70.0,55.0,30.02
2025-06-29,B001C8MSP5,黄龙溪古镇,双流区,景区,1568,3.28,中雨,63,27.7,22.4,28.3,13.4,1,0,38.85,70.0,30.0,21.97
2025-06-30,B001C8MSP5,黄龙溪古镇,双流区,景区,4651,10.1,多云,2,30.8,21.1,0.0,11.3,0,0,38.85,50.0,80.0,32.06
2025-07-01,B001C8MSP5,黄龙溪古镇,双流区,景区,2829,6.07,小毛毛雨,51,30.6,22.5,0.9,9.5,0,0,38.85,50.0,55.0,24.64
2025-07-02,B001C8MSP5,黄龙溪古镇,双流区,景区,2588,5.54,小雨,61,28.9,23.2,2.8,12.2,0,0,38.85,50.0,40.0,21.32
2025-07-03,B001C8MSP5,黄龙溪古镇,双流区,景区,538,1.0,大雨,65,27.0,23.2,37.1,13.3,0,0,38.85,50.0,20.0,14.6
2025-07-04,B001C8MSP5,黄龙溪古镇,双流区,景区,633,1.21,大雨,65,30.3,22.5,35.2,18.1,0,0,38.85,50.0,20.0,14.73
2025-07-05,B001C8MSP5,黄龙溪古镇,双流区,景区,1632,3.42,中雨,63,28.5,21.0,13.7,17.9,1,0,38.85,70.0,30.0,22.05
2025-07-06,B001C8MSP5,黄龙溪古镇,双流区,景区,1586,3.32,中雨,63,27.0,21.3,11.9,10.3,1,0,38.85,70.0,30.0,21.99
2025-07-07,B001C8MSP5,黄龙溪古镇,双流区,景区,2266,4.83,大毛毛雨,55,28.2,21.1,6.3,8.2,0,0,38.85,50.0,35.0,19.9
2025-07-08,B001C8MSP5,黄龙溪古镇,双流区,景区,3002,6.45,小毛毛雨,51,29.8,21.5,0.2,7.6,0,0,38.85,50.0,55.0,24.87
2025-07-09,B001C8MSP5,黄龙溪古镇,双流区,景区,2008,4.26,小雨,61,31.4,22.5,2.9,8.8,0,0,38.85,50.0,40.0,20.56
2025-07-10,B001C8MSP5,黄龙溪古镇,双流区,景区,2609,5.58,小雨,61,30.5,22.4,5.7,11.0,0,0,38.85,50.0,40.0,21.35
2025-07-11,B001C8MSP5,黄龙溪古镇,双流区,景区,1072,2.19,中雨,63,29.1,22.6,11.1,10.3,0,0,38.85,50.0,30.0,17.31
2025-07-12,B001C8MSP5,黄龙溪古镇,双流区,景区,4911,10.68,小毛毛雨,51,31.4,22.4,0.3,6.2,1,0,38.85,70.0,55.0,31.41
2025-07-13,B001C8MSP5,黄龙溪古镇,双流区,景区,3618,7.82,小毛毛雨,51,32.3,23.8,0.5,7.1,1,0,38.85,70.0,55.0,29.69
2025-07-14,B001C8MSP5,黄龙溪古镇,双流区,景区,2645,5.66,小雨,61,33.6,23.9,3.0,9.2,0,0,38.85,50.0,40.0,21.4
2025-07-15,B001C8MSP5,黄龙溪古镇,双流区,景区,4019,8.7,晴间多云,1,35.8,24.9,0.0,5.6,0,0,38.85,50.0,90.0,33.22
2025-07-16,B001C8MSP5,黄龙溪古镇,双流区,景区,2678,5.74,阴,3,38.7,26.5,0.0,9.6,0,0,38.85,50.0,60.0,25.44
2025-07-17,B001C8MSP5,黄龙溪古镇,双流区,景区,2181,4.64,小毛毛雨,51,40.2,27.8,0.5,9.2,0,0,38.85,50.0,55.0,23.78
2025-07-18,B001C8MSP5,黄龙溪古镇,双流区,景区,2137,4.54,小雨,61,34.0,28.9,3.9,16.9,0,0,38.85,50.0,40.0,20.72
2025-07-19,B001C8MSP5,黄龙溪古镇,双流区,景区,811,1.61,大雨,65,32.0,24.8,34.3,14.9,1,0,38.85,70.0,20.0,18.97
2025-07-20,B001C8MSP5,黄龙溪古镇,双流区,景区,3710,8.02,小雨,61,31.9,24.6,2.9,14.3,1,0,38.85,70.0,40.0,26.81
2025-07-21,B001C8MSP5,黄龙溪古镇,双流区,景区,2904,6.24,阴,3,32.5,24.6,0.0,11.5,0,0,38.85,50.0,60.0,25.74
2025-07-22,B001C8MSP5,黄龙溪古镇,双流区,景区,2253,4.8,中毛毛雨,53,32.8,24.0,2.1,12.4,0,0,38.85,50.0,45.0,21.88
2025-07-23,B001C8MSP5,黄龙溪古镇,双流区,景区,506,0.93,大雨,65,31.3,24.2,35.1,8.9,0,0,38.85,50.0,20.0,14.56
2025-07-24,B001C8MSP5,黄龙溪古镇,双流区,景区,1234,2.54,中雨,63,30.3,23.8,16.2,10.8,0,0,38.85,50.0,30.0,17.52
2025-07-25,B001C8MSP5,黄龙溪古镇,双流区,景区,457,0.82,大雨,65,29.9,23.3,44.5,10.2,0,0,38.85,50.0,20.0,14.49
2025-07-26,B001C8MSP5,黄龙溪古镇,双流区,景区,1757,3.7,中雨,63,31.2,23.6,19.9,12.8,1,0,38.85,70.0,30.0,22.22
2025-07-27,B001C8MSP5,黄龙溪古镇,双流区,景区,4145,8.98,小毛毛雨,51,32.8,23.5,0.3,4.9,1,0,38.85,70.0,55.0,30.39
2025-07-28,B001C8MSP5,黄龙溪古镇,双流区,景区,3384,7.3,小毛毛雨,51,34.2,24.1,0.1,6.5,0,0,38.85,50.0,55.0,25.38
2025-07-29,B001C8MSP5,黄龙溪古镇,双流区,景区,2421,5.17,阴,3,34.7,25.9,0.0,5.9,0,0,38.85,50.0,60.0,25.1
2025-07-30,B001C8MSP5,黄龙溪古镇,双流区,景区,2774,5.95,中毛毛雨,53,34.0,25.4,1.1,6.9,0,0,38.85,50.0,45.0,22.57
2025-07-31,B001C8MSP5,黄龙溪古镇,双流区,景区,2440,5.21,阴,3,35.5,24.6,0.0,8.3,0,0,38.85,50.0,60.0,25.13
2025-08-01,B001C8MSP5,黄龙溪古镇,双流区,景区,2588,5.54,阴,3,36.3,26.6,0.0,7.0,0,0,38.85,50.0,60.0,25.32
2025-08-02,B001C8MSP5,黄龙溪古镇,双流区,景区,4140,8.97,多云,2,39.3,26.7,0.0,10.5,1,0,38.85,70.0,80.0,35.38
2025-08-03,B001C8MSP5,黄龙溪古镇,双流区,景区,3955,8.56,阴,3,40.0,28.5,0.0,11.0,1,0,38.85,70.0,60.0,31.14
2025-08-04,B001C8MSP5,黄龙溪古镇,双流区,景区,1305,2.7,中雨,63,38.7,28.6,3.7,13.2,0,0,38.85,50.0,30.0,17.62
2025-08-05,B001C8MSP5,黄龙溪古镇,双流区,景区,2059,4.37,中毛毛雨,53,39.3,26.6,1.9,13.7,0,0,38.85,50.0,45.0,21.62
2025-08-06,B001C8MSP5,黄龙溪古镇,双流区,景区,969,1.96,中雨,63,33.8,26.9,14.6,16.4,0,0,38.85,50.0,30.0,17.18
2025-08-07,B001C8MSP5,黄龙溪古镇,双流区,景区,1076,2.19,中雨,63,31.4,25.8,12.8,6.5,0,0,38.85,50.0,30.0,17.31
2025-08-08,B001C8MSP5,黄龙溪古镇,双流区,景区,596,1.13,大雨,65,32.6,25.1,16.5,15.2,0,0,38.85,50.0,20.0,14.68
2025-08-09,B001C8MSP5,黄龙溪古镇,双流区,景区,632,1.21,大雨,65,30.5,24.8,37.5,8.6,1,0,38.85,70.0,20.0,18.73
2025-08-10,B001C8MSP5,黄龙溪古镇,双流区,景区,1296,2.68,中雨,63,28.8,24.2,20.4,11.2,1,0,38.85,70.0,30.0,21.61
2025-08-11,B001C8MSP5,黄龙溪古镇,双流区,景区,2202,4.68,中毛毛雨,53,31.5,23.8,0.9,9.4,0,0,38.85,50.0,45.0,21.81
2025-08-12,B001C8MSP5,黄龙溪古镇,双流区,景区,2780,5.96,小毛毛雨,51,31.3,23.0,1.0,5.6,0,0,38.85,50.0,55.0,24.58
2025-08-13,B001C8MSP5,黄龙溪古镇,双流区,景区,3743,8.09,阴,3,33.5,23.9,0.0,6.5,0,0,38.85,50.0,60.0,26.85
2025-08-14,B001C8MSP5,黄龙溪古镇,双流区,景区,1975,4.18,中毛毛雨,53,32.7,24.7,1.7,8.1,0,0,38.85,50.0,45.0,21.51
2025-08-15,B001C8MSP5,黄龙溪古镇,双流区,景区,1460,3.04,中雨,63,34.0,24.4,5.6,6.0,0,0,38.85,50.0,30.0,17.82
2025-08-16,B001C8MSP5,黄龙溪古镇,双流区,景区,3098,6.67,小雨,61,28.9,23.0,7.6,12.7,1,0,38.85,70.0,40.0,26.0
2025-08-17,B001C8MSP5,黄龙溪古镇,双流区,景区,2114,4.49,中雨,63,31.3,22.7,7.1,9.0,1,0,38.85,70.0,30.0,22.69
2025-08-18,B001C8MSP5,黄龙溪古镇,双流区,景区,1655,3.47,中雨,63,30.1,22.7,5.9,9.1,0,0,38.85,50.0,30.0,18.08
2025-08-19,B001C8MSP5,黄龙溪古镇,双流区,景区,1448,3.02,中雨,63,31.1,22.8,7.4,10.3,0,0,38.85,50.0,30.0,17.81
2025-08-20,B001C8MSP5,黄龙溪古镇,双流区,景区,3044,6.55,小毛毛雨,51,33.3,23.2,0.3,14.2,0,0,38.85,50.0,55.0,24.93
2025-08-21,B001C8MSP5,黄龙溪古镇,双流区,景区,773,1.52,大雨,65,32.5,24.1,16.9,12.9,0,0,38.85,50.0,20.0,14.91
2025-08-22,B001C8MSP5,黄龙溪古镇,双流区,景区,2483,5.31,中毛毛雨,53,31.0,22.5,1.3,9.2,0,0,38.85,50.0,45.0,22.19
2025-08-23,B001C8MSP5,黄龙溪古镇,双流区,景区,1451,3.02,中雨,63,29.5,22.6,13.4,15.0,1,0,38.85,70.0,30.0,21.81
2025-08-24,B001C8MSP5,黄龙溪古镇,双流区,景区,1459,3.04,中雨,63,29.2,23.2,11.7,12.4,1,0,38.85,70.0,30.0,21.82
2025-08-25,B001C8MSP5,黄龙溪古镇,双流区,景区,579,1.09,大雨,65,27.9,23.1,28.9,10.1,0,0,38.85,50.0,20.0,14.65
2025-08-26,B001C8MSP5,黄龙溪古镇,双流区,景区,1656,3.48,中雨,63,30.8,22.6,8.7,9.9,0,0,38.85,50.0,30.0,18.09
2025-08-27,B001C8MSP5,黄龙溪古镇,双流区,景区,1651,3.47,中雨,63,28.9,23.3,6.9,15.2,0,0,38.85,50.0,30.0,18.08
2025-08-28,B001C8MSP5,黄龙溪古镇,双流区,景区,571,1.08,大雨,65,24.4,22.1,60.3,19.8,0,0,38.85,50.0,20.0,14.65
2025-08-29,B001C8MSP5,黄龙溪古镇,双流区,景区,984,1.99,中雨,63,22.8,18.9,15.8,15.3,0,0,38.85,50.0,30.0,17.19
2025-08-30,B001C8MSP5,黄龙溪古镇,双流区,景区,3298,7.11,大毛毛雨,55,23.7,19.6,3.1,6.5,1,0,38.85,70.0,35.0,25.27
2025-08-31,B001C8MSP5,黄龙溪古镇,双流区,景区,5407,11.77,阴,3,25.9,19.6,0.0,6.5,1,0,38.85,70.0,60.0,33.06
2025-09-01,B001C8MSP5,黄龙溪古镇,双流区,景区,4900,10.65,小毛毛雨,51,28.1,19.5,1.3,5.9,0,0,38.85,50.0,55.0,27.39
2025-09-02,B001C8MSP5,黄龙溪古镇,双流区,景区,3910,8.46,小毛毛雨,51,28.0,22.7,0.7,13.9,0,0,38.85,50.0,55.0,26.08
2025-09-03,B001C8MSP5,黄龙溪古镇,双流区,景区,4525,9.82,阴,3,29.8,22.0,0.0,10.4,0,0,38.85,50.0,60.0,27.89
2025-09-04,B001C8MSP5,黄龙溪古镇,双流区,景区,3724,8.05,小毛毛雨,51,31.2,22.4,0.7,6.1,0,0,38.85,50.0,55.0,25.83
2025-09-05,B001C8MSP5,黄龙溪古镇,双流区,景区,658,1.27,大雨,65,26.4,20.4,29.3,19.3,0,0,38.85,50.0,20.0,14.76
2025-09-06,B001C8MSP5,黄龙溪古镇,双流区,景区,6543,14.28,小毛毛雨,51,27.0,20.5,0.4,11.8,1,0,38.85,70.0,55.0,33.57
2025-09-07,B001C8MSP5,黄龙溪古镇,双流区,景区,5184,11.28,小毛毛雨,51,28.2,19.8,0.3,9.0,1,0,38.85,70.0,55.0,31.77
2025-09-08,B001C8MSP5,黄龙溪古镇,双流区,景区,3723,8.05,小毛毛雨,51,29.1,21.6,0.9,7.0,0,0,38.85,50.0,55.0,25.83
2025-09-09,B001C8MSP5,黄龙溪古镇,双流区,景区,4333,9.4,小毛毛雨,51,28.8,21.0,1.6,8.9,0,0,38.85,50.0,55.0,26.64
2025-09-10,B001C8MSP5,黄龙溪古镇,双流区,景区,3116,6.71,大毛毛雨,55,27.1,22.3,6.3,6.6,0,0,38.85,50.0,35.0,21.03
2025-09-11,B001C8MSP5,黄龙溪古镇,双流区,景区,1502,3.14,中雨,63,26.0,22.5,13.6,11.4,0,0,38.85,50.0,30.0,17.88
2025-09-12,B001C8MSP5,黄龙溪古镇,双流区,景区,3006,6.46,小雨,61,25.9,22.2,3.0,9.2,0,0,38.85,50.0,40.0,21.88
2025-09-13,B001C8MSP5,黄龙溪古镇,双流区,景区,3444,7.43,大毛毛雨,55,29.3,21.5,2.7,6.5,1,0,38.85,70.0,35.0,25.46
2025-09-14,B001C8MSP5,黄龙溪古镇,双流区,景区,5120,11.14,小毛毛雨,51,30.8,22.5,0.1,5.8,1,0,38.85,70.0,55.0,31.68
2025-09-15,B001C8MSP5,黄龙溪古镇,双流区,景区,2492,5.33,小雨,61,29.4,23.7,2.8,10.2,0,0,38.85,50.0,40.0,21.2
2025-09-16,B001C8MSP5,黄龙溪古镇,双流区,景区,697,1.36,大雨,65,25.4,21.7,39.0,16.4,0,0,38.85,50.0,20.0,14.82
2025-09-17,B001C8MSP5,黄龙溪古镇,双流区,景区,1600,3.35,中雨,63,27.6,20.9,11.0,15.4,0,0,38.85,50.0,30.0,18.01
2025-09-18,B001C8MSP5,黄龙溪古镇,双流区,景区,4130,8.95,小毛毛雨,51,25.8,19.9,0.7,14.0,0,0,38.85,50.0,55.0,26.37
2025-09-19,B001C8MSP5,黄龙溪古镇,双流区,景区,4977,10.82,小毛毛雨,51,25.0,18.5,0.8,10.8,0,0,38.85,50.0,55.0,27.49
2025-09-20,B001C8MSP5,黄龙溪古镇,双流区,景区,6048,13.19,小毛毛雨,51,26.4,19.0,1.4,9.6,1,0,38.85,70.0,55.0,32.91
2025-09-21,B001C8MSP5,黄龙溪古镇,双流区,景区,3065,6.59,大毛毛雨,55,23.3,19.0,2.8,14.8,1,0,38.85,70.0,35.0,24.95
2025-09-22,B001C8MSP5,黄龙溪古镇,双流区,景区,3411,7.36,小雨,61,23.7,17.6,8.8,11.3,0,0,38.85,50.0,40.0,22.42
2025-09-23,B001C8MSP5,黄龙溪古镇,双流区,景区,1860,3.93,中雨,63,26.0,18.8,8.6,8.5,0,0,38.85,50.0,30.0,18.36
2025-09-24,B001C8MSP5,黄龙溪古镇,双流区,景区,5688,12.39,阴,3,26.9,17.0,0.0,10.3,0,0,38.85,50.0,60.0,29.43
2025-09-25,B001C8MSP5,黄龙溪古镇,双流区,景区,3669,7.93,小毛毛雨,51,27.4,17.8,0.2,9.2,0,0,38.85,50.0,55.0,25.76
2025-09-26,B001C8MSP5,黄龙溪古镇,双流区,景区,3092,6.65,小雨,61,25.4,20.3,2.6,8.5,0,0,38.85,50.0,40.0,21.99
2025-09-27,B001C8MSP5,黄龙溪古镇,双流区,景区,4212,9.13,大毛毛雨,55,25.9,20.8,5.3,10.2,1,0,38.85,70.0,35.0,26.48
2025-09-28,B001C8MSP5,黄龙溪古镇,双流区,景区,6206,13.54,小毛毛雨,51,24.2,20.6,0.3,13.5,1,0,38.85,70.0,55.0,33.12
2025-09-29,B001C8MSP5,黄龙溪古镇,双流区,景区,3530,7.62,小毛毛雨,51,25.7,19.4,0.1,7.9,0,0,38.85,50.0,55.0,25.57
2025-09-30,B001C8MSP5,黄龙溪古镇,双流区,景区,4696,10.2,小毛毛雨,51,25.9,20.0,0.3,4.6,0,0,38.85,50.0,55.0,27.12
2025-10-01,B001C8MSP5,黄龙溪古镇,双流区,景区,12051,26.47,阴,3,24.5,20.6,0.0,11.4,0,1,38.85,90.0,60.0,45.88
2025-10-02,B001C8MSP5,黄龙溪古镇,双流区,景区,9098,19.94,阴,3,27.3,19.9,0.0,7.4,0,1,38.85,90.0,60.0,41.96
2025-10-03,B001C8MSP5,黄龙溪古镇,双流区,景区,9812,21.51,阴,3,26.4,20.9,0.0,9.0,0,1,38.85,90.0,60.0,42.91
2025-10-04,B001C8MSP5,黄龙溪古镇,双流区,景区,8347,18.27,小毛毛雨,51,25.3,21.6,0.1,10.6,1,1,38.85,90.0,55.0,39.96
2025-10-05,B001C8MSP5,黄龙溪古镇,双流区,景区,10415,22.85,小毛毛雨,51,22.8,20.4,0.6,9.4,1,1,38.85,90.0,55.0,42.71
2025-10-06,B001C8MSP5,黄龙溪古镇,双流区,景区,7935,17.36,中毛毛雨,53,22.6,18.7,3.9,12.3,0,1,38.85,90.0,45.0,37.42
2025-10-07,B001C8MSP5,黄龙溪古镇,双流区,景区,8072,17.67,中毛毛雨,53,24.8,18.6,0.8,6.3,0,1,38.85,90.0,45.0,37.6
2025-10-08,B001C8MSP5,黄龙溪古镇,双流区,景区,5962,13.0,小雨,61,27.0,20.9,3.2,10.0,0,1,38.85,90.0,40.0,33.8
2025-10-09,B001C8MSP5,黄龙溪古镇,双流区,景区,4165,9.03,小雨,61,27.9,21.5,5.5,11.4,0,0,38.85,50.0,40.0,23.42
2025-10-10,B001C8MSP5,黄龙溪古镇,双流区,景区,5717,12.46,小毛毛雨,51,27.8,21.8,1.3,12.5,0,0,38.85,50.0,55.0,28.48
2025-10-11,B001C8MSP5,黄龙溪古镇,双流区,景区,3786,8.19,大毛毛雨,55,22.5,18.4,3.4,21.7,1,0,38.85,70.0,35.0,25.91
2025-10-12,B001C8MSP5,黄龙溪古镇,双流区,景区,5426,11.81,中毛毛雨,53,21.0,18.1,1.1,15.8,1,0,38.85,70.0,45.0,30.09
2025-10-13,B001C8MSP5,黄龙溪古镇,双流区,景区,3930,8.51,小毛毛雨,51,23.0,16.8,0.1,10.2,0,0,38.85,50.0,55.0,26.11
2025-10-14,B001C8MSP5,黄龙溪古镇,双流区,景区,4707,10.22,阴,3,23.5,17.5,0.0,8.3,0,0,38.85,50.0,60.0,28.13
2025-10-15,B001C8MSP5,黄龙溪古镇,双流区,景区,3953,8.56,小雨,61,26.0,18.4,1.5,9.5,0,0,38.85,50.0,40.0,23.14
2025-10-16,B001C8MSP5,黄龙溪古镇,双流区,景区,5159,11.22,小毛毛雨,51,23.7,18.8,0.4,10.3,0,0,38.85,50.0,55.0,27.73
2025-10-17,B001C8MSP5,黄龙溪古镇,双流区,景区,3933,8.51,小毛毛雨,51,21.5,18.0,0.1,19.1,0,0,38.85,50.0,55.0,26.11
2025-10-18,B001C8MSP5,黄龙溪古镇,双流区,景区,4729,10.27,中毛毛雨,53,22.2,16.2,1.0,9.8,1,0,38.85,70.0,45.0,29.16
2025-10-19,B001C8MSP5,黄龙溪古镇,双流区,景区,5621,12.25,小毛毛雨,51,20.7,16.5,0.2,11.6,1,0,38.85,70.0,55.0,32.35
2025-10-20,B001C8MSP5,黄龙溪古镇,双流区,景区,2552,5.46,大毛毛雨,55,16.8,13.6,4.1,14.0,0,0,38.85,50.0,35.0,20.28
2025-10-21,B001C8MSP5,黄龙溪古镇,双流区,景区,5433,11.83,小毛毛雨,51,17.4,12.6,0.2,9.0,0,0,38.85,50.0,55.0,28.1
2025-10-22,B001C8MSP5,黄龙溪古镇,双流区,景区,3843,8.31,小毛毛雨,51,16.3,13.6,2.0,10.8,0,0,38.85,50.0,55.0,25.99
2025-10-23,B001C8MSP5,黄龙溪古镇,双流区,景区,2852,6.12,中毛毛雨,53,14.6,13.4,10.2,11.8,0,0,38.85,50.0,45.0,22.67
2025-10-24,B001C8MSP5,黄龙溪古镇,双流区,景区,3208,6.91,中毛毛雨,53,14.4,12.6,3.5,11.1,0,0,38.85,50.0,45.0,23.15
2025-10-25,B001C8MSP5,黄龙溪古镇,双流区,景区,5745,12.52,小毛毛雨,51,17.9,12.1,0.6,8.3,1,0,38.85,70.0,55.0,32.51
2025-10-26,B001C8MSP5,黄龙溪古镇,双流区,景区,6503,14.2,中毛毛雨,53,18.5,12.8,2.4,5.3,1,0,38.85,70.0,45.0,31.52
2025-10-27,B001C8MSP5,黄龙溪古镇,双流区,景区,4462,9.68,中毛毛雨,53,19.2,11.4,0.8,7.8,0,0,38.85,50.0,45.0,24.81
2025-10-28,B001C8MSP5,黄龙溪古镇,双流区,景区,4651,10.1,小毛毛雨,51,18.8,12.9,0.2,7.8,0,0,38.85,50.0,55.0,27.06
2025-10-29,B001C8MSP5,黄龙溪古镇,双流区,景区,4206,9.12,中毛毛雨,53,17.2,14.1,3.2,8.0,0,0,38.85,50.0,45.0,24.47
2025-10-30,B001C8MSP5,黄龙溪古镇,双流区,景区,4279,9.28,小毛毛雨,51,18.8,13.4,0.1,7.5,0,0,38.85,50.0,55.0,26.57
2025-10-31,B001C8MSP5,黄龙溪古镇,双流区,景区,3337,7.19,小雨,61,16.8,14.1,7.2,6.5,0,0,38.85,50.0,40.0,22.31
2025-11-01,B001C8MSP5,黄龙溪古镇,双流区,景区,4412,9.57,小毛毛雨,51,15.5,13.1,3.4,9.5,1,0,38.85,70.0,55.0,30.74
2025-11-02,B001C8MSP5,黄龙溪古镇,双流区,景区,4309,9.34,小毛毛雨,51,17.0,12.4,2.0,4.9,1,0,38.85,70.0,55.0,30.6
2025-11-03,B001C8MSP5,黄龙溪古镇,双流区,景区,2440,5.21,中毛毛雨,53,15.9,13.6,4.7,5.3,0,0,38.85,50.0,45.0,22.13
2025-11-04,B001C8MSP5,黄龙溪古镇,双流区,景区,3232,6.96,小毛毛雨,51,17.9,11.6,2.0,9.3,0,0,38.85,50.0,55.0,25.18
2025-11-05,B001C8MSP5,黄龙溪古镇,双流区,景区,3827,8.28,小毛毛雨,51,16.5,13.2,1.8,7.1,0,0,38.85,50.0,55.0,25.97
2025-11-06,B001C8MSP5,黄龙溪古镇,双流区,景区,3947,8.54,小毛毛雨,51,17.0,13.6,0.4,7.2,0,0,38.85,50.0,55.0,26.12
2025-11-07,B001C8MSP5,黄龙溪古镇,双流区,景区,4715,10.24,小毛毛雨,51,18.8,14.2,0.3,9.3,0,0,38.85,50.0,55.0,27.14
2025-11-08,B001C8MSP5,黄龙溪古镇,双流区,景区,6284,13.71,阴,3,20.0,14.4,0.0,6.6,1,0,38.85,70.0,60.0,34.23
2025-11-09,B001C8MSP5,黄龙溪古镇,双流区,景区,5244,11.41,小毛毛雨,51,19.2,14.6,0.4,8.9,1,0,38.85,70.0,55.0,31.85
2025-11-10,B001C8MSP5,黄龙溪古镇,双流区,景区,4318,9.36,阴,3,15.6,12.6,0.0,15.4,0,0,38.85,50.0,60.0,27.62
2025-11-11,B001C8MSP5,黄龙溪古镇,双流区,景区,3361,7.25,小毛毛雨,51,17.2,11.8,0.1,6.1,0,0,38.85,50.0,55.0,25.35
2025-11-12,B001C8MSP5,黄龙溪古镇,双流区,景区,3159,6.8,中毛毛雨,53,15.9,13.0,2.3,6.2,0,0,38.85,50.0,45.0,23.08
2025-11-13,B001C8MSP5,黄龙溪古镇,双流区,景区,3927,8.5,小毛毛雨,51,19.0,11.9,0.6,7.9,0,0,38.85,50.0,55.0,26.1
2025-11-14,B001C8MSP5,黄龙溪古镇,双流区,景区,3782,8.18,小毛毛雨,51,16.2,12.9,0.5,8.0,0,0,38.85,50.0,55.0,25.91
2025-11-15,B001C8MSP5,黄龙溪古镇,双流区,景区,5836,12.72,阴,3,19.8,12.8,0.0,8.1,1,0,38.85,70.0,60.0,33.63
2025-11-16,B001C8MSP5,黄龙溪古镇,双流区,景区,6100,13.31,小毛毛雨,51,16.9,12.1,0.9,10.1,1,0,38.85,70.0,55.0,32.99
2025-11-17,B001C8MSP5,黄龙溪古镇,双流区,景区,3171,6.83,小毛毛雨,51,13.9,10.2,1.0,16.2,0,0,38.85,50.0,55.0,25.1
2025-11-18,B001C8MSP5,黄龙溪古镇,双流区,景区,4064,8.8,阴,3,10.8,6.9,0.0,13.2,0,0,38.85,50.0,60.0,27.28
2025-11-19,B001C8MSP5,黄龙溪古镇,双流区,景区,3525,7.61,阴,3,13.2,5.5,0.0,9.8,0,0,38.85,50.0,60.0,26.57
2025-11-20,B001C8MSP5,黄龙溪古镇,双流区,景区,4101,8.88,阴,3,13.5,4.2,0.0,5.8,0,0,38.85,50.0,60.0,27.33
2025-11-21,B001C8MSP5,黄龙溪古镇,双流区,景区,4667,10.14,阴,3,14.8,5.6,0.0,6.4,0,0,38.85,50.0,60.0,28.08
2025-11-22,B001C8MSP5,黄龙溪古镇,双流区,景区,4670,10.14,阴,3,14.5,9.0,0.0,6.3,1,0,38.85,70.0,60.0,32.08
2025-11-23,B001C8MSP5,黄龙溪古镇,双流区,景区,5736,12.5,阴,3,16.7,8.6,0.0,7.5,1,0,38.85,70.0,60.0,33.5
2025-11-24,B001C8MSP5,黄龙溪古镇,双流区,景区,4390,9.52,阴,3,14.2,6.4,0.0,17.8,0,0,38.85,50.0,60.0,27.71
2025-11-25,B001C8MSP5,黄龙溪古镇,双流区,景区,3764,8.14,阴,3,15.6,4.4,0.0,6.1,0,0,38.85,50.0,60.0,26.88
2025-11-26,B001C8MSP5,黄龙溪古镇,双流区,景区,2576,5.51,中毛毛雨,53,14.0,7.1,0.8,11.4,0,0,38.85,50.0,45.0,22.31
2025-11-27,B001C8MSP5,黄龙溪古镇,双流区,景区,4726,10.27,阴,3,15.8,4.2,0.0,7.7,0,0,38.85,50.0,60.0,28.16
2025-11-28,B001C8MSP5,黄龙溪古镇,双流区,景区,4229,9.17,阴,3,12.8,5.2,0.0,5.3,0,0,38.85,50.0,60.0,27.5
2025-11-29,B001C8MSP5,黄龙溪古镇,双流区,景区,5087,11.06,阴,3,14.9,6.1,0.0,5.4,1,0,38.85,70.0,60.0,32.64
2025-11-30,B001C8MSP5,黄龙溪古镇,双流区,景区,4557,9.89,阴,3,17.2,6.1,0.0,5.2,1,0,38.85,70.0,60.0,31.93
2025-12-01,B001C8MSP5,黄龙溪古镇,双流区,景区,4241,9.19,多云,2,16.5,5.9,0.0,10.8,0,0,38.85,50.0,80.0,31.51
2025-12-02,B001C8MSP5,黄龙溪古镇,双流区,景区,2522,5.39,阴,3,16.6,7.2,0.0,14.5,0,0,38.85,50.0,60.0,25.23
2025-12-03,B001C8MSP5,黄龙溪古镇,双流区,景区,3068,6.6,阴,3,11.4,8.6,0.0,9.5,0,0,38.85,50.0,60.0,25.96
2025-12-04,B001C8MSP5,黄龙溪古镇,双流区,景区,2302,4.91,阴,3,10.9,5.8,0.0,9.9,0,0,38.85,50.0,60.0,24.95
2025-12-05,B001C8MSP5,黄龙溪古镇,双流区,景区,2298,4.9,小毛毛雨,51,14.1,3.8,1.0,10.1,0,0,38.85,50.0,55.0,23.94
2025-12-06,B001C8MSP5,黄龙溪古镇,双流区,景区,3641,7.87,小毛毛雨,51,10.4,5.7,0.1,6.2,1,0,38.85,70.0,55.0,29.72
2025-12-07,B001C8MSP5,黄龙溪古镇,双流区,景区,3212,6.92,阴,3,16.9,6.6,0.0,6.7,1,0,38.85,70.0,60.0,30.15
2025-12-08,B001C8MSP5,黄龙溪古镇,双流区,景区,2163,4.6,阴,3,11.8,5.9,0.0,7.1,0,0,38.85,50.0,60.0,24.76
2025-12-09,B001C8MSP5,黄龙溪古镇,双流区,景区,3453,7.45,阴,3,13.2,8.5,0.0,8.3,0,0,38.85,50.0,60.0,26.47
2025-12-10,B001C8MSP5,黄龙溪古镇,双流区,景区,3422,7.38,阴,3,16.5,6.1,0.0,7.4,0,0,38.85,50.0,60.0,26.43
2025-12-11,B001C8MSP5,黄龙溪古镇,双流区,景区,2749,5.89,小毛毛雨,51,14.1,7.1,0.3,6.9,0,0,38.85,50.0,55.0,24.53
2025-12-12,B001C8MSP5,黄龙溪古镇,双流区,景区,3096,6.66,阴,3,15.1,9.3,0.0,20.2,0,0,38.85,50.0,60.0,26.0
2025-12-13,B001C8MSP5,黄龙溪古镇,双流区,景区,3155,6.79,阴,3,9.3,4.5,0.0,12.7,1,0,38.85,70.0,60.0,30.07
2025-12-14,B001C8MSP5,黄龙溪古镇,双流区,景区,3630,7.84,阴,3,9.9,5.3,0.0,7.8,1,0,38.85,70.0,60.0,30.7
2025-12-15,B001C8MSP5,黄龙溪古镇,双流区,景区,2412,5.15,阴,3,11.4,2.5,0.0,4.4,0,0,38.85,50.0,60.0,25.09
2025-12-16,B001C8MSP5,黄龙溪古镇,双流区,景区,2266,4.83,小毛毛雨,51,12.7,3.9,0.3,6.3,0,0,38.85,50.0,55.0,23.9
2025-12-17,B001C8MSP5,黄龙溪古镇,双流区,景区,2072,4.4,阴,3,14.6,2.7,0.0,5.1,0,0,38.85,50.0,60.0,24.64
2025-12-18,B001C8MSP5,黄龙溪古镇,双流区,景区,1949,4.12,小毛毛雨,51,12.8,4.9,0.1,4.4,0,0,38.85,50.0,55.0,23.47
2025-12-19,B001C8MSP5,黄龙溪古镇,双流区,景区,2771,5.94,阴,3,12.5,7.2,0.0,8.7,0,0,38.85,50.0,60.0,25.56
2025-12-20,B001C8MSP5,黄龙溪古镇,双流区,景区,3469,7.49,阴,3,13.0,6.7,0.0,13.8,1,0,38.85,70.0,60.0,30.49
2025-12-21,B001C8MSP5,黄龙溪古镇,双流区,景区,3262,7.03,阴,3,12.9,4.3,0.0,5.5,1,0,38.85,70.0,60.0,30.22
2025-12-22,B001C8MSP5,黄龙溪古镇,双流区,景区,2316,4.94,阴,3,11.4,6.2,0.0,9.1,0,0,38.85,50.0,60.0,24.96
2025-12-23,B001C8MSP5,黄龙溪古镇,双流区,景区,2805,6.02,阴,3,14.3,8.2,0.0,8.9,0,0,38.85,50.0,60.0,25.61
2025-12-24,B001C8MSP5,黄龙溪古镇,双流区,景区,2752,5.9,阴,3,11.9,5.8,0.0,7.1,0,0,38.85,50.0,60.0,25.54
2025-12-25,B001C8MSP5,黄龙溪古镇,双流区,景区,2325,4.96,阴,3,13.2,5.2,0.0,7.2,0,0,38.85,50.0,60.0,24.98
2025-12-26,B001C8MSP5,黄龙溪古镇,双流区,景区,2597,5.56,阴,3,12.2,5.0,0.0,7.7,0,0,38.85,50.0,60.0,25.34
2025-12-27,B001C8MSP5,黄龙溪古镇,双流区,景区,3761,8.13,阴,3,11.8,5.2,0.0,7.4,1,0,38.85,70.0,60.0,30.88
2025-12-28,B001C8MSP5,黄龙溪古镇,双流区,景区,3656,7.9,小毛毛雨,51,12.4,5.6,1.4,6.2,1,0,38.85,70.0,55.0,29.74
2025-12-29,B001C8MSP5,黄龙溪古镇,双流区,景区,2344,5.0,小毛毛雨,51,13.6,8.3,1.4,8.7,0,0,38.85,50.0,55.0,24.0
2025-12-30,B001C8MSP5,黄龙溪古镇,双流区,景区,1827,3.85,小毛毛雨,51,10.4,7.2,1.1,8.0,0,0,38.85,50.0,55.0,23.31
2025-12-31,B001C8MSP5,黄龙溪古镇,双流区,景区,1496,3.12,大毛毛雨,55,12.2,7.8,2.7,13.6,0,0,38.85,50.0,35.0,18.87
2026-01-01,B001C8MSP5,黄龙溪古镇,双流区,景区,3613,7.8,小毛毛雨,51,8.4,6.3,0.4,9.2,0,1,38.85,90.0,55.0,33.68
2026-01-02,B001C8MSP5,黄龙溪古镇,双流区,景区,4466,9.69,小毛毛雨,51,6.2,4.2,2.8,11.3,0,1,38.85,90.0,55.0,34.81
2026-01-03,B001C8MSP5,黄龙溪古镇,双流区,景区,3500,7.55,小毛毛雨,51,5.1,3.5,1.6,11.1,1,1,38.85,90.0,55.0,33.53
2026-01-04,B001C8MSP5,黄龙溪古镇,双流区,景区,2590,5.54,阴,3,10.6,3.0,0.0,6.4,1,0,38.85,70.0,60.0,29.32
2026-01-05,B001C8MSP5,黄龙溪古镇,双流区,景区,2291,4.88,小毛毛雨,51,9.3,0.8,0.1,14.1,0,0,38.85,50.0,55.0,23.93
2026-01-06,B001C8MSP5,黄龙溪古镇,双流区,景区,2357,5.03,阴,3,10.9,1.8,0.0,7.2,0,0,38.85,50.0,60.0,25.02
2026-01-07,B001C8MSP5,黄龙溪古镇,双流区,景区,2540,5.43,阴,3,11.1,1.5,0.0,5.2,0,0,38.85,50.0,60.0,25.26
2026-01-08,B001C8MSP5,黄龙溪古镇,双流区,景区,2300,4.9,阴,3,11.9,0.5,0.0,8.7,0,0,38.85,50.0,60.0,24.94
2026-01-09,B001C8MSP5,黄龙溪古镇,双流区,景区,2829,6.07,晴间多云,1,12.5,0.1,0.0,6.0,0,0,38.85,50.0,90.0,31.64
2026-01-10,B001C8MSP5,黄龙溪古镇,双流区,景区,4731,10.28,多云,2,12.4,1.6,0.0,9.3,1,0,38.85,70.0,80.0,36.17
2026-01-11,B001C8MSP5,黄龙溪古镇,双流区,景区,3088,6.64,阴,3,9.9,2.0,0.0,7.5,1,0,38.85,70.0,60.0,29.98
2026-01-12,B001C8MSP5,黄龙溪古镇,双流区,景区,2447,5.23,阴,3,14.2,2.1,0.0,4.9,0,0,38.85,50.0,60.0,25.14
2026-01-13,B001C8MSP5,黄龙溪古镇,双流区,景区,2230,4.75,阴,3,14.2,2.0,0.0,9.3,0,0,38.85,50.0,60.0,24.85
2026-01-14,B001C8MSP5,黄龙溪古镇,双流区,景区,3099,6.67,晴间多云,1,18.4,3.8,0.0,8.0,0,0,38.85,50.0,90.0,32.0
2026-01-15,B001C8MSP5,黄龙溪古镇,双流区,景区,3674,7.94,晴间多云,1,16.5,3.0,0.0,6.6,0,0,38.85,50.0,90.0,32.76
2026-01-16,B001C8MSP5,黄龙溪古镇,双流区,景区,2375,5.07,阴,3,16.6,4.5,0.0,6.9,0,0,38.85,50.0,60.0,25.04
2026-01-17,B001C8MSP5,黄龙溪古镇,双流区,景区,5851,12.75,晴,0,17.0,3.5,0.0,7.0,1,0,38.85,70.0,95.0,40.65
2026-01-18,B001C8MSP5,黄龙溪古镇,双流区,景区,3357,7.24,小毛毛雨,51,16.9,5.0,0.1,11.6,1,0,38.85,70.0,55.0,29.34
2026-01-19,B001C8MSP5,黄龙溪古镇,双流区,景区,2714,5.82,阴,3,11.7,6.1,0.0,19.2,0,0,38.85,50.0,60.0,25.49
2026-01-20,B001C8MSP5,黄龙溪古镇,双流区,景区,1974,4.18,阴,3,6.3,3.5,0.0,13.4,0,0,38.85,50.0,60.0,24.51
2026-01-21,B001C8MSP5,黄龙溪古镇,双流区,景区,2651,5.68,阴,3,7.6,2.9,0.0,10.4,0,0,38.85,50.0,60.0,25.41
2026-01-22,B001C8MSP5,黄龙溪古镇,双流区,景区,1921,4.06,阴,3,7.6,-0.6,0.0,6.8,0,0,38.85,50.0,60.0,24.44
2026-01-23,B001C8MSP5,黄龙溪古镇,双流区,景区,2261,4.81,小毛毛雨,51,7.7,3.5,0.3,6.5,0,0,38.85,50.0,55.0,23.89
2026-01-24,B001C8MSP5,黄龙溪古镇,双流区,景区,2123,4.51,小毛毛雨,51,6.7,2.7,0.4,4.9,1,0,38.85,70.0,55.0,27.71
2026-01-25,B001C8MSP5,黄龙溪古镇,双流区,景区,2933,6.3,阴,3,10.2,2.5,0.0,13.3,1,0,38.85,70.0,60.0,29.78
2026-01-26,B001C8MSP5,黄龙溪古镇,双流区,景区,2822,6.06,阴,3,13.6,1.4,0.0,8.3,0,0,38.85,50.0,60.0,25.64
2026-01-27,B001C8MSP5,黄龙溪古镇,双流区,景区,2781,5.96,阴,3,13.6,3.0,0.0,7.1,0,0,38.85,50.0,60.0,25.58
2026-01-28,B001C8MSP5,黄龙溪古镇,双流区,景区,1926,4.07,阴,3,13.0,6.7,0.0,5.9,0,0,38.85,50.0,60.0,24.44
2026-01-29,B001C8MSP5,黄龙溪古镇,双流区,景区,2556,5.47,阴,3,10.6,7.2,0.0,13.6,0,0,38.85,50.0,60.0,25.28
2026-01-30,B001C8MSP5,黄龙溪古镇,双流区,景区,2456,5.25,小毛毛雨,51,11.4,4.2,0.1,13.2,0,0,38.85,50.0,55.0,24.15
2026-01-31,B001C8MSP5,黄龙溪古镇,双流区,景区,3241,6.98,阴,3,10.9,2.5,0.0,10.5,1,0,38.85,70.0,60.0,30.19
2026-02-01,B001C8MSP5,黄龙溪古镇,双流区,景区,3053,6.57,阴,3,13.4,3.2,0.0,8.5,1,0,38.85,70.0,60.0,29.94
2026-02-02,B001C8MSP5,黄龙溪古镇,双流区,景区,2730,5.85,阴,3,13.1,2.9,0.0,8.6,0,0,38.85,50.0,60.0,25.51
2026-02-03,B001C8MSP5,黄龙溪古镇,双流区,景区,2067,4.39,小毛毛雨,51,12.2,5.3,0.3,7.5,0,0,38.85,50.0,55.0,23.63
2026-02-04,B001C8MSP5,黄龙溪古镇,双流区,景区,3482,7.52,阴,3,13.5,8.0,0.0,7.3,0,0,38.85,50.0,60.0,26.51
2026-02-05,B001C8MSP5,黄龙溪古镇,双流区,景区,2673,5.73,小毛毛雨,51,15.1,4.3,0.6,8.9,0,0,38.85,50.0,55.0,24.44
2026-02-06,B001C8MSP5,黄龙溪古镇,双流区,景区,3506,7.57,阴,3,18.5,5.4,0.0,14.1,0,0,38.85,50.0,60.0,26.54
2026-02-07,B001C8MSP5,黄龙溪古镇,双流区,景区,2918,6.27,中毛毛雨,53,12.2,6.8,2.6,18.5,1,0,38.85,70.0,45.0,26.76
2026-02-08,B001C8MSP5,黄龙溪古镇,双流区,景区,2490,5.32,中毛毛雨,53,7.6,5.3,6.6,11.5,1,0,38.85,70.0,45.0,26.19
2026-02-09,B001C8MSP5,黄龙溪古镇,双流区,景区,2545,5.44,小毛毛雨,51,9.0,4.7,0.7,8.5,0,0,38.85,50.0,55.0,24.26
2026-02-10,B001C8MSP5,黄龙溪古镇,双流区,景区,2062,4.37,阴,3,13.5,1.7,0.0,8.6,0,0,38.85,50.0,60.0,24.62
2026-02-11,B001C8MSP5,黄龙溪古镇,双流区,景区,2628,5.63,阴,3,14.2,3.2,0.0,10.0,0,0,38.85,50.0,60.0,25.38
2026-02-12,B001C8MSP5,黄龙溪古镇,双流区,景区,2257,4.81,阴,3,15.2,4.5,0.0,6.7,0,0,38.85,50.0,60.0,24.89
2026-02-13,B001C8MSP5,黄龙溪古镇,双流区,景区,2525,5.4,阴,3,18.2,7.7,0.0,7.3,0,0,38.85,50.0,60.0,25.24
2026-02-14,B001C8MSP5,黄龙溪古镇,双流区,景区,4223,9.15,阴,3,18.6,5.9,0.0,7.3,1,0,38.85,70.0,60.0,31.49
2026-02-15,B001C8MSP5,黄龙溪古镇,双流区,景区,4438,9.63,阴,3,19.5,8.1,0.0,20.7,1,0,38.85,70.0,60.0,31.78
2026-02-16,B001C8MSP5,黄龙溪古镇,双流区,景区,2459,5.25,阴,3,16.2,7.9,0.0,11.8,0,0,38.85,50.0,60.0,25.15
2026-02-17,B001C8MSP5,黄龙溪古镇,双流区,景区,5919,12.9,阴,3,14.6,9.1,0.0,9.7,0,1,38.85,90.0,60.0,37.74
2026-02-18,B001C8MSP5,黄龙溪古镇,双流区,景区,4378,9.5,中毛毛雨,53,17.5,10.1,0.8,10.2,0,1,38.85,90.0,45.0,32.7
2026-02-19,B001C8MSP5,黄龙溪古镇,双流区,景区,6454,14.09,小毛毛雨,51,19.5,7.1,0.8,9.0,0,1,38.85,90.0,55.0,37.45
2026-02-20,B001C8MSP5,黄龙溪古镇,双流区,景区,5605,12.21,阴,3,21.1,8.6,0.0,6.4,0,1,38.85,90.0,60.0,37.33
2026-02-21,B001C8MSP5,黄龙溪古镇,双流区,景区,9083,19.9,晴间多云,1,22.4,8.4,0.0,6.9,1,1,38.85,90.0,90.0,47.94
2026-02-22,B001C8MSP5,黄龙溪古镇,双流区,景区,6817,14.89,阴,3,23.2,10.6,0.0,13.1,1,1,38.85,90.0,60.0,38.93
2026-02-23,B001C8MSP5,黄龙溪古镇,双流区,景区,7064,15.44,小毛毛雨,51,21.0,13.9,0.2,18.2,0,1,38.85,90.0,55.0,38.26
2026-02-24,B001C8MSP5,黄龙溪古镇,双流区,景区,2647,5.67,中毛毛雨,53,23.3,11.9,0.7,11.6,0,0,38.85,50.0,45.0,22.4
2026-02-25,B001C8MSP5,黄龙溪古镇,双流区,景区,3927,8.5,阴,3,22.2,11.2,0.0,14.6,0,0,38.85,50.0,60.0,27.1
2026-02-26,B001C8MSP5,黄龙溪古镇,双流区,景区,2224,4.73,中毛毛雨,53,23.4,12.4,1.0,13.1,0,0,38.85,50.0,45.0,21.84
2026-02-27,B001C8MSP5,黄龙溪古镇,双流区,景区,3222,6.94,小毛毛雨,51,22.0,13.0,0.2,10.9,0,0,38.85,50.0,55.0,25.16
2026-02-28,B001C8MSP5,黄龙溪古镇,双流区,景区,2491,5.32,大毛毛雨,55,17.0,13.4,5.5,11.3,1,0,38.85,70.0,35.0,24.19
2024-01-01,B0FFHF7O63,天府公园,双流区,广场,1769,3.73,小毛毛雨,51,10.7,7.5,0.4,7.2,0,1,25.04,90.0,55.0,31.24
2024-01-02,B0FFHF7O63,天府公园,双流区,广场,978,1.98,阴,3,13.6,4.1,0.0,10.8,0,0,25.04,50.0,60.0,23.19
2024-01-03,B0FFHF7O63,天府公园,双流区,广场,907,1.82,阴,3,14.9,4.8,0.0,7.7,0,0,25.04,50.0,60.0,23.09
2024-01-04,B0FFHF7O63,天府公园,双流区,广场,704,1.37,小毛毛雨,51,10.2,4.2,0.7,9.7,0,0,25.04,50.0,55.0,21.82
2024-01-05,B0FFHF7O63,天府公园,双流区,广场,794,1.57,阴,3,12.7,7.1,0.0,8.2,0,0,25.04,50.0,60.0,22.94
2024-01-06,B0FFHF7O63,天府公园,双流区,广场,1249,2.58,阴,3,15.6,5.1,0.0,10.7,1,0,25.04,70.0,60.0,27.55
2024-01-07,B0FFHF7O63,天府公园,双流区,广场,1200,2.47,阴,3,14.4,7.3,0.0,8.7,1,0,25.04,70.0,60.0,27.48
2024-01-08,B0FFHF7O63,天府公园,双流区,广场,666,1.29,小毛毛雨,51,14.2,5.1,0.1,9.7,0,0,25.04,50.0,55.0,21.77
2024-01-09,B0FFHF7O63,天府公园,双流区,广场,787,1.55,小毛毛雨,51,15.6,6.2,1.2,11.8,0,0,25.04,50.0,55.0,21.93
2024-01-10,B0FFHF7O63,天府公园,双流区,广场,732,1.43,阴,3,15.3,3.3,0.0,10.1,0,0,25.04,50.0,60.0,22.86
2024-01-11,B0FFHF7O63,天府公园,双流区,广场,669,1.29,阴,3,14.8,2.2,0.0,8.9,0,0,25.04,50.0,60.0,22.77
2024-01-12,B0FFHF7O63,天府公园,双流区,广场,661,1.28,阴,3,15.4,4.1,0.0,8.2,0,0,25.04,50.0,60.0,22.77
2024-01-13,B0FFHF7O63,天府公园,双流区,广场,1059,2.16,小毛毛雨,51,14.7,5.1,0.2,9.5,1,0,25.04,70.0,55.0,26.3
2024-01-14,B0FFHF7O63,天府公园,双流区,广场,1264,2.61,小毛毛雨,51,15.9,9.8,0.2,9.9,1,0,25.04,70.0,55.0,26.57
2024-01-15,B0FFHF7O63,天府公园,双流区,广场,855,1.71,阴,3,16.1,10.1,0.0,14.2,0,0,25.04,50.0,60.0,23.03
2024-01-16,B0FFHF7O63,天府公园,双流区,广场,1137,2.33,阴,3,13.8,7.8,0.0,13.4,0,0,25.04,50.0,60.0,23.4
2024-01-17,B0FFHF7O63,天府公园,双流区,广场,913,1.83,阴,3,13.1,4.9,0.0,9.7,0,0,25.04,50.0,60.0,23.1
2024-01-18,B0FFHF7O63,天府公园,双流区,广场,716,1.4,小毛毛雨,51,14.9,7.9,0.1,11.3,0,0,25.04,50.0,55.0,21.84
2024-01-19,B0FFHF7O63,天府公园,双流区,广场,829,1.65,小毛毛雨,51,13.2,7.3,0.2,12.7,0,0,25.04,50.0,55.0,21.99
2024-01-20,B0FFHF7O63,天府公园,双流区,广场,1266,2.61,小毛毛雨,51,11.8,7.4,1.3,12.2,1,0,25.04,70.0,55.0,26.57
2024-01-21,B0FFHF7O63,天府公园,双流区,广场,497,0.91,小雪,71,8.1,2.4,10.9,26.7,1,0,25.04,70.0,50.0,24.55
2024-01-22,B0FFHF7O63,天府公园,双流区,广场,211,0.28,中雪,73,6.9,0.9,2.2,20.5,0,0,25.04,50.0,50.0,20.17
2024-01-23,B0FFHF7O63,天府公园,双流区,广场,416,0.73,小雪,71,3.3,1.0,1.2,15.6,0,0,25.04,50.0,50.0,20.44
2024-01-24,B0FFHF7O63,天府公园,双流区,广场,218,0.3,中雪,73,3.9,0.6,2.9,14.0,0,0,25.04,50.0,50.0,20.18
2024-01-25,B0FFHF7O63,天府公园,双流区,广场,737,1.44,阴,3,6.2,-3.2,0.0,9.8,0,0,25.04,50.0,60.0,22.86
2024-01-26,B0FFHF7O63,天府公园,双流区,广场,664,1.28,阴,3,8.3,-1.8,0.0,11.9,0,0,25.04,50.0,60.0,22.77
2024-01-27,B0FFHF7O63,天府公园,双流区,广场,796,1.57,小毛毛雨,51,8.7,-1.1,0.6,8.4,1,0,25.04,70.0,55.0,25.94
2024-01-28,B0FFHF7O63,天府公园,双流区,广场,854,1.7,小毛毛雨,51,9.4,1.2,0.6,7.7,1,0,25.04,70.0,55.0,26.02
2024-01-29,B0FFHF7O63,天府公园,双流区,广场,647,1.25,小毛毛雨,51,10.4,1.5,0.5,8.9,0,0,25.04,50.0,55.0,21.75
2024-01-30,B0FFHF7O63,天府公园,双流区,广场,717,1.4,阴,3,9.1,4.8,0.0,10.3,0,0,25.04,50.0,60.0,22.84
2024-01-31,B0FFHF7O63,天府公园,双流区,广场,911,1.83,阴,3,10.4,5.3,0.0,9.0,0,0,25.04,50.0,60.0,23.1
2024-02-01,B0FFHF7O63,天府公园,双流区,广场,825,1.64,阴,3,12.6,3.7,0.0,8.9,0,0,25.04,50.0,60.0,22.98
2024-02-02,B0FFHF7O63,天府公园,双流区,广场,642,1.23,小毛毛雨,51,9.8,6.2,1.0,15.1,0,0,25.04,50.0,55.0,21.74
2024-02-03,B0FFHF7O63,天府公园,双流区,广场,1345,2.79,小毛毛雨,51,7.1,4.8,2.3,12.4,1,0,25.04,70.0,55.0,26.67
2024-02-04,B0FFHF7O63,天府公园,双流区,广场,1389,2.89,小毛毛雨,51,9.6,0.6,1.2,13.0,1,0,25.04,70.0,55.0,26.73
2024-02-05,B0FFHF7O63,天府公园,双流区,广场,763,1.5,阴,3,8.4,4.8,0.0,12.6,0,0,25.04,50.0,60.0,22.9
2024-02-06,B0FFHF7O63,天府公园,双流区,广场,841,1.67,阴,3,10.4,4.3,0.0,16.9,0,0,25.04,50.0,60.0,23.0
2024-02-07,B0FFHF7O63,天府公园,双流区,广场,969,1.96,阴,3,9.1,3.4,0.0,9.9,0,0,25.04,50.0,60.0,23.18
2024-02-08,B0FFHF7O63,天府公园,双流区,广场,841,1.67,小毛毛雨,51,10.0,0.8,0.2,7.3,0,0,25.04,50.0,55.0,22.0
2024-02-09,B0FFHF7O63,天府公园,双流区,广场,756,1.49,阴,3,14.4,3.2,0.0,9.8,0,0,25.04,50.0,60.0,22.89
2024-02-10,B0FFHF7O63,天府公园,双流区,广场,2299,4.9,晴间多云,1,15.0,1.3,0.0,10.0,1,1,25.04,90.0,90.0,38.94
2024-02-11,B0FFHF7O63,天府公园,双流区,广场,1703,3.58,阴,3,16.5,1.7,0.0,10.1,1,1,25.04,90.0,60.0,32.15
2024-02-12,B0FFHF7O63,天府公园,双流区,广场,2731,5.85,多云,2,17.9,4.1,0.0,11.2,0,1,25.04,90.0,80.0,37.51
2024-02-13,B0FFHF7O63,天府公园,双流区,广场,2194,4.67,阴,3,18.8,3.8,0.0,9.4,0,1,25.04,90.0,60.0,32.8
2024-02-14,B0FFHF7O63,天府公园,双流区,广场,1511,3.16,小毛毛雨,51,16.5,6.8,0.2,20.0,0,1,25.04,90.0,55.0,30.9
2024-02-15,B0FFHF7O63,天府公园,双流区,广场,2436,5.2,小毛毛雨,51,16.9,8.4,0.1,16.6,0,1,25.04,90.0,55.0,32.12
2024-02-16,B0FFHF7O63,天府公园,双流区,广场,2201,4.68,阴,3,16.5,2.7,0.0,9.9,0,1,25.04,90.0,60.0,32.81
2024-02-17,B0FFHF7O63,天府公园,双流区,广场,2242,4.77,阴,3,19.8,3.9,0.0,9.6,1,1,25.04,90.0,60.0,32.86
2024-02-18,B0FFHF7O63,天府公园,双流区,广场,1311,2.71,阴,3,21.0,5.0,0.0,11.5,1,0,25.04,70.0,60.0,27.63
2024-02-19,B0FFHF7O63,天府公园,双流区,广场,980,1.98,阴,3,19.1,10.5,0.0,17.1,0,0,25.04,50.0,60.0,23.19
2024-02-20,B0FFHF7O63,天府公园,双流区,广场,934,1.88,阴,3,19.5,7.8,0.0,21.7,0,0,25.04,50.0,60.0,23.13
2024-02-21,B0FFHF7O63,天府公园,双流区,广场,850,1.69,小毛毛雨,51,10.7,6.1,0.4,22.5,0,0,25.04,50.0,55.0,22.01
2024-02-22,B0FFHF7O63,天府公园,双流区,广场,876,1.75,阴,3,8.0,3.7,0.0,17.7,0,0,25.04,50.0,60.0,23.05
2024-02-23,B0FFHF7O63,天府公园,双流区,广场,310,0.5,小雪,71,5.1,2.1,0.7,14.8,0,0,25.04,50.0,50.0,20.3
2024-02-24,B0FFHF7O63,天府公园,双流区,广场,1266,2.61,阴,3,10.2,1.6,0.0,9.0,1,0,25.04,70.0,60.0,27.57
2024-02-25,B0FFHF7O63,天府公园,双流区,广场,895,1.79,小毛毛雨,51,9.7,-0.3,0.5,10.5,1,0,25.04,70.0,55.0,26.07
2024-02-26,B0FFHF7O63,天府公园,双流区,广场,633,1.21,中毛毛雨,53,9.9,4.2,0.7,7.3,0,0,25.04,50.0,45.0,19.73
2024-02-27,B0FFHF7O63,天府公园,双流区,广场,774,1.53,小毛毛雨,51,10.9,3.5,0.7,11.9,0,0,25.04,50.0,55.0,21.92
2024-02-28,B0FFHF7O63,天府公园,双流区,广场,809,1.6,小毛毛雨,51,7.8,5.2,0.8,12.3,0,0,25.04,50.0,55.0,21.96
2024-02-29,B0FFHF7O63,天府公园,双流区,广场,551,1.03,大毛毛雨,55,12.8,2.2,1.8,13.1,0,0,25.04,50.0,35.0,17.62
2024-03-01,B0FFHF7O63,天府公园,双流区,广场,873,1.74,中毛毛雨,53,10.3,3.7,1.8,18.3,0,0,25.04,50.0,45.0,20.04
2024-03-02,B0FFHF7O63,天府公园,双流区,广场,1370,2.84,中毛毛雨,53,11.6,3.2,2.3,11.4,1,0,25.04,70.0,45.0,24.7
2024-03-03,B0FFHF7O63,天府公园,双流区,广场,2098,4.45,小毛毛雨,51,13.7,6.5,0.2,10.3,1,0,25.04,70.0,55.0,27.67
2024-03-04,B0FFHF7O63,天府公园,双流区,广场,1281,2.65,小毛毛雨,51,14.4,3.8,0.1,10.9,0,0,25.04,50.0,55.0,22.59
2024-03-05,B0FFHF7O63,天府公园,双流区,广场,1432,2.98,小毛毛雨,51,17.6,5.6,0.5,15.3,0,0,25.04,50.0,55.0,22.79
2024-03-06,B0FFHF7O63,天府公园,双流区,广场,1535,3.21,小毛毛雨,51,16.5,7.5,0.4,19.3,0,0,25.04,50.0,55.0,22.93
2024-03-07,B0FFHF7O63,天府公园,双流区,广场,1737,3.66,阴,3,17.0,7.8,0.0,12.0,0,0,25.04,50.0,60.0,24.2
2024-03-08,B0FFHF7O63,天府公园,双流区,广场,1459,3.04,小毛毛雨,51,16.2,7.9,0.1,10.7,0,0,25.04,50.0,55.0,22.82
2024-03-09,B0FFHF7O63,天府公园,双流区,广场,2132,4.53,小毛毛雨,51,16.2,5.4,0.1,7.6,1,0,25.04,70.0,55.0,27.72
2024-03-10,B0FFHF7O63,天府公园,双流区,广场,1645,3.45,中毛毛雨,53,16.6,7.6,1.8,11.3,1,0,25.04,70.0,45.0,25.07
2024-03-11,B0FFHF7O63,天府公园,双流区,广场,1668,3.5,阴,3,20.9,6.4,0.0,10.4,0,0,25.04,50.0,60.0,24.1
2024-03-12,B0FFHF7O63,天府公园,双流区,广场,1163,2.39,小毛毛雨,51,17.0,11.8,0.1,16.1,0,0,25.04,50.0,55.0,22.43
2024-03-13,B0FFHF7O63,天府公园,双流区,广场,1707,3.59,小毛毛雨,51,22.0,8.8,0.6,16.0,0,0,25.04,50.0,55.0,23.15
2024-03-14,B0FFHF7O63,天府公园,双流区,广场,1382,2.87,中毛毛雨,53,20.5,11.6,1.7,12.6,0,0,25.04,50.0,45.0,20.72
2024-03-15,B0FFHF7O63,天府公园,双流区,广场,1202,2.47,小毛毛雨,51,21.5,10.8,0.3,12.4,0,0,25.04,50.0,55.0,22.48
2024-03-16,B0FFHF7O63,天府公园,双流区,广场,1848,3.9,小毛毛雨,51,20.5,14.1,0.7,16.9,1,0,25.04,70.0,55.0,27.34
2024-03-17,B0FFHF7O63,天府公园,双流区,广场,1805,3.81,中毛毛雨,53,20.2,12.6,1.4,17.4,1,0,25.04,70.0,45.0,25.29
2024-03-18,B0FFHF7O63,天府公园,双流区,广场,1164,2.39,小毛毛雨,51,17.9,11.1,0.6,14.2,0,0,25.04,50.0,55.0,22.43
2024-03-19,B0FFHF7O63,天府公园,双流区,广场,1043,2.12,大毛毛雨,55,20.1,11.4,3.8,12.1,0,0,25.04,50.0,35.0,18.27
2024-03-20,B0FFHF7O63,天府公园,双流区,广场,1888,3.99,阴,3,21.4,10.6,0.0,8.0,0,0,25.04,50.0,60.0,24.39
2024-03-21,B0FFHF7O63,天府公园,双流区,广场,1671,3.51,阴,3,22.9,9.0,0.0,11.4,0,0,25.04,50.0,60.0,24.11
2024-03-22,B0FFHF7O63,天府公园,双流区,广场,1337,2.77,阴,3,25.8,11.5,0.0,17.4,0,0,25.04,50.0,60.0,23.66
2024-03-23,B0FFHF7O63,天府公园,双流区,广场,2367,5.05,阴,3,27.5,13.9,0.0,18.8,1,0,25.04,70.0,60.0,29.03
2024-03-24,B0FFHF7O63,天府公园,双流区,广场,875,1.75,中雨,63,20.5,13.4,14.1,28.4,1,0,25.04,70.0,30.0,21.05
2024-03-25,B0FFHF7O63,天府公园,双流区,广场,669,1.29,中雨,63,23.6,9.6,3.4,16.0,0,0,25.04,50.0,30.0,16.77
2024-03-26,B0FFHF7O63,天府公园,双流区,广场,1560,3.26,小毛毛雨,51,22.5,14.3,0.1,18.8,0,0,25.04,50.0,55.0,22.96
2024-03-27,B0FFHF7O63,天府公园,双流区,广场,846,1.69,小雨,61,18.2,13.9,11.3,13.0,0,0,25.04,50.0,40.0,19.01
2024-03-28,B0FFHF7O63,天府公园,双流区,广场,2676,5.73,晴,0,25.4,10.2,0.0,13.3,0,0,25.04,50.0,95.0,32.44
2024-03-29,B0FFHF7O63,天府公园,双流区,广场,1404,2.92,阴,3,27.5,11.8,0.0,11.0,0,0,25.04,50.0,60.0,23.75
2024-03-30,B0FFHF7O63,天府公园,双流区,广场,1093,2.23,中雨,63,25.5,16.4,4.5,14.5,1,0,25.04,70.0,30.0,21.34
2024-03-31,B0FFHF7O63,天府公园,双流区,广场,2330,4.97,阴,3,27.0,13.1,0.0,12.1,1,0,25.04,70.0,60.0,28.98
2024-04-01,B0FFHF7O63,天府公园,双流区,广场,1382,2.87,中毛毛雨,53,27.2,16.5,0.9,11.4,0,0,25.04,50.0,45.0,20.72
2024-04-02,B0FFHF7O63,天府公园,双流区,广场,1895,4.01,小毛毛雨,51,28.4,17.0,0.3,12.5,0,0,25.04,50.0,55.0,23.41
2024-04-03,B0FFHF7O63,天府公园,双流区,广场,510,0.94,中雨,63,23.6,16.4,17.3,17.3,0,0,25.04,50.0,30.0,16.56
2024-04-04,B0FFHF7O63,天府公园,双流区,广场,2463,5.26,大毛毛雨,55,24.6,14.8,3.4,15.9,0,1,25.04,90.0,35.0,28.16
2024-04-05,B0FFHF7O63,天府公园,双流区,广场,2216,4.72,中毛毛雨,53,22.5,15.4,1.4,18.9,0,1,25.04,90.0,45.0,29.83
2024-04-06,B0FFHF7O63,天府公园,双流区,广场,1962,4.15,小雨,61,16.4,13.1,4.5,11.9,1,1,25.04,90.0,40.0,28.49
2024-04-07,B0FFHF7O63,天府公园,双流区,广场,1220,2.51,大毛毛雨,55,16.6,12.4,5.9,9.0,1,0,25.04,70.0,35.0,22.51
2024-04-08,B0FFHF7O63,天府公园,双流区,广场,1694,3.56,小毛毛雨,51,21.0,9.7,0.3,9.0,0,0,25.04,50.0,55.0,23.14
2024-04-09,B0FFHF7O63,天府公园,双流区,广场,1074,2.19,中毛毛雨,53,22.1,14.1,1.0,10.2,0,0,25.04,50.0,45.0,20.31
2024-04-10,B0FFHF7O63,天府公园,双流区,广场,2088,4.43,阴,3,24.3,14.7,0.0,12.3,0,0,25.04,50.0,60.0,24.66
2024-04-11,B0FFHF7O63,天府公园,双流区,广场,1561,3.27,中毛毛雨,53,25.0,14.5,1.3,8.4,0,0,25.04,50.0,45.0,20.96
2024-04-12,B0FFHF7O63,天府公园,双流区,广场,1919,4.06,小毛毛雨,51,26.5,14.8,0.7,8.7,0,0,25.04,50.0,55.0,23.44
2024-04-13,B0FFHF7O63,天府公园,双流区,广场,2245,4.78,阴,3,28.4,17.0,0.0,13.7,1,0,25.04,70.0,60.0,28.87
2024-04-14,B0FFHF7O63,天府公园,双流区,广场,2137,4.54,阴,3,30.5,15.6,0.0,11.6,1,0,25.04,70.0,60.0,28.72
2024-04-15,B0FFHF7O63,天府公园,双流区,广场,965,1.95,中毛毛雨,53,31.0,19.2,0.7,14.4,0,0,25.04,50.0,45.0,20.17
2024-04-16,B0FFHF7O63,天府公园,双流区,广场,352,0.59,大雨,65,28.6,18.0,10.3,14.8,0,0,25.04,50.0,20.0,14.35
2024-04-17,B0FFHF7O63,天府公园,双流区,广场,1206,2.48,小雨,61,24.8,17.8,5.5,6.2,0,0,25.04,50.0,40.0,19.49
2024-04-18,B0FFHF7O63,天府公园,双流区,广场,1343,2.78,小雨,61,24.2,18.6,8.7,11.2,0,0,25.04,50.0,40.0,19.67
2024-04-19,B0FFHF7O63,天府公园,双流区,广场,1734,3.65,小毛毛雨,51,27.0,17.3,0.1,12.4,0,0,25.04,50.0,55.0,23.19
2024-04-20,B0FFHF7O63,天府公园,双流区,广场,1021,2.07,中雨,63,22.8,17.3,9.1,20.5,1,0,25.04,70.0,30.0,21.24
2024-04-21,B0FFHF7O63,天府公园,双流区,广场,1763,3.71,小雨,61,26.0,15.4,1.7,9.3,1,0,25.04,70.0,40.0,24.23
2024-04-22,B0FFHF7O63,天府公园,双流区,广场,891,1.78,小雨,61,25.1,16.1,10.2,12.8,0,0,25.04,50.0,40.0,19.07
2024-04-23,B0FFHF7O63,天府公园,双流区,广场,1398,2.91,小毛毛雨,51,23.0,15.1,0.5,13.8,0,0,25.04,50.0,55.0,22.75
2024-04-24,B0FFHF7O63,天府公园,双流区,广场,1806,3.81,小毛毛雨,51,24.4,13.4,0.2,11.5,0,0,25.04,50.0,55.0,23.29
2024-04-25,B0FFHF7O63,天府公园,双流区,广场,1958,4.14,阴,3,25.5,13.4,0.0,9.1,0,0,25.04,50.0,60.0,24.48
2024-04-26,B0FFHF7O63,天府公园,双流区,广场,1435,2.99,小毛毛雨,51,27.0,14.9,0.2,9.0,0,0,25.04,50.0,55.0,22.79
2024-04-27,B0FFHF7O63,天府公园,双流区,广场,1853,3.91,中毛毛雨,53,28.8,17.5,0.8,12.0,1,0,25.04,70.0,45.0,25.35
2024-04-28,B0FFHF7O63,天府公园,双流区,广场,1051,2.14,中雨,63,29.7,17.2,4.8,17.3,1,0,25.04,70.0,30.0,21.28
2024-04-29,B0FFHF7O63,天府公园,双流区,广场,1192,2.45,大毛毛雨,55,22.8,15.9,3.7,31.3,0,0,25.04,50.0,35.0,18.47
2024-04-30,B0FFHF7O63,天府公园,双流区,广场,1390,2.89,小毛毛雨,51,22.6,13.2,0.1,14.7,0,0,25.04,50.0,55.0,22.73
2024-05-01,B0FFHF7O63,天府公园,双流区,广场,2297,4.89,大毛毛雨,55,18.5,15.1,3.1,11.9,0,1,25.04,90.0,35.0,27.93
2024-05-02,B0FFHF7O63,天府公园,双流区,广场,3284,7.08,小毛毛雨,51,19.0,14.0,1.3,11.4,0,1,25.04,90.0,55.0,33.25
2024-05-03,B0FFHF7O63,天府公园,双流区,广场,2815,6.04,小毛毛雨,51,21.1,14.1,0.4,11.9,0,1,25.04,90.0,55.0,32.62
2024-05-04,B0FFHF7O63,天府公园,双流区,广场,3420,7.38,小毛毛雨,51,24.8,14.3,0.2,14.3,1,1,25.04,90.0,55.0,33.43
2024-05-05,B0FFHF7O63,天府公园,双流区,广场,3491,7.53,阴,3,27.3,13.9,0.0,8.4,1,1,25.04,90.0,60.0,34.52
2024-05-06,B0FFHF7O63,天府公园,双流区,广场,1028,2.09,小雨,61,26.5,15.9,3.2,8.4,0,0,25.04,50.0,40.0,19.25
2024-05-07,B0FFHF7O63,天府公园,双流区,广场,629,1.21,中雨,63,26.5,18.4,9.3,12.7,0,0,25.04,50.0,30.0,16.73
2024-05-08,B0FFHF7O63,天府公园,双流区,广场,924,1.86,小雨,61,20.9,18.2,12.0,7.5,0,0,25.04,50.0,40.0,19.12
2024-05-09,B0FFHF7O63,天府公园,双流区,广场,1650,3.46,阴,3,27.2,15.5,0.0,8.9,0,0,25.04,50.0,60.0,24.08
2024-05-10,B0FFHF7O63,天府公园,双流区,广场,1441,3.0,中毛毛雨,53,25.9,17.0,2.6,10.5,0,0,25.04,50.0,45.0,20.8
2024-05-11,B0FFHF7O63,天府公园,双流区,广场,1282,2.65,中雨,63,25.5,18.7,7.4,11.8,1,0,25.04,70.0,30.0,21.59
2024-05-12,B0FFHF7O63,天府公园,双流区,广场,2673,5.73,阴,3,27.0,17.5,0.0,15.9,1,0,25.04,70.0,60.0,29.44
2024-05-13,B0FFHF7O63,天府公园,双流区,广场,1935,4.09,阴,3,29.1,13.9,0.0,11.9,0,0,25.04,50.0,60.0,24.45
2024-05-14,B0FFHF7O63,天府公园,双流区,广场,1931,4.08,阴,3,30.3,16.5,0.0,14.7,0,0,25.04,50.0,60.0,24.45
2024-05-15,B0FFHF7O63,天府公园,双流区,广场,1982,4.2,阴,3,30.9,19.1,0.0,20.1,0,0,25.04,50.0,60.0,24.52
2024-05-16,B0FFHF7O63,天府公园,双流区,广场,1710,3.6,小毛毛雨,51,30.8,18.4,0.5,9.2,0,0,25.04,50.0,55.0,23.16
2024-05-17,B0FFHF7O63,天府公园,双流区,广场,1627,3.41,小毛毛雨,51,28.8,20.8,0.2,7.9,0,0,25.04,50.0,55.0,23.05
2024-05-18,B0FFHF7O63,天府公园,双流区,广场,1138,2.33,小雨,61,30.2,20.7,1.7,16.8,1,0,25.04,70.0,40.0,23.4
2024-05-19,B0FFHF7O63,天府公园,双流区,广场,2460,5.25,阴,3,32.2,18.4,0.0,16.8,1,0,25.04,70.0,60.0,29.15
2024-05-20,B0FFHF7O63,天府公园,双流区,广场,1181,2.43,小雨,61,33.2,18.7,1.4,17.5,0,0,25.04,50.0,40.0,19.46
2024-05-21,B0FFHF7O63,天府公园,双流区,广场,1397,2.9,小毛毛雨,51,32.3,19.5,0.1,13.7,0,0,25.04,50.0,55.0,22.74
2024-05-22,B0FFHF7O63,天府公园,双流区,广场,1192,2.45,小毛毛雨,51,33.0,20.8,0.2,8.7,0,0,25.04,50.0,55.0,22.47
2024-05-23,B0FFHF7O63,天府公园,双流区,广场,1346,2.79,阴,3,35.0,22.5,0.0,11.6,0,0,25.04,50.0,60.0,23.67
2024-05-24,B0FFHF7O63,天府公园,双流区,广场,1446,3.01,阴,3,37.7,24.0,0.0,15.7,0,0,25.04,50.0,60.0,23.81
2024-05-25,B0FFHF7O63,天府公园,双流区,广场,1395,2.9,中毛毛雨,53,35.0,25.0,0.9,24.6,1,0,25.04,70.0,45.0,24.74
2024-05-26,B0FFHF7O63,天府公园,双流区,广场,1828,3.86,阴,3,36.5,22.2,0.0,15.0,1,0,25.04,70.0,60.0,28.32
2024-05-27,B0FFHF7O63,天府公园,双流区,广场,1454,3.03,小毛毛雨,51,34.0,23.7,0.3,13.9,0,0,25.04,50.0,55.0,22.82
2024-05-28,B0FFHF7O63,天府公园,双流区,广场,527,0.98,中雨,63,27.6,21.9,11.7,13.9,0,0,25.04,50.0,30.0,16.59
2024-05-29,B0FFHF7O63,天府公园,双流区,广场,866,1.73,中雨,63,21.6,19.9,8.2,20.6,0,0,25.04,50.0,30.0,17.04
2024-05-30,B0FFHF7O63,天府公园,双流区,广场,1610,3.37,阴,3,30.2,19.5,0.0,10.1,0,0,25.04,50.0,60.0,24.02
2024-05-31,B0FFHF7O63,天府公园,双流区,广场,1711,3.6,阴,3,31.6,18.2,0.0,13.3,0,0,25.04,50.0,60.0,24.16
2024-06-01,B0FFHF7O63,天府公园,双流区,广场,1381,2.87,小毛毛雨,51,27.8,21.8,0.3,14.8,1,0,25.04,70.0,55.0,26.72
2024-06-02,B0FFHF7O63,天府公园,双流区,广场,1749,3.68,小毛毛雨,51,27.5,19.7,0.5,14.8,1,0,25.04,70.0,55.0,27.21
2024-06-03,B0FFHF7O63,天府公园,双流区,广场,1330,2.76,小毛毛雨,51,26.6,19.9,0.2,12.8,0,0,25.04,50.0,55.0,22.66
2024-06-04,B0FFHF7O63,天府公园,双流区,广场,733,1.44,大毛毛雨,55,27.3,18.6,2.4,9.7,0,0,25.04,50.0,35.0,17.86
2024-06-05,B0FFHF7O63,天府公园,双流区,广场,1379,2.86,小毛毛雨,51,28.2,17.7,0.1,11.5,0,0,25.04,50.0,55.0,22.72
2024-06-06,B0FFHF7O63,天府公园,双流区,广场,915,1.84,大毛毛雨,55,27.4,21.1,2.2,16.1,0,0,25.04,50.0,35.0,18.1
2024-06-07,B0FFHF7O63,天府公园,双流区,广场,1422,2.96,小毛毛雨,51,26.3,19.5,0.4,10.1,0,0,25.04,50.0,55.0,22.78
2024-06-08,B0FFHF7O63,天府公园,双流区,广场,2310,4.92,小毛毛雨,51,27.8,21.4,0.1,16.2,1,1,25.04,90.0,55.0,31.95
2024-06-09,B0FFHF7O63,天府公园,双流区,广场,2391,5.1,阴,3,27.0,18.1,0.0,6.8,1,1,25.04,90.0,60.0,33.06
2024-06-10,B0FFHF7O63,天府公园,双流区,广场,2828,6.07,阴,3,28.5,17.7,0.0,7.9,0,1,25.04,90.0,60.0,33.64
2024-06-11,B0FFHF7O63,天府公园,双流区,广场,944,1.9,中毛毛雨,53,31.9,21.9,2.2,12.7,0,0,25.04,50.0,45.0,20.14
2024-06-12,B0FFHF7O63,天府公园,双流区,广场,1370,2.84,阴,3,32.8,20.1,0.0,10.8,0,0,25.04,50.0,60.0,23.7
2024-06-13,B0FFHF7O63,天府公园,双流区,广场,1414,2.94,阴,3,34.5,24.1,0.0,10.2,0,0,25.04,50.0,60.0,23.76
2024-06-14,B0FFHF7O63,天府公园,双流区,广场,1339,2.78,阴,3,36.2,23.4,0.0,9.7,0,0,25.04,50.0,60.0,23.67
2024-06-15,B0FFHF7O63,天府公园,双流区,广场,1145,2.35,中毛毛雨,53,36.2,23.4,1.5,10.5,1,0,25.04,70.0,45.0,24.41
2024-06-16,B0FFHF7O63,天府公园,双流区,广场,1107,2.26,中毛毛雨,53,31.8,25.1,1.2,21.4,1,0,25.04,70.0,45.0,24.36
2024-06-17,B0FFHF7O63,天府公园,双流区,广场,1230,2.53,阴,3,33.7,22.1,0.0,12.4,0,0,25.04,50.0,60.0,23.52
2024-06-18,B0FFHF7O63,天府公园,双流区,广场,709,1.38,小雨,61,31.4,23.1,5.9,15.5,0,0,25.04,50.0,40.0,18.83
2024-06-19,B0FFHF7O63,天府公园,双流区,广场,786,1.55,中毛毛雨,53,31.5,23.4,2.2,9.1,0,0,25.04,50.0,45.0,19.93
2024-06-20,B0FFHF7O63,天府公园,双流区,广场,1115,2.28,小毛毛雨,51,31.8,22.3,1.8,17.8,0,0,25.04,50.0,55.0,22.37
2024-06-21,B0FFHF7O63,天府公园,双流区,广场,806,1.6,中毛毛雨,53,31.3,23.5,1.7,16.7,0,0,25.04,50.0,45.0,19.96
2024-06-22,B0FFHF7O63,天府公园,双流区,广场,1989,4.21,阴,3,34.7,23.6,0.0,15.8,1,0,25.04,70.0,60.0,28.53
2024-06-23,B0FFHF7O63,天府公园,双流区,广场,1681,3.53,阴,3,31.5,22.7,0.0,10.3,1,0,25.04,70.0,60.0,28.12
2024-06-24,B0FFHF7O63,天府公园,双流区,广场,1134,2.32,阴,3,31.9,23.2,0.0,11.0,0,0,25.04,50.0,60.0,23.39
2024-06-25,B0FFHF7O63,天府公园,双流区,广场,979,1.98,小毛毛雨,51,31.5,18.9,1.2,13.0,0,0,25.04,50.0,55.0,22.19
2024-06-26,B0FFHF7O63,天府公园,双流区,广场,1012,2.05,小雨,61,25.1,21.0,8.2,6.1,0,0,25.04,50.0,40.0,19.23
2024-06-27,B0FFHF7O63,天府公园,双流区,广场,692,1.34,中雨,63,28.5,19.4,5.1,7.4,0,0,25.04,50.0,30.0,16.8
2024-06-28,B0FFHF7O63,天府公园,双流区,广场,1039,2.11,小毛毛雨,51,29.0,20.8,0.8,6.6,0,0,25.04,50.0,55.0,22.27
2024-06-29,B0FFHF7O63,天府公园,双流区,广场,1597,3.35,阴,3,30.5,22.0,0.0,11.8,1,0,25.04,70.0,60.0,28.01
2024-06-30,B0FFHF7O63,天府公园,双流区,广场,665,1.28,中雨,63,33.5,22.7,13.1,17.1,1,0,25.04,70.0,30.0,20.77
2024-07-01,B0FFHF7O63,天府公园,双流区,广场,280,0.43,大雨,65,30.9,22.4,18.4,18.7,0,0,25.04,50.0,20.0,14.26
2024-07-02,B0FFHF7O63,天府公园,双流区,广场,1271,2.63,阴,3,32.2,22.5,0.0,14.8,0,0,25.04,50.0,60.0,23.58
2024-07-03,B0FFHF7O63,天府公园,双流区,广场,583,1.1,中雨,63,30.0,22.0,4.7,12.3,0,0,25.04,50.0,30.0,16.66
2024-07-04,B0FFHF7O63,天府公园,双流区,广场,730,1.43,小雨,61,30.2,21.8,3.2,6.5,0,0,25.04,50.0,40.0,18.86
2024-07-05,B0FFHF7O63,天府公园,双流区,广场,732,1.43,大毛毛雨,55,31.9,22.8,1.2,7.4,0,0,25.04,50.0,35.0,17.86
2024-07-06,B0FFHF7O63,天府公园,双流区,广场,991,2.01,大毛毛雨,55,31.8,23.4,5.2,13.6,1,0,25.04,70.0,35.0,22.21
2024-07-07,B0FFHF7O63,天府公园,双流区,广场,1033,2.1,大毛毛雨,55,32.5,24.5,3.4,17.7,1,0,25.04,70.0,35.0,22.26
2024-07-08,B0FFHF7O63,天府公园,双流区,广场,383,0.66,中雨,63,28.9,24.0,18.7,19.1,0,0,25.04,50.0,30.0,16.4
2024-07-09,B0FFHF7O63,天府公园,双流区,广场,619,1.18,小雨,61,29.1,23.9,18.1,15.5,0,0,25.04,50.0,40.0,18.71
2024-07-10,B0FFHF7O63,天府公园,双流区,广场,789,1.56,小雨,61,28.1,23.9,9.5,11.0,0,0,25.04,50.0,40.0,18.94
2024-07-11,B0FFHF7O63,天府公园,双流区,广场,710,1.38,大毛毛雨,55,32.2,23.1,2.3,6.6,0,0,25.04,50.0,35.0,17.83
2024-07-12,B0FFHF7O63,天府公园,双流区,广场,433,0.77,中雨,63,32.1,24.2,8.8,15.5,0,0,25.04,50.0,30.0,16.46
2024-07-13,B0FFHF7O63,天府公园,双流区,广场,613,1.17,中雨,63,29.3,24.1,9.8,16.1,1,0,25.04,70.0,30.0,20.7
2024-07-14,B0FFHF7O63,天府公园,双流区,广场,1194,2.45,小雨,61,27.5,23.1,2.5,20.0,1,0,25.04,70.0,40.0,23.47
2024-07-15,B0FFHF7O63,天府公园,双流区,广场,924,1.86,小毛毛雨,51,31.0,22.7,0.6,12.3,0,0,25.04,50.0,55.0,22.12
2024-07-16,B0FFHF7O63,天府公园,双流区,广场,232,0.33,大雨,65,30.7,23.8,32.9,12.9,0,0,25.04,50.0,20.0,14.2
2024-07-17,B0FFHF7O63,天府公园,双流区,广场,292,0.46,中雨,63,27.7,24.0,37.1,17.3,0,0,25.04,50.0,30.0,16.28
2024-07-18,B0FFHF7O63,天府公园,双流区,广场,681,1.32,小雨,61,31.0,23.4,7.1,10.2,0,0,25.04,50.0,40.0,18.79
2024-07-19,B0FFHF7O63,天府公园,双流区,广场,272,0.42,大雨,65,31.1,23.5,10.9,11.8,0,0,25.04,50.0,20.0,14.25
2024-07-20,B0FFHF7O63,天府公园,双流区,广场,279,0.43,大雨,65,30.8,24.3,37.1,14.5,1,0,25.04,70.0,20.0,18.26
2024-07-21,B0FFHF7O63,天府公园,双流区,广场,599,1.14,中雨,63,29.9,24.3,12.9,10.2,1,0,25.04,70.0,30.0,20.68
2024-07-22,B0FFHF7O63,天府公园,双流区,广场,696,1.35,小雨,61,31.8,24.0,8.1,10.6,0,0,25.04,50.0,40.0,18.81
2024-07-23,B0FFHF7O63,天府公园,双流区,广场,292,0.46,大雨,65,31.3,23.9,17.7,12.5,0,0,25.04,50.0,20.0,14.28
2024-07-24,B0FFHF7O63,天府公园,双流区,广场,464,0.84,中雨,63,29.5,24.4,18.1,22.3,0,0,25.04,50.0,30.0,16.5
2024-07-25,B0FFHF7O63,天府公园,双流区,广场,1241,2.56,阴,3,33.0,23.8,0.0,9.1,0,0,25.04,50.0,60.0,23.54
2024-07-26,B0FFHF7O63,天府公园,双流区,广场,915,1.84,小毛毛雨,51,33.7,23.4,0.2,13.4,0,0,25.04,50.0,55.0,22.1
2024-07-27,B0FFHF7O63,天府公园,双流区,广场,1238,2.55,小毛毛雨,51,30.1,24.8,0.2,13.4,1,0,25.04,70.0,55.0,26.53
2024-07-28,B0FFHF7O63,天府公园,双流区,广场,506,0.93,中雨,63,26.2,23.2,16.6,13.3,1,0,25.04,70.0,30.0,20.56
