poi_name,flow_density_index,social_activity_index,time_activity_index,weather_resilience_index,space_vitality_index,vitality_level,district,type,dist_to_center_km
wood park滑板运动公园(交子店),2.8267341772151897,10.0,59.49,70.69,26.13,较低,武侯区,公园,8.48
万花公园,3.974898734177215,10.0,58.23,50.0,23.24,较低,青羊区,广场,9.34
东安湖公园,3.5848101265822785,87.5,48.1,55.17,41.2,中等,龙泉驿区,广场,18.73
中和湿地公园,2.825177215189873,10.0,56.96,46.55,22.0,较低,双流区,广场,10.57
中环晓院,3.4785443037974684,10.0,53.16,96.55,29.01,较低,武侯区,公园,5.47
二仙桥公园,4.315088607594936,10.0,56.96,55.17,23.89,较低,成华区,广场,6.35
人民公园,26.14039240506329,93.75,50.63,58.62,52.81,中等,青羊区,景区,0.78
兴隆湖湿地公园,4.475189873417722,34.38,34.18,27.59,21.36,较低,双流区,景区,29.38
凤凰山公园,5.0719493670886076,0.0,6.33,25.86,7.17,低,金牛区,广场,9.06
北湖凝萃公园,4.10793670886076,10.0,39.24,77.59,23.63,较低,金牛区,广场,6.96
北湖生态公园,6.436962025316456,100.0,63.29,67.24,50.32,中等,成华区,广场,10.89
南岸公园,2.146240506329114,10.0,60.76,34.48,20.68,较低,双流区,广场,23.79
南湖公园,2.138405063291139,10.0,46.84,56.9,21.26,较低,双流区,广场,17.65
双桂公园,4.326911392405064,10.0,64.56,91.38,30.85,较低,成华区,广场,4.94
国宾蜀园,2.4404177215189873,10.0,45.57,27.59,16.73,低,金牛区,公园,9.56
圣灯公园,6.2115063291139245,10.0,78.48,60.34,29.73,较低,成华区,景区,8.39
塔子山公园,7.174924050632911,100.0,36.71,27.59,39.35,较低,锦江区,广场,6.14
大慈寺,21.76439240506329,100.0,68.35,67.24,57.46,中等,锦江区,景区,1.76
天府公园,2.6599113924050632,100.0,22.78,0.0,30.62,较低,双流区,广场,25.04
天府艺术公园,7.5597088607594936,100.0,72.15,53.45,50.47,中等,金牛区,广场,7.28
天府芙蓉园,10.413582278481012,6.25,45.57,96.55,29.32,较低,武侯区,景区,10.59
彭镇古镇,3.8765569620253166,10.0,0.0,41.38,10.26,低,双流区,景区,20.4
成华公园,4.3367848101265825,10.0,67.09,62.07,26.96,较低,成华区,广场,3.03
成都青羊绿舟文化产业园区,2.942506329113924,10.0,64.56,34.48,21.76,较低,青羊区,公园,13.37
文化公园,9.50120253164557,43.75,97.47,79.31,46.13,中等,青羊区,广场,2.19
新华公园,5.634215189873418,34.38,24.05,46.55,22.64,较低,成华区,广场,3.82
易园园林博物馆,5.973303797468354,10.0,100.0,72.41,35.75,较低,金牛区,景区,8.28
望江楼公园,8.566696202531645,100.0,46.84,91.38,51.5,中等,武侯区,广场,4.03
杉板桥公园,7.731810126582278,10.0,51.9,43.1,22.44,较低,成华区,景区,6.52
桂溪生态公园,7.470632911392405,93.75,82.28,74.14,54.0,中等,武侯区,广场,10.5
棠湖公园,2.622367088607595,10.0,69.62,51.72,25.23,较低,双流区,广场,17.1
武侯体育公园,4.712151898734177,10.0,17.72,86.21,20.86,较低,武侯区,广场,6.83
江安河公园,2.7842911392405063,10.0,45.57,63.79,22.3,较低,双流区,广场,14.57
沙河东篱翠湖公园,5.146367088607595,10.0,79.75,67.24,30.59,较低,锦江区,广场,6.02
洛带古镇,5.900974683544304,100.0,73.42,100.0,57.04,中等,龙泉驿区,景区,25.24
洛水湿地公园,2.0309240506329114,10.0,64.56,75.86,27.6,较低,龙泉驿区,广场,24.38
活水公园,7.955772151898735,6.25,84.81,46.55,28.69,较低,锦江区,广场,2.75
浣花溪公园,9.911455696202532,37.5,31.65,51.72,27.43,较低,青羊区,广场,3.51
海斯凯体育公园,4.913303797468354,10.0,98.73,60.34,33.26,较低,青羊区,广场,6.75
海滨公园,4.278556962025316,10.0,43.04,67.24,22.91,较低,成华区,广场,7.56
温江公园,1.8820379746835443,10.0,86.08,55.17,28.74,较低,温江区,广场,21.48
熊猫小镇红豆古树公园,3.5030759493670884,10.0,72.15,60.34,27.38,较低,成华区,广场,10.86
玉石湿地公园,2.666873417721519,10.0,91.14,31.03,26.45,较低,龙泉驿区,广场,13.61
白鹭湾湿地公园,6.753405063291138,16.67,75.95,93.1,36.02,较低,锦江区,广场,12.04
百花潭公园,8.949443037974683,34.38,64.56,39.66,31.04,较低,青羊区,广场,2.12
老成都民俗公园(人民南路四段),4.743113924050633,10.0,70.89,41.38,24.78,较低,武侯区,广场,4.17
金沙滨河公园,6.4095569620253166,6.25,16.46,65.52,17.25,低,青羊区,广场,6.78
金泉运动公园,3.32173417721519,10.0,83.54,34.48,25.71,较低,金牛区,广场,10.42
金牛公园,4.088379746835443,10.0,77.22,65.52,29.41,较低,金牛区,广场,6.46
锦江体育公园,4.163303797468354,10.0,83.54,77.59,32.51,较低,锦江区,广场,8.02
青羊宫,18.82640506329114,87.5,75.95,67.24,54.68,中等,青羊区,景区,2.26
青龙湖湿地公园,4.043227848101266,100.0,39.24,94.83,48.69,中等,龙泉驿区,广场,11.35
驿马河公园,2.0147088607594936,10.0,44.3,62.07,21.48,较低,龙泉驿区,广场,21.53
鲁家滩湿地公园,1.280746835443038,10.0,51.9,31.03,18.05,低,温江区,广场,28.06
黄忠公园,4.081253164556962,10.0,27.85,39.66,15.65,低,金牛区,广场,6.65
黄龙溪古镇,7.917506329113924,100.0,17.72,62.07,41.02,中等,双流区,景区,38.85
龙泉山城市森林公园,2.0314556962025314,37.5,48.1,6.9,20.84,较低,龙泉驿区,广场,30.85
龙潭新区公园,3.4994177215189874,10.0,24.05,43.1,15.17,低,成华区,广场,13.18
