date,high_temp,low_temp,weather,weather_code,precipitation_mm,max_wind_speed_kmh,wind_direction_deg,is_weekend,is_holiday
2024-01-01,10.7,7.5,小毛毛雨,51,0.4,7.2,334,0,1
2024-01-02,13.6,4.1,阴,3,0.0,10.8,356,0,0
2024-01-03,14.9,4.8,阴,3,0.0,7.7,84,0,0
2024-01-04,10.2,4.2,小毛毛雨,51,0.7,9.7,36,0,0
2024-01-05,12.7,7.1,阴,3,0.0,8.2,286,0,0
2024-01-06,15.6,5.1,阴,3,0.0,10.7,74,1,0
2024-01-07,14.4,7.3,阴,3,0.0,8.7,34,1,0
2024-01-08,14.2,5.1,小毛毛雨,51,0.1,9.7,74,0,0
2024-01-09,15.6,6.2,小毛毛雨,51,1.2,11.8,29,0,0
2024-01-10,15.3,3.3,阴,3,0.0,10.1,28,0,0
2024-01-11,14.8,2.2,阴,3,0.0,8.9,32,0,0
2024-01-12,15.4,4.1,阴,3,0.0,8.2,44,0,0
2024-01-13,14.7,5.1,小毛毛雨,51,0.2,9.5,38,1,0
2024-01-14,15.9,9.8,小毛毛雨,51,0.2,9.9,305,1,0
2024-01-15,16.1,10.1,阴,3,0.0,14.2,43,0,0
2024-01-16,13.8,7.8,阴,3,0.0,13.4,35,0,0
2024-01-17,13.1,4.9,阴,3,0.0,9.7,30,0,0
2024-01-18,14.9,7.9,小毛毛雨,51,0.1,11.3,49,0,0
2024-01-19,13.2,7.3,小毛毛雨,51,0.2,12.7,55,0,0
2024-01-20,11.8,7.4,小毛毛雨,51,1.3,12.2,31,1,0
2024-01-21,8.1,2.4,小雪,71,10.9,26.7,34,1,0
2024-01-22,6.9,0.9,中雪,73,2.2,20.5,43,0,0
2024-01-23,3.3,1.0,小雪,71,1.2,15.6,37,0,0
2024-01-24,3.9,0.6,中雪,73,2.9,14.0,33,0,0
2024-01-25,6.2,-3.2,阴,3,0.0,9.8,31,0,0
2024-01-26,8.3,-1.8,阴,3,0.0,11.9,139,0,0
2024-01-27,8.7,-1.1,小毛毛雨,51,0.6,8.4,134,1,0
2024-01-28,9.4,1.2,小毛毛雨,51,0.6,7.7,141,1,0
2024-01-29,10.4,1.5,小毛毛雨,51,0.5,8.9,59,0,0
2024-01-30,9.1,4.8,阴,3,0.0,10.3,32,0,0
2024-01-31,10.4,5.3,阴,3,0.0,9.0,18,0,0
2024-02-01,12.6,3.7,阴,3,0.0,8.9,80,0,0
2024-02-02,9.8,6.2,小毛毛雨,51,1.0,15.1,31,0,0
2024-02-03,7.1,4.8,小毛毛雨,51,2.3,12.4,35,1,0
2024-02-04,9.6,0.6,小毛毛雨,51,1.2,13.0,52,1,0
2024-02-05,8.4,4.8,阴,3,0.0,12.6,47,0,0
2024-02-06,10.4,4.3,阴,3,0.0,16.9,34,0,0
2024-02-07,9.1,3.4,阴,3,0.0,9.9,48,0,0
2024-02-08,10.0,0.8,小毛毛雨,51,0.2,7.3,21,0,0
2024-02-09,14.4,3.2,阴,3,0.0,9.8,183,0,0
2024-02-10,15.0,1.3,晴间多云,1,0.0,10.0,127,1,1
2024-02-11,16.5,1.7,阴,3,0.0,10.1,34,1,1
2024-02-12,17.9,4.1,多云,2,0.0,11.2,351,0,1
2024-02-13,18.8,3.8,阴,3,0.0,9.4,30,0,1
2024-02-14,16.5,6.8,小毛毛雨,51,0.2,20.0,37,0,1
2024-02-15,16.9,8.4,小毛毛雨,51,0.1,16.6,293,0,1
2024-02-16,16.5,2.7,阴,3,0.0,9.9,99,0,1
2024-02-17,19.8,3.9,阴,3,0.0,9.6,15,1,1
2024-02-18,21.0,5.0,阴,3,0.0,11.5,18,1,0
2024-02-19,19.1,10.5,阴,3,0.0,17.1,43,0,0
2024-02-20,19.5,7.8,阴,3,0.0,21.7,25,0,0
2024-02-21,10.7,6.1,小毛毛雨,51,0.4,22.5,52,0,0
2024-02-22,8.0,3.7,阴,3,0.0,17.7,48,0,0
2024-02-23,5.1,2.1,小雪,71,0.7,14.8,40,0,0
2024-02-24,10.2,1.6,阴,3,0.0,9.0,56,1,0
2024-02-25,9.7,-0.3,小毛毛雨,51,0.5,10.5,77,1,0
2024-02-26,9.9,4.2,中毛毛雨,53,0.7,7.3,38,0,0
2024-02-27,10.9,3.5,小毛毛雨,51,0.7,11.9,64,0,0
2024-02-28,7.8,5.2,小毛毛雨,51,0.8,12.3,17,0,0
2024-02-29,12.8,2.2,大毛毛雨,55,1.8,13.1,38,0,0
2024-03-01,10.3,3.7,中毛毛雨,53,1.8,18.3,25,0,0
2024-03-02,11.6,3.2,中毛毛雨,53,2.3,11.4,114,1,0
2024-03-03,13.7,6.5,小毛毛雨,51,0.2,10.3,44,1,0
2024-03-04,14.4,3.8,小毛毛雨,51,0.1,10.9,31,0,0
2024-03-05,17.6,5.6,小毛毛雨,51,0.5,15.3,360,0,0
2024-03-06,16.5,7.5,小毛毛雨,51,0.4,19.3,346,0,0
2024-03-07,17.0,7.8,阴,3,0.0,12.0,18,0,0
2024-03-08,16.2,7.9,小毛毛雨,51,0.1,10.7,34,0,0
2024-03-09,16.2,5.4,小毛毛雨,51,0.1,7.6,59,1,0
2024-03-10,16.6,7.6,中毛毛雨,53,1.8,11.3,15,1,0
2024-03-11,20.9,6.4,阴,3,0.0,10.4,214,0,0
2024-03-12,17.0,11.8,小毛毛雨,51,0.1,16.1,22,0,0
2024-03-13,22.0,8.8,小毛毛雨,51,0.6,16.0,7,0,0
2024-03-14,20.5,11.6,中毛毛雨,53,1.7,12.6,80,0,0
2024-03-15,21.5,10.8,小毛毛雨,51,0.3,12.4,43,0,0
2024-03-16,20.5,14.1,小毛毛雨,51,0.7,16.9,5,1,0
2024-03-17,20.2,12.6,中毛毛雨,53,1.4,17.4,23,1,0
2024-03-18,17.9,11.1,小毛毛雨,51,0.6,14.2,326,0,0
2024-03-19,20.1,11.4,大毛毛雨,55,3.8,12.1,299,0,0
2024-03-20,21.4,10.6,阴,3,0.0,8.0,175,0,0
2024-03-21,22.9,9.0,阴,3,0.0,11.4,206,0,0
2024-03-22,25.8,11.5,阴,3,0.0,17.4,11,0,0
2024-03-23,27.5,13.9,阴,3,0.0,18.8,31,1,0
2024-03-24,20.5,13.4,中雨,63,14.1,28.4,33,1,0
2024-03-25,23.6,9.6,中雨,63,3.4,16.0,233,0,0
2024-03-26,22.5,14.3,小毛毛雨,51,0.1,18.8,16,0,0
2024-03-27,18.2,13.9,小雨,61,11.3,13.0,5,0,0
2024-03-28,25.4,10.2,晴,0,0.0,13.3,207,0,0
2024-03-29,27.5,11.8,阴,3,0.0,11.0,23,0,0
2024-03-30,25.5,16.4,中雨,63,4.5,14.5,16,1,0
2024-03-31,27.0,13.1,阴,3,0.0,12.1,146,1,0
2024-04-01,27.2,16.5,中毛毛雨,53,0.9,11.4,28,0,0
2024-04-02,28.4,17.0,小毛毛雨,51,0.3,12.5,18,0,0
2024-04-03,23.6,16.4,中雨,63,17.3,17.3,356,0,0
2024-04-04,24.6,14.8,大毛毛雨,55,3.4,15.9,288,0,1
2024-04-05,22.5,15.4,中毛毛雨,53,1.4,18.9,41,0,1
2024-04-06,16.4,13.1,小雨,61,4.5,11.9,1,1,1
2024-04-07,16.6,12.4,大毛毛雨,55,5.9,9.0,292,1,0
2024-04-08,21.0,9.7,小毛毛雨,51,0.3,9.0,162,0,0
2024-04-09,22.1,14.1,中毛毛雨,53,1.0,10.2,71,0,0
2024-04-10,24.3,14.7,阴,3,0.0,12.3,34,0,0
2024-04-11,25.0,14.5,中毛毛雨,53,1.3,8.4,160,0,0
2024-04-12,26.5,14.8,小毛毛雨,51,0.7,8.7,159,0,0
2024-04-13,28.4,17.0,阴,3,0.0,13.7,3,1,0
2024-04-14,30.5,15.6,阴,3,0.0,11.6,198,1,0
2024-04-15,31.0,19.2,中毛毛雨,53,0.7,14.4,34,0,0
2024-04-16,28.6,18.0,大雨,65,10.3,14.8,19,0,0
2024-04-17,24.8,17.8,小雨,61,5.5,6.2,331,0,0
2024-04-18,24.2,18.6,小雨,61,8.7,11.2,21,0,0
2024-04-19,27.0,17.3,小毛毛雨,51,0.1,12.4,285,0,0
2024-04-20,22.8,17.3,中雨,63,9.1,20.5,347,1,0
2024-04-21,26.0,15.4,小雨,61,1.7,9.3,183,1,0
2024-04-22,25.1,16.1,小雨,61,10.2,12.8,30,0,0
2024-04-23,23.0,15.1,小毛毛雨,51,0.5,13.8,228,0,0
2024-04-24,24.4,13.4,小毛毛雨,51,0.2,11.5,108,0,0
2024-04-25,25.5,13.4,阴,3,0.0,9.1,45,0,0
2024-04-26,27.0,14.9,小毛毛雨,51,0.2,9.0,185,0,0
2024-04-27,28.8,17.5,中毛毛雨,53,0.8,12.0,130,1,0
2024-04-28,29.7,17.2,中雨,63,4.8,17.3,30,1,0
2024-04-29,22.8,15.9,大毛毛雨,55,3.7,31.3,39,0,0
2024-04-30,22.6,13.2,小毛毛雨,51,0.1,14.7,347,0,0
2024-05-01,18.5,15.1,大毛毛雨,55,3.1,11.9,40,0,1
2024-05-02,19.0,14.0,小毛毛雨,51,1.3,11.4,25,0,1
2024-05-03,21.1,14.1,小毛毛雨,51,0.4,11.9,21,0,1
2024-05-04,24.8,14.3,小毛毛雨,51,0.2,14.3,198,1,1
2024-05-05,27.3,13.9,阴,3,0.0,8.4,179,1,1
2024-05-06,26.5,15.9,小雨,61,3.2,8.4,140,0,0
2024-05-07,26.5,18.4,中雨,63,9.3,12.7,52,0,0
2024-05-08,20.9,18.2,小雨,61,12.0,7.5,6,0,0
2024-05-09,27.2,15.5,阴,3,0.0,8.9,118,0,0
2024-05-10,25.9,17.0,中毛毛雨,53,2.6,10.5,39,0,0
2024-05-11,25.5,18.7,中雨,63,7.4,11.8,249,1,0
2024-05-12,27.0,17.5,阴,3,0.0,15.9,202,1,0
2024-05-13,29.1,13.9,阴,3,0.0,11.9,169,0,0
2024-05-14,30.3,16.5,阴,3,0.0,14.7,78,0,0
2024-05-15,30.9,19.1,阴,3,0.0,20.1,255,0,0
2024-05-16,30.8,18.4,小毛毛雨,51,0.5,9.2,181,0,0
2024-05-17,28.8,20.8,小毛毛雨,51,0.2,7.9,204,0,0
2024-05-18,30.2,20.7,小雨,61,1.7,16.8,53,1,0
2024-05-19,32.2,18.4,阴,3,0.0,16.8,310,1,0
2024-05-20,33.2,18.7,小雨,61,1.4,17.5,96,0,0
2024-05-21,32.3,19.5,小毛毛雨,51,0.1,13.7,313,0,0
2024-05-22,33.0,20.8,小毛毛雨,51,0.2,8.7,163,0,0
2024-05-23,35.0,22.5,阴,3,0.0,11.6,196,0,0
2024-05-24,37.7,24.0,阴,3,0.0,15.7,176,0,0
2024-05-25,35.0,25.0,中毛毛雨,53,0.9,24.6,37,1,0
2024-05-26,36.5,22.2,阴,3,0.0,15.0,359,1,0
2024-05-27,34.0,23.7,小毛毛雨,51,0.3,13.9,27,0,0
2024-05-28,27.6,21.9,中雨,63,11.7,13.9,46,0,0
2024-05-29,21.6,19.9,中雨,63,8.2,20.6,35,0,0
2024-05-30,30.2,19.5,阴,3,0.0,10.1,249,0,0
2024-05-31,31.6,18.2,阴,3,0.0,13.3,105,0,0
2024-06-01,27.8,21.8,小毛毛雨,51,0.3,14.8,25,1,0
2024-06-02,27.5,19.7,小毛毛雨,51,0.5,14.8,42,1,0
2024-06-03,26.6,19.9,小毛毛雨,51,0.2,12.8,64,0,0
2024-06-04,27.3,18.6,大毛毛雨,55,2.4,9.7,43,0,0
2024-06-05,28.2,17.7,小毛毛雨,51,0.1,11.5,159,0,0
2024-06-06,27.4,21.1,大毛毛雨,55,2.2,16.1,53,0,0
2024-06-07,26.3,19.5,小毛毛雨,51,0.4,10.1,252,0,0
2024-06-08,27.8,21.4,小毛毛雨,51,0.1,16.2,42,1,1
2024-06-09,27.0,18.1,阴,3,0.0,6.8,61,1,1
2024-06-10,28.5,17.7,阴,3,0.0,7.9,86,0,1
2024-06-11,31.9,21.9,中毛毛雨,53,2.2,12.7,193,0,0
2024-06-12,32.8,20.1,阴,3,0.0,10.8,173,0,0
2024-06-13,34.5,24.1,阴,3,0.0,10.2,83,0,0
2024-06-14,36.2,23.4,阴,3,0.0,9.7,216,0,0
2024-06-15,36.2,23.4,中毛毛雨,53,1.5,10.5,204,1,0
2024-06-16,31.8,25.1,中毛毛雨,53,1.2,21.4,48,1,0
2024-06-17,33.7,22.1,阴,3,0.0,12.4,28,0,0
2024-06-18,31.4,23.1,小雨,61,5.9,15.5,37,0,0
2024-06-19,31.5,23.4,中毛毛雨,53,2.2,9.1,187,0,0
2024-06-20,31.8,22.3,小毛毛雨,51,1.8,17.8,39,0,0
2024-06-21,31.3,23.5,中毛毛雨,53,1.7,16.7,287,0,0
2024-06-22,34.7,23.6,阴,3,0.0,15.8,78,1,0
2024-06-23,31.5,22.7,阴,3,0.0,10.3,190,1,0
2024-06-24,31.9,23.2,阴,3,0.0,11.0,168,0,0
2024-06-25,31.5,18.9,小毛毛雨,51,1.2,13.0,179,0,0
2024-06-26,25.1,21.0,小雨,61,8.2,6.1,133,0,0
2024-06-27,28.5,19.4,中雨,63,5.1,7.4,109,0,0
2024-06-28,29.0,20.8,小毛毛雨,51,0.8,6.6,175,0,0
2024-06-29,30.5,22.0,阴,3,0.0,11.8,200,1,0
2024-06-30,33.5,22.7,中雨,63,13.1,17.1,121,1,0
2024-07-01,30.9,22.4,大雨,65,18.4,18.7,24,0,0
2024-07-02,32.2,22.5,阴,3,0.0,14.8,164,0,0
2024-07-03,30.0,22.0,中雨,63,4.7,12.3,35,0,0
2024-07-04,30.2,21.8,小雨,61,3.2,6.5,40,0,0
2024-07-05,31.9,22.8,大毛毛雨,55,1.2,7.4,353,0,0
2024-07-06,31.8,23.4,大毛毛雨,55,5.2,13.6,95,1,0
2024-07-07,32.5,24.5,大毛毛雨,55,3.4,17.7,39,1,0
2024-07-08,28.9,24.0,中雨,63,18.7,19.1,22,0,0
2024-07-09,29.1,23.9,小雨,61,18.1,15.5,12,0,0
2024-07-10,28.1,23.9,小雨,61,9.5,11.0,347,0,0
2024-07-11,32.2,23.1,大毛毛雨,55,2.3,6.6,260,0,0
2024-07-12,32.1,24.2,中雨,63,8.8,15.5,107,0,0
2024-07-13,29.3,24.1,中雨,63,9.8,16.1,28,1,0
2024-07-14,27.5,23.1,小雨,61,2.5,20.0,12,1,0
2024-07-15,31.0,22.7,小毛毛雨,51,0.6,12.3,24,0,0
2024-07-16,30.7,23.8,大雨,65,32.9,12.9,28,0,0
2024-07-17,27.7,24.0,中雨,63,37.1,17.3,15,0,0
2024-07-18,31.0,23.4,小雨,61,7.1,10.2,28,0,0
2024-07-19,31.1,23.5,大雨,65,10.9,11.8,44,0,0
2024-07-20,30.8,24.3,大雨,65,37.1,14.5,24,1,0
2024-07-21,29.9,24.3,中雨,63,12.9,10.2,30,1,0
2024-07-22,31.8,24.0,小雨,61,8.1,10.6,69,0,0
2024-07-23,31.3,23.9,大雨,65,17.7,12.5,34,0,0
2024-07-24,29.5,24.4,中雨,63,18.1,22.3,25,0,0
2024-07-25,33.0,23.8,阴,3,0.0,9.1,272,0,0
2024-07-26,33.7,23.4,小毛毛雨,51,0.2,13.4,334,0,0
2024-07-27,30.1,24.8,小毛毛雨,51,0.2,13.4,304,1,0
2024-07-28,26.2,23.2,中雨,63,16.6,13.3,314,1,0
2024-07-29,31.1,22.2,小毛毛雨,51,0.6,12.2,270,0,0
2024-07-30,30.5,23.4,阴,3,0.0,9.3,202,0,0
2024-07-31,32.6,23.4,多云,2,0.0,8.7,159,0,0
2024-08-01,33.5,23.6,晴间多云,1,0.0,9.7,170,0,0
2024-08-02,33.3,24.2,大毛毛雨,55,2.9,20.1,27,0,0
2024-08-03,30.8,23.9,中雨,63,18.6,14.7,17,1,0
2024-08-04,31.7,23.4,小雨,61,4.7,10.1,41,1,0
2024-08-05,33.2,23.5,小毛毛雨,51,0.1,9.4,145,0,0
2024-08-06,32.7,24.5,中毛毛雨,53,1.1,12.1,24,0,0
2024-08-07,31.6,23.9,中雨,63,7.6,14.8,27,0,0
2024-08-08,32.7,23.5,小雨,61,2.7,14.8,4,0,0
2024-08-09,29.4,24.0,大雨,65,16.1,25.7,20,0,0
2024-08-10,30.1,23.0,大毛毛雨,55,3.0,12.6,248,1,0
2024-08-11,34.3,22.7,阴,3,0.0,8.2,186,1,0
2024-08-12,34.2,22.1,晴,0,0.0,8.0,189,0,0
2024-08-13,34.9,23.1,晴,0,0.0,7.1,180,0,0
2024-08-14,34.2,23.9,阴,3,0.0,11.4,59,0,0
2024-08-15,30.4,23.8,阴,3,0.0,22.9,5,0,0
2024-08-16,33.2,22.7,阴,3,0.0,7.9,215,0,0
2024-08-17,32.5,23.5,阴,3,0.0,7.9,37,1,0
2024-08-18,32.8,23.2,小毛毛雨,51,0.1,10.7,216,1,0
2024-08-19,34.7,23.4,晴间多云,1,0.0,9.3,192,0,0
2024-08-20,35.0,23.9,小毛毛雨,51,0.4,11.9,16,0,0
2024-08-21,36.8,25.0,多云,2,0.0,9.8,31,0,0
2024-08-22,37.6,27.5,多云,2,0.0,14.0,9,0,0
2024-08-23,38.8,25.1,中毛毛雨,53,0.6,17.8,331,0,0
2024-08-24,38.8,25.6,小毛毛雨,51,0.1,14.0,285,1,0
2024-08-25,38.5,26.4,小毛毛雨,51,0.1,10.9,321,1,0
2024-08-26,39.2,26.4,阴,3,0.0,11.2,2,0,0
2024-08-27,38.8,28.0,小毛毛雨,51,0.1,16.0,341,0,0
2024-08-28,38.2,29.5,小毛毛雨,51,0.4,19.1,22,0,0
2024-08-29,37.7,27.4,中雨,63,4.6,20.3,26,0,0
2024-08-30,35.7,25.9,中雨,63,16.0,20.0,23,0,0
2024-08-31,34.1,24.7,中雨,63,12.2,14.8,350,1,0
2024-09-01,34.5,23.8,中雨,63,7.4,11.0,289,1,0
2024-09-02,35.8,24.6,大毛毛雨,55,2.7,13.7,265,0,0
2024-09-03,34.0,24.1,大雨,65,16.8,11.5,3,0,0
2024-09-04,35.2,24.0,中雨,63,7.1,28.8,333,0,0
2024-09-05,34.2,23.7,多云,2,0.0,18.6,350,0,0
2024-09-06,33.0,24.2,中毛毛雨,53,3.3,18.6,0,0,0
2024-09-07,31.9,22.9,中雨,63,6.9,13.5,42,1,0
2024-09-08,33.2,23.2,小毛毛雨,51,0.5,9.9,6,1,0
2024-09-09,31.5,24.1,大雨,65,23.3,18.0,2,0,0
2024-09-10,31.9,23.0,大雨,65,18.1,15.5,16,0,0
2024-09-11,28.0,22.8,大雨,65,29.7,20.8,12,0,0
2024-09-12,30.1,22.1,中雨,63,10.7,15.4,34,0,0
2024-09-13,28.9,23.0,小毛毛雨,51,0.1,18.4,1,0,0
2024-09-14,30.2,22.5,中雨,63,18.2,14.6,331,1,0
2024-09-15,29.0,22.9,大雨,65,16.8,18.2,357,1,1
2024-09-16,31.0,22.8,中毛毛雨,53,1.4,19.0,7,0,1
2024-09-17,32.1,22.1,小毛毛雨,51,0.2,6.9,231,0,1
2024-09-18,32.5,23.0,晴,0,0.0,7.6,183,0,0
2024-09-19,33.1,23.5,小毛毛雨,51,0.2,11.4,359,0,0
2024-09-20,32.8,24.0,小毛毛雨,51,0.2,23.4,32,0,0
2024-09-21,31.6,21.5,阴,3,0.0,18.3,25,1,0
2024-09-22,30.5,20.5,阴,3,0.0,16.2,20,1,0
2024-09-23,28.4,22.8,小毛毛雨,51,0.9,10.4,23,0,0
2024-09-24,28.5,21.9,阴,3,0.0,8.0,1,0,0
2024-09-25,30.5,21.2,小毛毛雨,51,0.3,7.4,323,0,0
2024-09-26,31.6,22.4,小毛毛雨,51,0.1,8.1,210,0,0
2024-09-27,31.8,22.8,小毛毛雨,51,0.5,8.7,346,0,0
2024-09-28,28.8,24.0,中雨,63,10.9,16.9,19,1,0
2024-09-29,26.4,16.6,中雨,63,16.2,38.5,33,1,0
2024-09-30,22.5,16.3,中毛毛雨,53,1.6,17.1,286,0,0
2024-10-01,22.7,17.5,阴,3,0.0,5.9,73,0,1
2024-10-02,22.2,16.5,阴,3,0.0,10.0,194,0,1
2024-10-03,19.9,15.7,小雨,61,5.5,8.1,82,0,1
2024-10-04,20.2,15.9,中毛毛雨,53,1.9,10.4,15,0,1
2024-10-05,20.6,14.7,中雨,63,5.2,8.4,38,1,1
2024-10-06,22.2,16.1,小雨,61,5.9,6.3,89,1,1
2024-10-07,23.3,14.9,中毛毛雨,53,2.0,6.6,171,0,1
2024-10-08,20.8,15.0,小毛毛雨,51,0.8,9.8,78,0,0
2024-10-09,21.5,13.9,中毛毛雨,53,2.5,9.8,38,0,0
2024-10-10,23.4,17.0,中毛毛雨,53,1.2,8.1,27,0,0
2024-10-11,19.4,16.8,小雨,61,4.0,9.8,47,0,0
2024-10-12,20.9,15.1,中毛毛雨,53,1.6,11.6,37,1,0
2024-10-13,22.9,14.4,中毛毛雨,53,1.2,7.1,64,1,0
2024-10-14,23.9,17.2,小毛毛雨,51,0.4,10.8,192,0,0
2024-10-15,25.5,17.9,小毛毛雨,51,0.9,8.9,117,0,0
2024-10-16,22.1,16.1,大毛毛雨,55,2.4,13.8,21,0,0
2024-10-17,23.5,15.8,小雨,61,4.6,8.5,24,0,0
2024-10-18,22.7,18.0,中毛毛雨,53,1.5,10.8,36,0,0
2024-10-19,20.4,18.0,小雨,61,8.9,11.8,22,1,0
2024-10-20,20.9,16.8,中毛毛雨,53,2.5,17.0,45,1,0
2024-10-21,21.6,13.6,阴,3,0.0,20.9,42,0,0
2024-10-22,21.6,13.7,阴,3,0.0,8.9,45,0,0
2024-10-23,23.2,12.9,阴,3,0.0,12.3,69,0,0
2024-10-24,20.5,15.6,中毛毛雨,53,6.2,9.0,30,0,0
2024-10-25,22.9,16.8,小毛毛雨,51,0.1,9.8,16,0,0
2024-10-26,18.9,15.1,中毛毛雨,53,2.1,12.3,2,1,0
2024-10-27,21.2,11.1,多云,2,0.0,10.3,186,1,0
2024-10-28,22.6,12.2,小毛毛雨,51,0.2,7.6,129,0,0
2024-10-29,19.2,12.9,小毛毛雨,51,0.1,13.2,30,0,0
2024-10-30,20.8,15.1,小毛毛雨,51,1.8,9.8,18,0,0
2024-10-31,21.3,15.8,小毛毛雨,51,0.3,12.5,20,0,0
2024-11-01,22.2,15.6,小毛毛雨,51,0.4,6.4,56,0,0
2024-11-02,22.5,12.6,阴,3,0.0,8.3,137,1,0
2024-11-03,19.0,15.4,小毛毛雨,51,0.6,8.1,13,1,0
2024-11-04,19.9,13.4,小毛毛雨,51,0.8,11.9,8,0,0
2024-11-05,20.6,10.0,阴,3,0.0,6.8,89,0,0
2024-11-06,20.0,11.6,小毛毛雨,51,0.1,8.1,54,0,0
2024-11-07,19.6,12.4,阴,3,0.0,5.2,49,0,0
2024-11-08,19.9,12.6,小毛毛雨,51,0.5,6.0,58,0,0
2024-11-09,17.5,13.6,中毛毛雨,53,3.6,12.5,69,1,0
2024-11-10,17.9,14.4,小毛毛雨,51,2.9,10.4,28,1,0
2024-11-11,17.6,14.1,小毛毛雨,51,0.3,8.8,4,0,0
2024-11-12,19.7,14.6,小毛毛雨,51,0.4,10.4,26,0,0
2024-11-13,19.6,14.7,阴,3,0.0,6.8,21,0,0
2024-11-14,20.5,12.6,阴,3,0.0,6.2,64,0,0
2024-11-15,19.5,15.2,小毛毛雨,51,0.1,10.3,24,0,0
2024-11-16,17.6,13.2,阴,3,0.0,14.6,34,1,0
2024-11-17,13.6,10.1,小毛毛雨,51,0.3,12.5,48,1,0
2024-11-18,13.6,9.4,阴,3,0.0,10.2,34,0,0
2024-11-19,12.1,9.1,小毛毛雨,51,0.1,9.3,19,0,0
2024-11-20,16.4,8.4,阴,3,0.0,8.1,106,0,0
2024-11-21,16.4,10.1,阴,3,0.0,7.0,90,0,0
2024-11-22,15.8,8.4,阴,3,0.0,6.8,96,0,0
2024-11-23,15.4,11.1,阴,3,0.0,7.0,42,1,0
2024-11-24,12.7,9.2,大毛毛雨,55,6.0,20.0,33,1,0
2024-11-25,11.6,6.9,小毛毛雨,51,0.3,23.0,34,0,0
2024-11-26,10.2,6.2,阴,3,0.0,8.0,46,0,0
2024-11-27,13.4,6.7,阴,3,0.0,6.7,184,0,0
2024-11-28,14.6,5.3,阴,3,0.0,7.1,202,0,0
2024-11-29,14.5,4.0,阴,3,0.0,6.5,78,0,0
2024-11-30,15.7,4.3,阴,3,0.0,5.9,137,1,0
2024-12-01,15.6,5.6,晴间多云,1,0.0,4.6,106,1,0
2024-12-02,14.1,6.3,阴,3,0.0,9.8,24,0,0
2024-12-03,16.4,9.4,阴,3,0.0,7.9,84,0,0
2024-12-04,13.8,10.1,阴,3,0.0,8.5,4,0,0
2024-12-05,12.3,8.9,阴,3,0.0,10.4,28,0,0
2024-12-06,12.8,7.9,阴,3,0.0,8.7,27,0,0
2024-12-07,10.2,7.3,中毛毛雨,53,3.0,16.6,7,1,0
2024-12-08,8.3,6.4,中毛毛雨,53,3.9,11.8,8,1,0
2024-12-09,8.1,5.7,中毛毛雨,53,4.8,13.8,22,0,0
2024-12-10,9.7,5.1,小毛毛雨,51,0.1,8.2,354,0,0
2024-12-11,11.3,3.0,阴,3,0.0,6.8,39,0,0
2024-12-12,8.9,5.7,小毛毛雨,51,0.4,10.6,12,0,0
2024-12-13,6.6,4.2,阴,3,0.0,13.4,2,0,0
2024-12-14,9.4,2.0,阴,3,0.0,7.9,336,1,0
2024-12-15,10.4,1.0,阴,3,0.0,5.6,125,1,0
2024-12-16,11.4,1.1,阴,3,0.0,5.8,126,0,0
2024-12-17,11.5,3.0,阴,3,0.0,4.9,22,0,0
2024-12-18,10.1,1.5,小毛毛雨,51,0.4,7.9,40,0,0
2024-12-19,9.9,3.7,小毛毛雨,51,0.1,9.2,23,0,0
2024-12-20,10.4,5.9,小毛毛雨,51,0.1,8.7,41,0,0
2024-12-21,9.6,4.7,中毛毛雨,53,1.1,4.6,43,1,0
2024-12-22,7.7,5.0,小毛毛雨,51,2.1,9.8,33,1,0
2024-12-23,7.9,5.3,小毛毛雨,51,1.2,11.5,80,0,0
2024-12-24,10.1,4.3,小毛毛雨,51,0.7,11.6,358,0,0
2024-12-25,9.6,5.1,阴,3,0.0,6.0,3,0,0
2024-12-26,12.6,3.0,阴,3,0.0,3.6,17,0,0
2024-12-27,8.1,5.9,小毛毛雨,51,1.2,12.6,24,0,0
2024-12-28,10.9,3.5,阴,3,0.0,5.3,34,1,0
2024-12-29,6.5,4.8,阴,3,0.0,10.1,8,1,0
2024-12-30,12.9,3.1,阴,3,0.0,5.5,235,0,0
2024-12-31,13.4,4.2,阴,3,0.0,7.0,129,0,0
2025-01-01,12.0,2.3,晴间多云,1,0.0,7.8,23,0,1
2025-01-02,14.3,2.1,小毛毛雨,51,0.2,8.3,65,0,0
2025-01-03,14.1,2.7,阴,3,0.0,12.8,30,0,0
2025-01-04,13.6,3.5,小毛毛雨,51,0.2,11.2,33,1,0
2025-01-05,12.0,2.0,阴,3,0.0,10.2,66,1,0
2025-01-06,12.6,2.2,阴,3,0.0,7.7,39,0,0
2025-01-07,7.8,5.4,中毛毛雨,53,2.3,11.0,7,0,0
2025-01-08,10.1,4.8,小毛毛雨,51,0.2,7.6,355,0,0
2025-01-09,10.9,2.3,小毛毛雨,51,0.4,6.3,25,0,0
2025-01-10,7.5,5.2,中毛毛雨,53,3.4,10.1,33,0,0
2025-01-11,11.4,1.5,小毛毛雨,51,0.5,9.9,231,1,0
2025-01-12,9.1,0.0,阴,3,0.0,7.5,22,1,0
2025-01-13,12.4,3.0,中毛毛雨,53,2.7,6.7,339,0,0
2025-01-14,12.6,6.3,小毛毛雨,51,1.3,6.3,352,0,0
2025-01-15,10.4,4.4,小毛毛雨,51,0.4,11.5,31,0,0
2025-01-16,11.8,4.8,阴,3,0.0,10.1,348,0,0
2025-01-17,9.6,6.6,小毛毛雨,51,0.1,10.7,32,0,0
2025-01-18,13.6,4.2,小毛毛雨,51,0.1,9.8,1,1,0
2025-01-19,13.1,3.4,阴,3,0.0,8.6,123,1,0
2025-01-20,15.4,4.0,阴,3,0.0,6.1,128,0,0
2025-01-21,14.8,4.8,阴,3,0.0,7.6,44,0,0
2025-01-22,12.9,6.7,阴,3,0.0,6.9,40,0,0
2025-01-23,13.6,7.6,阴,3,0.0,9.3,19,0,0
2025-01-24,11.1,8.6,小毛毛雨,51,2.4,12.4,14,0,0
2025-01-25,9.6,6.5,中毛毛雨,53,2.6,22.7,35,1,0
2025-01-26,9.9,2.7,阴,3,0.0,9.4,95,1,0
2025-01-27,6.7,-1.0,阴,3,0.0,9.5,8,0,0
2025-01-28,10.8,-0.4,阴,3,0.0,6.6,89,0,1
2025-01-29,12.4,0.2,阴,3,0.0,5.6,87,0,1
2025-01-30,9.5,5.8,小毛毛雨,51,0.7,7.8,2,0,1
2025-01-31,11.4,5.7,中毛毛雨,53,1.3,13.9,5,0,1
2025-02-01,9.5,5.9,小毛毛雨,51,0.5,11.1,18,1,1
2025-02-02,11.6,6.1,小毛毛雨,51,0.1,10.8,14,1,1
2025-02-03,13.1,6.1,阴,3,0.0,10.4,8,0,1
2025-02-04,12.7,2.8,小毛毛雨,51,0.1,9.0,47,0,1
2025-02-05,9.0,6.3,小毛毛雨,51,0.6,11.4,13,0,0
2025-02-06,8.2,5.1,小毛毛雨,51,1.8,12.0,358,0,0
2025-02-07,7.5,4.8,中毛毛雨,53,2.3,13.4,20,0,0
2025-02-08,8.6,3.0,中毛毛雨,53,5.6,15.5,19,1,0
2025-02-09,8.7,4.4,中毛毛雨,53,4.2,7.3,25,1,0
2025-02-10,11.3,2.0,小毛毛雨,51,0.2,6.0,85,0,0
2025-02-11,11.1,4.7,阴,3,0.0,8.8,17,0,0
2025-02-12,10.7,5.5,中毛毛雨,53,1.3,16.4,33,0,0
2025-02-13,10.0,4.9,阴,3,0.0,10.7,63,0,0
2025-02-14,10.0,4.2,小毛毛雨,51,0.2,7.1,11,0,0
2025-02-15,13.1,3.7,中毛毛雨,53,2.3,7.6,141,1,0
2025-02-16,12.6,6.7,小毛毛雨,51,0.6,7.3,256,1,0
2025-02-17,14.2,7.4,阴,3,0.0,7.1,56,0,0
2025-02-18,11.6,8.4,中毛毛雨,53,5.0,7.3,48,0,0
2025-02-19,10.1,7.3,中毛毛雨,53,2.8,7.6,24,0,0
2025-02-20,11.9,7.2,中毛毛雨,53,2.1,10.8,30,0,0
2025-02-21,9.9,7.2,中毛毛雨,53,3.6,8.8,22,0,0
2025-02-22,8.9,7.4,中毛毛雨,53,5.2,13.4,26,1,0
2025-02-23,8.7,5.9,小毛毛雨,51,1.1,11.0,29,1,0
2025-02-24,8.5,5.2,中毛毛雨,53,1.6,11.9,25,0,0
2025-02-25,14.1,3.5,小毛毛雨,51,0.1,9.9,96,0,0
2025-02-26,14.1,4.4,小毛毛雨,51,0.5,10.0,149,0,0
2025-02-27,14.1,7.3,阴,3,0.0,8.3,14,0,0
2025-02-28,18.2,4.7,阴,3,0.0,6.1,134,0,0
2025-03-01,16.8,6.3,中毛毛雨,53,0.7,8.5,14,1,0
2025-03-02,19.1,9.8,中毛毛雨,53,1.8,12.6,5,1,0
2025-03-03,18.2,9.1,中毛毛雨,53,1.6,12.6,92,0,0
2025-03-04,14.6,9.1,小雨,61,3.7,10.6,31,0,0
2025-03-05,11.1,9.2,大毛毛雨,55,10.2,13.8,21,0,0
2025-03-06,9.9,7.4,中毛毛雨,53,3.4,11.5,2,0,0
2025-03-07,11.1,4.8,中毛毛雨,53,2.3,5.9,24,0,0
2025-03-08,12.4,6.1,小毛毛雨,51,1.6,6.3,69,1,0
2025-03-09,13.8,6.4,小毛毛雨,51,0.4,5.9,35,1,0
2025-03-10,15.4,7.4,小毛毛雨,51,0.2,6.6,133,0,0
2025-03-11,16.8,10.2,小毛毛雨,51,0.3,10.9,354,0,0
2025-03-12,17.9,11.4,小毛毛雨,51,0.2,14.6,45,0,0
2025-03-13,16.1,8.9,小毛毛雨,51,0.5,7.2,34,0,0
2025-03-14,18.2,10.6,小雨,61,6.0,10.8,3,0,0
2025-03-15,13.1,10.2,大毛毛雨,55,4.4,15.7,15,1,0
2025-03-16,10.9,5.7,小雪,71,1.2,12.8,14,1,0
2025-03-17,8.4,3.1,中毛毛雨,53,2.1,8.2,211,0,0
2025-03-18,12.4,5.0,小毛毛雨,51,0.1,9.6,213,0,0
2025-03-19,15.6,4.4,阴,3,0.0,8.5,143,0,0
2025-03-20,17.0,5.4,阴,3,0.0,7.1,43,0,0
2025-03-21,19.4,5.0,小毛毛雨,51,0.1,6.2,45,0,0
2025-03-22,18.6,8.1,阴,3,0.0,6.0,336,1,0
2025-03-23,22.0,10.4,小毛毛雨,51,0.2,11.1,204,1,0
2025-03-24,24.1,9.5,阴,3,0.0,10.8,154,0,0
2025-03-25,27.0,9.6,晴,0,0.0,9.9,144,0,0
2025-03-26,30.1,12.2,晴,0,0.0,9.4,37,0,0
2025-03-27,26.6,15.8,阴,3,0.0,26.6,48,0,0
2025-03-28,13.7,8.5,小毛毛雨,51,0.3,25.7,47,0,0
2025-03-29,11.5,6.7,阴,3,0.0,13.9,50,1,0
2025-03-30,12.6,4.8,中雪,73,6.2,6.9,100,1,0
2025-03-31,9.8,6.8,小雨,61,5.1,8.2,285,0,0
2025-04-01,14.5,6.8,中毛毛雨,53,2.1,8.7,190,0,0
2025-04-02,19.5,7.1,中毛毛雨,53,1.5,7.4,192,0,0
2025-04-03,21.4,10.9,小雨,61,3.5,5.8,120,0,0
2025-04-04,22.1,12.1,小毛毛雨,51,0.6,9.4,334,0,1
2025-04-05,21.0,12.8,小毛毛雨,51,1.1,11.9,248,1,1
2025-04-06,21.2,12.5,小毛毛雨,51,0.1,9.1,132,1,1
2025-04-07,24.4,10.6,阴,3,0.0,8.9,164,0,0
2025-04-08,28.4,13.6,阴,3,0.0,10.8,143,0,0
2025-04-09,29.6,15.9,小毛毛雨,51,0.3,9.6,146,0,0
2025-04-10,31.4,19.3,阴,3,0.0,11.3,121,0,0
2025-04-11,27.2,18.6,小雨,61,6.5,25.5,30,0,0
2025-04-12,17.8,12.1,大毛毛雨,55,9.0,15.5,274,1,0
2025-04-13,25.9,11.6,阴,3,0.0,8.7,180,1,0
2025-04-14,26.6,11.9,阴,3,0.0,6.2,231,0,0
2025-04-15,29.3,15.9,阴,3,0.0,8.3,52,0,0
2025-04-16,29.4,15.4,小毛毛雨,51,0.1,8.3,138,0,0
2025-04-17,32.5,16.8,阴,3,0.0,12.8,160,0,0
2025-04-18,34.4,20.3,小毛毛雨,51,0.2,20.8,32,0,0
2025-04-19,35.0,20.0,阴,3,0.0,15.1,184,1,0
2025-04-20,33.5,21.9,中毛毛雨,53,1.0,9.2,62,1,0
2025-04-21,29.5,21.0,中毛毛雨,53,0.8,28.1,42,0,0
2025-04-22,28.9,16.6,中雨,63,3.1,15.1,93,0,0
2025-04-23,22.5,14.4,中毛毛雨,53,1.5,9.8,215,0,0
2025-04-24,23.7,15.7,中毛毛雨,53,2.9,10.4,131,0,0
2025-04-25,22.1,15.8,大毛毛雨,55,3.9,9.6,68,0,0
2025-04-26,21.0,15.5,小雨,61,4.0,8.9,17,1,0
2025-04-27,26.5,13.6,阴,3,0.0,5.6,307,1,0
2025-04-28,26.4,17.7,小毛毛雨,51,0.7,14.8,44,0,0
2025-04-29,20.1,16.3,小雨,61,6.9,9.2,298,0,0
2025-04-30,26.1,15.1,阴,3,0.0,10.6,166,0,0
2025-05-01,30.8,15.4,阴,3,0.0,10.8,187,0,1
2025-05-02,31.4,17.6,阴,3,0.0,7.7,54,0,1
2025-05-03,33.4,20.6,阴,3,0.0,8.1,35,1,1
2025-05-04,29.7,19.5,中雨,63,12.5,24.9,63,1,1
2025-05-05,27.0,14.5,中雨,63,6.2,24.0,162,0,1
2025-05-06,27.0,18.4,小毛毛雨,51,0.1,12.0,185,0,0
2025-05-07,26.2,15.1,中毛毛雨,53,2.6,13.1,56,0,0
2025-05-08,28.4,16.0,中雨,63,7.3,12.2,197,0,0
2025-05-09,25.6,18.0,阴,3,0.0,18.1,33,0,0
2025-05-10,25.5,16.1,中毛毛雨,53,0.7,15.1,192,1,0
2025-05-11,28.5,13.4,晴间多云,1,0.0,12.3,162,1,0
2025-05-12,31.6,15.6,阴,3,0.0,15.1,75,0,0
2025-05-13,33.0,22.6,阴,3,0.0,15.6,85,0,0
2025-05-14,30.0,23.0,阴,3,0.0,13.0,16,0,0
2025-05-15,31.8,21.6,阴,3,0.0,11.5,141,0,0
2025-05-16,27.0,21.0,小毛毛雨,51,0.2,7.9,213,0,0
2025-05-17,28.4,20.7,阴,3,0.0,8.4,164,1,0
2025-05-18,31.6,20.2,阴,3,0.0,11.9,193,1,0
2025-05-19,34.3,19.2,阴,3,0.0,8.6,163,0,0
2025-05-20,36.3,22.5,阴,3,0.0,10.7,151,0,0
2025-05-21,36.0,24.9,小毛毛雨,51,0.4,17.6,260,0,0
2025-05-22,35.2,24.5,阴,3,0.0,15.3,9,0,0
2025-05-23,29.7,22.8,阴,3,0.0,13.7,340,0,0
2025-05-24,30.5,20.2,阴,3,0.0,17.2,196,1,0
2025-05-25,31.0,18.3,阴,3,0.0,14.1,126,1,0
2025-05-26,30.2,21.7,小毛毛雨,51,0.8,13.9,37,0,0
2025-05-27,25.1,19.0,中雨,63,25.3,20.8,23,0,0
2025-05-28,28.0,17.9,阴,3,0.0,8.7,345,0,0
2025-05-29,28.2,18.9,小毛毛雨,51,0.8,7.3,175,0,0
2025-05-30,26.9,20.1,中毛毛雨,53,3.7,15.4,29,0,0
2025-05-31,22.5,18.5,小毛毛雨,51,1.9,10.7,18,1,1
2025-06-01,24.1,18.5,小雨,61,2.1,8.4,312,1,1
2025-06-02,26.0,19.1,小毛毛雨,51,0.2,11.0,220,0,1
2025-06-03,28.1,19.1,中毛毛雨,53,0.5,7.5,142,0,0
2025-06-04,30.8,18.6,小毛毛雨,51,0.2,5.8,28,0,0
2025-06-05,32.0,22.1,阴,3,0.0,8.1,187,0,0
2025-06-06,34.4,24.2,阴,3,0.0,9.6,332,0,0
2025-06-07,32.8,25.5,阴,3,0.0,12.8,321,1,0
2025-06-08,36.9,26.0,阴,3,0.0,12.2,62,1,0
2025-06-09,33.4,24.0,小毛毛雨,51,0.1,22.1,76,0,0
2025-06-10,37.7,21.1,阴,3,0.0,15.0,248,0,0
2025-06-11,38.0,23.3,阴,3,0.0,8.8,47,0,0
2025-06-12,39.1,25.5,多云,2,0.0,10.7,174,0,0
2025-06-13,39.7,27.4,多云,2,0.0,11.7,196,0,0
2025-06-14,34.0,25.8,小毛毛雨,51,0.2,23.2,47,1,0
2025-06-15,36.6,24.0,阴,3,0.0,14.5,185,1,0
2025-06-16,39.3,26.0,阴,3,0.0,14.9,81,0,0
2025-06-17,40.3,25.5,大雨,65,20.8,12.7,128,0,0
2025-06-18,27.1,23.5,大雨,65,36.5,18.2,16,0,0
2025-06-19,31.6,23.9,中毛毛雨,53,1.1,8.9,327,0,0
2025-06-20,29.9,23.9,阴,3,0.0,11.4,339,0,0
2025-06-21,30.0,21.9,小雨,61,1.9,9.6,192,1,0
2025-06-22,29.0,22.1,小毛毛雨,51,1.3,14.0,24,1,0
2025-06-23,28.9,21.6,小雨,61,2.3,12.4,1,0,0
2025-06-24,22.6,20.0,中雨,63,55.5,17.8,15,0,0
2025-06-25,28.0,18.7,小雨,61,2.4,6.5,108,0,0
2025-06-26,29.2,20.0,小毛毛雨,51,1.5,6.9,151,0,0
2025-06-27,29.9,22.5,中毛毛雨,53,1.3,5.7,34,0,0
2025-06-28,31.8,23.7,小毛毛雨,51,0.6,6.6,21,1,0
2025-06-29,27.7,22.4,中雨,63,28.3,13.4,11,1,0
2025-06-30,30.8,21.1,多云,2,0.0,11.3,19,0,0
2025-07-01,30.6,22.5,小毛毛雨,51,0.9,9.5,55,0,0
2025-07-02,28.9,23.2,小雨,61,2.8,12.2,18,0,0
2025-07-03,27.0,23.2,大雨,65,37.1,13.3,16,0,0
2025-07-04,30.3,22.5,大雨,65,35.2,18.1,11,0,0
2025-07-05,28.5,21.0,中雨,63,13.7,17.9,326,1,0
2025-07-06,27.0,21.3,中雨,63,11.9,10.3,339,1,0
2025-07-07,28.2,21.1,大毛毛雨,55,6.3,8.2,28,0,0
2025-07-08,29.8,21.5,小毛毛雨,51,0.2,7.6,28,0,0
2025-07-09,31.4,22.5,小雨,61,2.9,8.8,32,0,0
2025-07-10,30.5,22.4,小雨,61,5.7,11.0,358,0,0
2025-07-11,29.1,22.6,中雨,63,11.1,10.3,345,0,0
2025-07-12,31.4,22.4,小毛毛雨,51,0.3,6.2,172,1,0
2025-07-13,32.3,23.8,小毛毛雨,51,0.5,7.1,86,1,0
2025-07-14,33.6,23.9,小雨,61,3.0,9.2,331,0,0
2025-07-15,35.8,24.9,晴间多云,1,0.0,5.6,265,0,0
2025-07-16,38.7,26.5,阴,3,0.0,9.6,221,0,0
2025-07-17,40.2,27.8,小毛毛雨,51,0.5,9.2,258,0,0
2025-07-18,34.0,28.9,小雨,61,3.9,16.9,9,0,0
2025-07-19,32.0,24.8,大雨,65,34.3,14.9,6,1,0
2025-07-20,31.9,24.6,小雨,61,2.9,14.3,11,1,0
2025-07-21,32.5,24.6,阴,3,0.0,11.5,358,0,0
2025-07-22,32.8,24.0,中毛毛雨,53,2.1,12.4,250,0,0
2025-07-23,31.3,24.2,大雨,65,35.1,8.9,352,0,0
2025-07-24,30.3,23.8,中雨,63,16.2,10.8,21,0,0
2025-07-25,29.9,23.3,大雨,65,44.5,10.2,18,0,0
2025-07-26,31.2,23.6,中雨,63,19.9,12.8,352,1,0
2025-07-27,32.8,23.5,小毛毛雨,51,0.3,4.9,184,1,0
2025-07-28,34.2,24.1,小毛毛雨,51,0.1,6.5,172,0,0
2025-07-29,34.7,25.9,阴,3,0.0,5.9,45,0,0
2025-07-30,34.0,25.4,中毛毛雨,53,1.1,6.9,218,0,0
2025-07-31,35.5,24.6,阴,3,0.0,8.3,176,0,0
2025-08-01,36.3,26.6,阴,3,0.0,7.0,26,0,0
2025-08-02,39.3,26.7,多云,2,0.0,10.5,176,1,0
2025-08-03,40.0,28.5,阴,3,0.0,11.0,147,1,0
2025-08-04,38.7,28.6,中雨,63,3.7,13.2,58,0,0
2025-08-05,39.3,26.6,中毛毛雨,53,1.9,13.7,319,0,0
2025-08-06,33.8,26.9,中雨,63,14.6,16.4,291,0,0
2025-08-07,31.4,25.8,中雨,63,12.8,6.5,318,0,0
2025-08-08,32.6,25.1,大雨,65,16.5,15.2,231,0,0
2025-08-09,30.5,24.8,大雨,65,37.5,8.6,357,1,0
2025-08-10,28.8,24.2,中雨,63,20.4,11.2,346,1,0
2025-08-11,31.5,23.8,中毛毛雨,53,0.9,9.4,258,0,0
2025-08-12,31.3,23.0,小毛毛雨,51,1.0,5.6,93,0,0
2025-08-13,33.5,23.9,阴,3,0.0,6.5,209,0,0
2025-08-14,32.7,24.7,中毛毛雨,53,1.7,8.1,13,0,0
2025-08-15,34.0,24.4,中雨,63,5.6,6.0,359,0,0
2025-08-16,28.9,23.0,小雨,61,7.6,12.7,17,1,0
2025-08-17,31.3,22.7,中雨,63,7.1,9.0,357,1,0
2025-08-18,30.1,22.7,中雨,63,5.9,9.1,287,0,0
2025-08-19,31.1,22.8,中雨,63,7.4,10.3,2,0,0
2025-08-20,33.3,23.2,小毛毛雨,51,0.3,14.2,356,0,0
2025-08-21,32.5,24.1,大雨,65,16.9,12.9,360,0,0
2025-08-22,31.0,22.5,中毛毛雨,53,1.3,9.2,29,0,0
2025-08-23,29.5,22.6,中雨,63,13.4,15.0,14,1,0
2025-08-24,29.2,23.2,中雨,63,11.7,12.4,32,1,0
2025-08-25,27.9,23.1,大雨,65,28.9,10.1,28,0,0
2025-08-26,30.8,22.6,中雨,63,8.7,9.9,9,0,0
2025-08-27,28.9,23.3,中雨,63,6.9,15.2,350,0,0
2025-08-28,24.4,22.1,大雨,65,60.3,19.8,2,0,0
2025-08-29,22.8,18.9,中雨,63,15.8,15.3,336,0,0
2025-08-30,23.7,19.6,大毛毛雨,55,3.1,6.5,12,1,0
2025-08-31,25.9,19.6,阴,3,0.0,6.5,200,1,0
2025-09-01,28.1,19.5,小毛毛雨,51,1.3,5.9,100,0,0
2025-09-02,28.0,22.7,小毛毛雨,51,0.7,13.9,29,0,0
2025-09-03,29.8,22.0,阴,3,0.0,10.4,13,0,0
2025-09-04,31.2,22.4,小毛毛雨,51,0.7,6.1,44,0,0
2025-09-05,26.4,20.4,大雨,65,29.3,19.3,355,0,0
2025-09-06,27.0,20.5,小毛毛雨,51,0.4,11.8,254,1,0
2025-09-07,28.2,19.8,小毛毛雨,51,0.3,9.0,70,1,0
2025-09-08,29.1,21.6,小毛毛雨,51,0.9,7.0,252,0,0
2025-09-09,28.8,21.0,小毛毛雨,51,1.6,8.9,48,0,0
2025-09-10,27.1,22.3,大毛毛雨,55,6.3,6.6,8,0,0
2025-09-11,26.0,22.5,中雨,63,13.6,11.4,17,0,0
2025-09-12,25.9,22.2,小雨,61,3.0,9.2,345,0,0
2025-09-13,29.3,21.5,大毛毛雨,55,2.7,6.5,57,1,0
2025-09-14,30.8,22.5,小毛毛雨,51,0.1,5.8,114,1,0
2025-09-15,29.4,23.7,小雨,61,2.8,10.2,10,0,0
2025-09-16,25.4,21.7,大雨,65,39.0,16.4,4,0,0
2025-09-17,27.6,20.9,中雨,63,11.0,15.4,22,0,0
2025-09-18,25.8,19.9,小毛毛雨,51,0.7,14.0,32,0,0
2025-09-19,25.0,18.5,小毛毛雨,51,0.8,10.8,273,0,0
2025-09-20,26.4,19.0,小毛毛雨,51,1.4,9.6,58,1,0
2025-09-21,23.3,19.0,大毛毛雨,55,2.8,14.8,30,1,0
2025-09-22,23.7,17.6,小雨,61,8.8,11.3,30,0,0
2025-09-23,26.0,18.8,中雨,63,8.6,8.5,18,0,0
2025-09-24,26.9,17.0,阴,3,0.0,10.3,137,0,0
2025-09-25,27.4,17.8,小毛毛雨,51,0.2,9.2,121,0,0
2025-09-26,25.4,20.3,小雨,61,2.6,8.5,134,0,0
2025-09-27,25.9,20.8,大毛毛雨,55,5.3,10.2,46,1,0
2025-09-28,24.2,20.6,小毛毛雨,51,0.3,13.5,14,1,0
2025-09-29,25.7,19.4,小毛毛雨,51,0.1,7.9,212,0,0
2025-09-30,25.9,20.0,小毛毛雨,51,0.3,4.6,85,0,0
2025-10-01,24.5,20.6,阴,3,0.0,11.4,23,0,1
2025-10-02,27.3,19.9,阴,3,0.0,7.4,218,0,1
2025-10-03,26.4,20.9,阴,3,0.0,9.0,36,0,1
2025-10-04,25.3,21.6,小毛毛雨,51,0.1,10.6,22,1,1
2025-10-05,22.8,20.4,小毛毛雨,51,0.6,9.4,11,1,1
2025-10-06,22.6,18.7,中毛毛雨,53,3.9,12.3,27,0,1
2025-10-07,24.8,18.6,中毛毛雨,53,0.8,6.3,32,0,1
2025-10-08,27.0,20.9,小雨,61,3.2,10.0,22,0,1
2025-10-09,27.9,21.5,小雨,61,5.5,11.4,14,0,0
2025-10-10,27.8,21.8,小毛毛雨,51,1.3,12.5,26,0,0
2025-10-11,22.5,18.4,大毛毛雨,55,3.4,21.7,30,1,0
2025-10-12,21.0,18.1,中毛毛雨,53,1.1,15.8,15,1,0
2025-10-13,23.0,16.8,小毛毛雨,51,0.1,10.2,202,0,0
2025-10-14,23.5,17.5,阴,3,0.0,8.3,111,0,0
2025-10-15,26.0,18.4,小雨,61,1.5,9.5,66,0,0
2025-10-16,23.7,18.8,小毛毛雨,51,0.4,10.3,23,0,0
2025-10-17,21.5,18.0,小毛毛雨,51,0.1,19.1,33,0,0
2025-10-18,22.2,16.2,中毛毛雨,53,1.0,9.8,46,1,0
2025-10-19,20.7,16.5,小毛毛雨,51,0.2,11.6,25,1,0
2025-10-20,16.8,13.6,大毛毛雨,55,4.1,14.0,22,0,0
2025-10-21,17.4,12.6,小毛毛雨,51,0.2,9.0,35,0,0
2025-10-22,16.3,13.6,小毛毛雨,51,2.0,10.8,36,0,0
2025-10-23,14.6,13.4,中毛毛雨,53,10.2,11.8,38,0,0
2025-10-24,14.4,12.6,中毛毛雨,53,3.5,11.1,25,0,0
2025-10-25,17.9,12.1,小毛毛雨,51,0.6,8.3,32,1,0
2025-10-26,18.5,12.8,中毛毛雨,53,2.4,5.3,203,1,0
2025-10-27,19.2,11.4,中毛毛雨,53,0.8,7.8,162,0,0
2025-10-28,18.8,12.9,小毛毛雨,51,0.2,7.8,101,0,0
2025-10-29,17.2,14.1,中毛毛雨,53,3.2,8.0,22,0,0
2025-10-30,18.8,13.4,小毛毛雨,51,0.1,7.5,122,0,0
2025-10-31,16.8,14.1,小雨,61,7.2,6.5,350,0,0
2025-11-01,15.5,13.1,小毛毛雨,51,3.4,9.5,195,1,0
2025-11-02,17.0,12.4,小毛毛雨,51,2.0,4.9,222,1,0
2025-11-03,15.9,13.6,中毛毛雨,53,4.7,5.3,176,0,0
2025-11-04,17.9,11.6,小毛毛雨,51,2.0,9.3,138,0,0
2025-11-05,16.5,13.2,小毛毛雨,51,1.8,7.1,32,0,0
2025-11-06,17.0,13.6,小毛毛雨,51,0.4,7.2,31,0,0
2025-11-07,18.8,14.2,小毛毛雨,51,0.3,9.3,12,0,0
2025-11-08,20.0,14.4,阴,3,0.0,6.6,13,1,0
2025-11-09,19.2,14.6,小毛毛雨,51,0.4,8.9,26,1,0
2025-11-10,15.6,12.6,阴,3,0.0,15.4,24,0,0
2025-11-11,17.2,11.8,小毛毛雨,51,0.1,6.1,20,0,0
2025-11-12,15.9,13.0,中毛毛雨,53,2.3,6.2,348,0,0
2025-11-13,19.0,11.9,小毛毛雨,51,0.6,7.9,195,0,0
2025-11-14,16.2,12.9,小毛毛雨,51,0.5,8.0,7,0,0
2025-11-15,19.8,12.8,阴,3,0.0,8.1,53,1,0
2025-11-16,16.9,12.1,小毛毛雨,51,0.9,10.1,23,1,0
2025-11-17,13.9,10.2,小毛毛雨,51,1.0,16.2,37,0,0
2025-11-18,10.8,6.9,阴,3,0.0,13.2,35,0,0
2025-11-19,13.2,5.5,阴,3,0.0,9.8,154,0,0
2025-11-20,13.5,4.2,阴,3,0.0,5.8,219,0,0
2025-11-21,14.8,5.6,阴,3,0.0,6.4,102,0,0
2025-11-22,14.5,9.0,阴,3,0.0,6.3,50,1,0
2025-11-23,16.7,8.6,阴,3,0.0,7.5,170,1,0
2025-11-24,14.2,6.4,阴,3,0.0,17.8,42,0,0
2025-11-25,15.6,4.4,阴,3,0.0,6.1,101,0,0
2025-11-26,14.0,7.1,中毛毛雨,53,0.8,11.4,5,0,0
2025-11-27,15.8,4.2,阴,3,0.0,7.7,116,0,0
2025-11-28,12.8,5.2,阴,3,0.0,5.3,22,0,0
2025-11-29,14.9,6.1,阴,3,0.0,5.4,349,1,0
2025-11-30,17.2,6.1,阴,3,0.0,5.2,341,1,0
2025-12-01,16.5,5.9,多云,2,0.0,10.8,44,0,0
2025-12-02,16.6,7.2,阴,3,0.0,14.5,27,0,0
2025-12-03,11.4,8.6,阴,3,0.0,9.5,21,0,0
2025-12-04,10.9,5.8,阴,3,0.0,9.9,358,0,0
2025-12-05,14.1,3.8,小毛毛雨,51,1.0,10.1,123,0,0
2025-12-06,10.4,5.7,小毛毛雨,51,0.1,6.2,347,1,0
2025-12-07,16.9,6.6,阴,3,0.0,6.7,169,1,0
2025-12-08,11.8,5.9,阴,3,0.0,7.1,17,0,0
2025-12-09,13.2,8.5,阴,3,0.0,8.3,19,0,0
2025-12-10,16.5,6.1,阴,3,0.0,7.4,115,0,0
2025-12-11,14.1,7.1,小毛毛雨,51,0.3,6.9,74,0,0
2025-12-12,15.1,9.3,阴,3,0.0,20.2,36,0,0
2025-12-13,9.3,4.5,阴,3,0.0,12.7,34,1,0
2025-12-14,9.9,5.3,阴,3,0.0,7.8,112,1,0
2025-12-15,11.4,2.5,阴,3,0.0,4.4,177,0,0
2025-12-16,12.7,3.9,小毛毛雨,51,0.3,6.3,155,0,0
2025-12-17,14.6,2.7,阴,3,0.0,5.1,60,0,0
2025-12-18,12.8,4.9,小毛毛雨,51,0.1,4.4,156,0,0
2025-12-19,12.5,7.2,阴,3,0.0,8.7,11,0,0
2025-12-20,13.0,6.7,阴,3,0.0,13.8,48,1,0
2025-12-21,12.9,4.3,阴,3,0.0,5.5,74,1,0
2025-12-22,11.4,6.2,阴,3,0.0,9.1,36,0,0
2025-12-23,14.3,8.2,阴,3,0.0,8.9,178,0,0
2025-12-24,11.9,5.8,阴,3,0.0,7.1,4,0,0
2025-12-25,13.2,5.2,阴,3,0.0,7.2,61,0,0
2025-12-26,12.2,5.0,阴,3,0.0,7.7,57,0,0
2025-12-27,11.8,5.2,阴,3,0.0,7.4,106,1,0
2025-12-28,12.4,5.6,小毛毛雨,51,1.4,6.2,96,1,0
2025-12-29,13.6,8.3,小毛毛雨,51,1.4,8.7,256,0,0
2025-12-30,10.4,7.2,小毛毛雨,51,1.1,8.0,49,0,0
2025-12-31,12.2,7.8,大毛毛雨,55,2.7,13.6,36,0,0
2026-01-01,8.4,6.3,小毛毛雨,51,0.4,9.2,25,0,1
2026-01-02,6.2,4.2,小毛毛雨,51,2.8,11.3,26,0,1
2026-01-03,5.1,3.5,小毛毛雨,51,1.6,11.1,26,1,1
2026-01-04,10.6,3.0,阴,3,0.0,6.4,171,1,0
2026-01-05,9.3,0.8,小毛毛雨,51,0.1,14.1,19,0,0
2026-01-06,10.9,1.8,阴,3,0.0,7.2,199,0,0
2026-01-07,11.1,1.5,阴,3,0.0,5.2,342,0,0
2026-01-08,11.9,0.5,阴,3,0.0,8.7,146,0,0
2026-01-09,12.5,0.1,晴间多云,1,0.0,6.0,97,0,0
2026-01-10,12.4,1.6,多云,2,0.0,9.3,352,1,0
2026-01-11,9.9,2.0,阴,3,0.0,7.5,28,1,0
2026-01-12,14.2,2.1,阴,3,0.0,4.9,235,0,0
2026-01-13,14.2,2.0,阴,3,0.0,9.3,30,0,0
2026-01-14,18.4,3.8,晴间多云,1,0.0,8.0,270,0,0
2026-01-15,16.5,3.0,晴间多云,1,0.0,6.6,29,0,0
2026-01-16,16.6,4.5,阴,3,0.0,6.9,15,0,0
2026-01-17,17.0,3.5,晴,0,0.0,7.0,72,1,0
2026-01-18,16.9,5.0,小毛毛雨,51,0.1,11.6,29,1,0
2026-01-19,11.7,6.1,阴,3,0.0,19.2,45,0,0
2026-01-20,6.3,3.5,阴,3,0.0,13.4,39,0,0
2026-01-21,7.6,2.9,阴,3,0.0,10.4,43,0,0
2026-01-22,7.6,-0.6,阴,3,0.0,6.8,114,0,0
2026-01-23,7.7,3.5,小毛毛雨,51,0.3,6.5,136,0,0
2026-01-24,6.7,2.7,小毛毛雨,51,0.4,4.9,114,1,0
2026-01-25,10.2,2.5,阴,3,0.0,13.3,11,1,0
2026-01-26,13.6,1.4,阴,3,0.0,8.3,151,0,0
2026-01-27,13.6,3.0,阴,3,0.0,7.1,109,0,0
2026-01-28,13.0,6.7,阴,3,0.0,5.9,124,0,0
2026-01-29,10.6,7.2,阴,3,0.0,13.6,31,0,0
2026-01-30,11.4,4.2,小毛毛雨,51,0.1,13.2,29,0,0
2026-01-31,10.9,2.5,阴,3,0.0,10.5,53,1,0
2026-02-01,13.4,3.2,阴,3,0.0,8.5,125,1,0
2026-02-02,13.1,2.9,阴,3,0.0,8.6,134,0,0
2026-02-03,12.2,5.3,小毛毛雨,51,0.3,7.5,75,0,0
2026-02-04,13.5,8.0,阴,3,0.0,7.3,9,0,0
2026-02-05,15.1,4.3,小毛毛雨,51,0.6,8.9,59,0,0
2026-02-06,18.5,5.4,阴,3,0.0,14.1,151,0,0
2026-02-07,12.2,6.8,中毛毛雨,53,2.6,18.5,29,1,0
2026-02-08,7.6,5.3,中毛毛雨,53,6.6,11.5,6,1,0
2026-02-09,9.0,4.7,小毛毛雨,51,0.7,8.5,25,0,0
2026-02-10,13.5,1.7,阴,3,0.0,8.6,25,0,0
2026-02-11,14.2,3.2,阴,3,0.0,10.0,114,0,0
2026-02-12,15.2,4.5,阴,3,0.0,6.7,10,0,0
2026-02-13,18.2,7.7,阴,3,0.0,7.3,155,0,0
2026-02-14,18.6,5.9,阴,3,0.0,7.3,64,1,0
2026-02-15,19.5,8.1,阴,3,0.0,20.7,44,1,0
2026-02-16,16.2,7.9,阴,3,0.0,11.8,59,0,0
2026-02-17,14.6,9.1,阴,3,0.0,9.7,63,0,1
2026-02-18,17.5,10.1,中毛毛雨,53,0.8,10.2,48,0,1
2026-02-19,19.5,7.1,小毛毛雨,51,0.8,9.0,229,0,1
2026-02-20,21.1,8.6,阴,3,0.0,6.4,137,0,1
2026-02-21,22.4,8.4,晴间多云,1,0.0,6.9,59,1,1
2026-02-22,23.2,10.6,阴,3,0.0,13.1,100,1,1
2026-02-23,21.0,13.9,小毛毛雨,51,0.2,18.2,41,0,1
2026-02-24,23.3,11.9,中毛毛雨,53,0.7,11.6,182,0,0
2026-02-25,22.2,11.2,阴,3,0.0,14.6,51,0,0
2026-02-26,23.4,12.4,中毛毛雨,53,1.0,13.1,53,0,0
2026-02-27,22.0,13.0,小毛毛雨,51,0.2,10.9,102,0,0
2026-02-28,17.0,13.4,大毛毛雨,55,5.5,11.3,44,1,0
