post_date,poi_name,poi_id,district,poi_type,lon,lat,user,content,likes_count,comments_count,reposts_count,social_activity_score
2026-03-25,人民公园,B001C7X8QA,青羊区,景区,104.057641,30.65699,黄慢慢61,@TimotheeChalamet_甜茶 #甜茶# 甜茶《至尊马蒂排片不多，享受了一次包场感。值得讨论的《至尊马蒂》虽在奥斯卡九提一零，但仍是我心目中的一部佳片。必写影评如下↓    上月甜茶还在成都逛人民公园宣传片子嘞，这个曾经的世界级顶级美少年今次颠覆性地塑造了片中的底层小人物的癫狂追梦之旅，鸡飞狗 ​  展开c,0,0,0,0
2026-03-25,人民公园,B001C7X8QA,青羊区,景区,104.057641,30.65699,猫尾草_yezeven,1800四川人和重庆人的屁股特征分析：四川和重庆山水相连，火锅同源，却坐出了两种截然不同的屁股。四川盆地像个大脸盆，成都平原稳稳当当坐在盆底；重庆是座山城，房子长在石头上，路挂在半空中。一个往下沉，一个往上爬。 四川：盆地型屁股——沉，稳，坐得住 四川人的屁股是盆地型的。成都平 ​  展开c,0,0,0,0
2026-03-25,人民公园,B001C7X8QA,青羊区,景区,104.057641,30.65699,无机盐丸,四川人和重庆人的屁股特征分析四川和重庆山水相连，火锅同源，却坐出了两种截然不同的屁股。四川盆地像个大脸盆，成都平原稳稳当当坐在盆底；重庆是座山城，房子长在石头上，路挂在半空中。一个往下沉，一个往上爬。 四川：盆地型屁股——沉，稳，坐得住 四川人的屁股是盆地型的。成都平原一马平 ​  展开c,0,0,0,0
2026-03-25,人民公园,B001C7X8QA,青羊区,景区,104.057641,30.65699,aiii00_,Day4️⃣｜✈️成都—广州这是旅游的最后一天 我们去买了一些手信糕点 地点也在文殊坊 刚好很早去 幸字又比较少人打卡 顺便拍了一张 然后去人民公园看相亲角 中午在网上找了一家串串火锅 吃完就赶飞机去了 这次旅游圆满结束 多亏了坤 这次我大部分时间都是背个小包包👄 ​,0,0,0,0
2026-03-25,人民公园,B001C7X8QA,青羊区,景区,104.057641,30.65699,-happydoggy,和老公来到成都了，遇到钵钵鸡刺客，我一直以为真是一元一串，一串一个食物，原来仅一个签子是无法负担食物的，那签子该健身了老公依旧负重前行和老公去武侯祠和锦里逐玉好大的广告。这剧我觉得一般，老公说好看，他回单位要接着看和老公去熊猫基地，老公给我买了花花玩偶 ​  展开c,0,0,0,0
2026-03-25,人民公园,B001C7X8QA,青羊区,景区,104.057641,30.65699,山东航空,关注@山东航空 +转赞+@ 3位好友 1号抽机长熊1个！换季上新｜这个春天，成都随时见！3月29日起，山航新增济南/青岛⇌成都双流每日直飞，“山航快线”全面覆盖成都天府、双流双机场，济南每天5班，青岛每天4班。【清晨 · 味蕾先醒】别赶路，钻进老巷。不看攻略，只找哪家红油最亮、人声最 ​  展开c,0,0,0,0
2026-03-24,人民公园,B001C7X8QA,青羊区,景区,104.057641,30.65699,贾米拉女王,#大侠请出招# 春日耍成都的绝招就是慢逛慢吃！先蹲蜀大侠涮地道牛油火锅，毛肚黄喉涮到爽，再去人民公园喝盖碗茶掏耳朵，傍晚逛锦里看灯笼，把成都的烟火气全尝遍🌶️,0,0,0,0
2026-03-24,人民公园,B001C7X8QA,青羊区,景区,104.057641,30.65699,用户阿里山下,偷得浮生半日閒，等待下一場活動的空檔中採一下耳，兩位頭一次踏四川成都進人民公園的台灣人的生活记录超话。好友丁董事長採耳後說，突然聽見遠在千里之外老婆的呼喚聲！我呢！回四川老家十趟有餘，居然第一次走進人民公園的鶴鳴茶館，體驗一下成都的悠閒慢生活。 ​,0,0,0,0
2026-03-24,人民公园,B001C7X8QA,青羊区,景区,104.057641,30.65699,成都为你寻一处私人天地_慧慧,寻人民公园旁 · 一楼精装套二带院新主人人民公园旁·设计师自住小院出Shou一楼套二，带独立私家院子不临街、不吵闹，采光通透全屋设计师用心布局，质感耐看一步公园，半步烟火喝茶、晒太阳、养花、听雨把日子过成别人向往的样子主城稀缺一楼带院自住、养老、陪读都合适#成都花园# ​,0,0,0,0
2026-03-24,人民公园,B001C7X8QA,青羊区,景区,104.057641,30.65699,罗志小志,成都地标打卡｜逛遍古今，出片攻略！成都真的一半烟火一半诗意✨成都超话 整理了保姆级地标路线，避开绕路和雷区，照着走轻松拍爆内存！📍春熙路+IFS+太古里✅打卡IFS七楼爬墙熊猫；太古里川西民居混搭现代潮牌，大慈寺闹中取静🌃晚上逛太古里3D大屏，步行到九眼桥看安顺廊桥夜景📍三国 ​  展开c,0,0,0,0
2026-03-24,人民公园,B001C7X8QA,青羊区,景区,104.057641,30.65699,薇薇晓行,#成都的七里香开成了瀑布#春天一来，成都便被七里香温柔攻陷。藤蔓顺着廊檐、围墙、拱门肆意蔓延，层层白花倾泻而下，如流云落瀑，把整座城裹进清甜的香氛里。 人民公园的长廊下，花瀑垂落红砖黛瓦，与盖碗茶香交织，老成都的悠闲与春日浪漫撞个满怀；府河摄影公园的欧式建筑旁，花浪从檐角奔涌而下 ​  展开c,0,0,0,0
2026-03-23,人民公园,B001C7X8QA,青羊区,景区,104.057641,30.65699,小田儿爱跑步,诗圣遗风 草堂春深茶香四溢 人民公园火锅里有生活 🍢串串里有故事走在玉林路的尽头 坐在小酒馆的尽头🍷安逸且巴适的很🉑#旅游##成都# 2成都·玉林 ​,0,0,0,0
2026-03-23,人民公园,B001C7X8QA,青羊区,景区,104.057641,30.65699,成都生态环境,#迎接四川万物生长的春# 人民公园的茶馆换上了今春的第一抹新绿。盖碗揭开，茶叶在水中缓缓舒展，像刚从枝头醒来。沸水冲下，茶汤渐浓，香气袅袅升腾。茶客们从四面八方赶来，只为尝一口早春的鲜爽。一杯新茶，喝的是春意，品的是闲适的时光。#锦绣天府 安逸四川# （来源：@文旅成都、@锦绣青羊） ​  展开c,0,0,0,0
2026-03-23,人民公园,B001C7X8QA,青羊区,景区,104.057641,30.65699,南溪_发布_,#迎接四川万物生长的春# 人民公园的茶馆换上了今春的第一抹新绿。盖碗揭开，茶叶在水中缓缓舒展，像刚从枝头醒来。沸水冲下，茶汤渐浓，香气袅袅升腾。茶客们从四面八方赶来，只为尝一口早春的鲜爽。一杯新茶，喝的是春意，品的是闲适的时光。#锦绣天府 安逸四川# （来源：@文旅成都、@锦绣青羊） ​  展开c,0,0,0,0
2026-03-23,人民公园,B001C7X8QA,青羊区,景区,104.057641,30.65699,四川文旅,#迎接四川万物生长的春# 人民公园的茶馆换上了今春的第一抹新绿。盖碗揭开，茶叶在水中缓缓舒展，像刚从枝头醒来。沸水冲下，茶汤渐浓，香气袅袅升腾。茶客们从四面八方赶来，只为尝一口早春的鲜爽。一杯新茶，喝的是春意，品的是闲适的时光。#锦绣天府 安逸四川# （来源：@文旅成都、@锦绣青羊） ​  展开c,0,0,0,0
2026-03-23,人民公园,B001C7X8QA,青羊区,景区,104.057641,30.65699,71号红娘网,成都一个86岁老教授征婚 要求小40岁要生娃，71号红娘网消息称，2026年3月中旬，四川省成都市人民公园相亲角一则手写征婚启事引发全网热议，刊登征婚启事主人翁是一位86岁的老教授，其履历亮眼，拥有博士学位，身兼教授、高级工程师头衔，享受国务院特殊津贴，月收入丰厚，名下有两套房产，儿子已独立成 ​  展开c,0,0,0,0
2026-03-23,人民公园,B001C7X8QA,青羊区,景区,104.057641,30.65699,蓉城姐妹,【草木青时春茶来】#春茶里的成都慢时光# 人民公园的茶馆换上了今春的第一抹新绿。盖碗揭开，茶叶在水中缓缓舒展，像刚从枝头醒来。沸水冲下，茶汤渐浓，香气袅袅升腾。茶客们从四面八方赶来，只为尝一口早春的鲜爽。一杯新茶，喝的是春意，品的是闲适的时光。L锦绣青羊的微博视频 ​,0,0,0,0
2026-03-23,人民公园,B001C7X8QA,青羊区,景区,104.057641,30.65699,上海滩蚂蚁哥,大美女去成都相亲角，直言自己27岁离婚带俩娃，大妈摇头说没戏！ L上海滩蚂蚁哥的微博视频 ​,0,0,0,0
2026-03-23,人民公园,B001C7X8QA,青羊区,景区,104.057641,30.65699,呼和浩特白塔国际机场,#歌游内蒙古愉悦随心飞# #2026呼和浩特机场夏航季# #呼和浩特机场#——【成都】当别处的人在追赶KPI，你在人民公园的花鸟市场挑一盆兰草；当城市的霓虹催促失眠，你在锦江边的晚风中听见星星落进水里的声音；不必急着定义什么，且跟着火锅的热气蒸腾，随茶馆的盖碗茶凉了又续——此城以烟火为墨，以岁 ​  展开c,0,0,0,0
2026-03-25,浣花溪公园,B001C7UM1C,青羊区,广场,104.029022,30.657467,风过无痕但花儿知道,第一次来成都时去的第一个地点就是杜甫草堂，当年的草堂留在记忆中的只有杜甫的茅草屋和图一的草堂两个大字（因为当年在草堂两个大字前拍了一张照片），今天上午去重游了一下。从草堂出去后就去了旁边的浣花溪公园（最后两个图），有成都人说过浣花溪公园是成都没美的公园，现在公园里没什么花了，我之 ​  展开c,0,0,0,0
2026-03-25,浣花溪公园,B001C7UM1C,青羊区,广场,104.029022,30.657467,央视网体育,有奖互动｜跑向春天，心愿开跑！中国（成都）生活体育赛事消费季邀你一起奔赴春光青龙湖湿地迎着微风奔跑，看湖水荡漾、飞鸟相伴，把烦恼都甩在身后浣花溪公园在诗意绿道上慢跑，听溪水潺潺，与花香撞个满怀西村大院在工业风跑道上撒欢，看屋顶绿意、市井烟火 ​  展开c,0,0,0,0
2026-03-22,浣花溪公园,B001C7UM1C,青羊区,广场,104.029022,30.657467,成都郑晔,火冠雀，二刷浣花溪。几年前，成都鸟友要到乐山青衣江去拍火冠雀。后来青龙湖来过，去年有一大群在锦城湖呆了一周，省内甚至外省都有人坐高铁来拍。今年分别在双流白河公园、浣花溪公园发现，二三十只集群，呆的时间也超过一周，今天又有鸟友报料，温江绿地也发现了。   这小巧灵动的小精灵真是逗人喜 ​  展开c,0,0,0,0
2026-03-22,浣花溪公园,B001C7UM1C,青羊区,广场,104.029022,30.657467,老林观鸟,今天在浣花溪公园拍摄火冠雀。这是成都杜甫草堂东门。 2成都·杜甫草堂博物馆-东门 ​,0,0,0,0
2026-03-22,浣花溪公园,B001C7UM1C,青羊区,广场,104.029022,30.657467,初遇你好,抛开文物不谈，就地理位置、建筑气势、布展状态、人气指数等而言，四川博物院都被成都博物馆碾压啊！新石器时代黑色人面形玉佩神秘可爱，王建的云龙纹玉大带很夸张。浣花溪公园的杜甫千诗碑大手笔，邀请那么多名家书法再刻石，不容易。 ​,0,0,0,0
2026-03-21,浣花溪公园,B001C7UM1C,青羊区,广场,104.029022,30.657467,洪扑扑的小脸,大只松鼠🐿️2成都·浣花溪公园 2成都·杜甫草堂 L洪扑扑的小脸的微博视频 ​,0,0,0,0
2026-03-20,浣花溪公园,B001C7UM1C,青羊区,广场,104.029022,30.657467,臻甜verylucky,我好喜欢成都的浣花溪公园～但是目前去不了～ ​,0,0,0,0
2026-03-16,浣花溪公园,B001C7UM1C,青羊区,广场,104.029022,30.657467,成都郑晔,火冠雀，今天的是杜甫草堂附近浣花溪公园的。连续三年都曾在这一带观察过，今年终于记录到它们了。上次说，鸟友们要感谢杜甫，万里桥西宅，百花潭北庄。正因为有杜甫的茅屋在这一带，有了草堂，又有了浣花溪公园。        昨天听说浣花溪文艺之家也有火冠雀，今天一看，文艺之家门口还有杜甫国际研究 ​  展开c,0,0,0,0
2026-03-15,浣花溪公园,B001C7UM1C,青羊区,广场,104.029022,30.657467,可以找我说话但请别来烦我,today浣花溪公园 蜀锦织绣博物馆昨天听了很多鸟叫声见到了小蝌蚪，还抓到了小蝌蚪猪排饭挺好吃，但是最后是真的有点吃不下了和相亲对象出来三次了，我感觉我不是在相亲，是找了个新搭子陪我一起逛成都吃的我选逛的地方我定，他就是一个随叫随到的陪伴机器人，人挺好的懂的知识也挺多的，但 ​  展开c,0,0,0,0
2026-03-11,浣花溪公园,B001C7UM1C,青羊区,广场,104.029022,30.657467,木木林-_,罗云熙超话#罗云熙# 罗云熙最近在成都家里还是在北京长假期安心玩好，休息好，身体和精神都养好哦。么么么。给你看成都浣花溪公园的花花。 @罗云熙Leo 2成都·浣花溪 ​,0,0,0,0
2026-03-07,浣花溪公园,B001C7UM1C,青羊区,广场,104.029022,30.657467,L兔叽·,和盼盼暴走的一天，阴雨中的植物园、杜甫草堂、浣花溪公园，也是别有一番风味。最后也是在成都吃上了烤匠，巴适～ ​​​,0,0,0,0
2026-03-06,浣花溪公园,B001C7UM1C,青羊区,广场,104.029022,30.657467,舒雍,多地官宣春假清明连休6天，成都家长，你准备好了吗？当“春假+清明连休6天”的通知刷爆成都家长群，锦江区、青羊区、金牛区、高新区的家长们一边在群里转发学校通知，一边默默打开了日历和购票软件。这场从4月1日持续到6日的“春日长假”，像一份突如其来的礼物，却也让成都的双职工家庭、备考家庭和 ​  展开c,0,0,0,0
2026-03-04,浣花溪公园,B001C7UM1C,青羊区,广场,104.029022,30.657467,BAOBAO寄存,一、寄存点详情⛳西南财大地铁站寄存点：1️⃣西南财大地铁站 D 口处🧭10:30-24:00 (节假日至 18:30)二、寄存方式预约后可查看门店实景图和导航❗️均为门店寄存，无自助寄存柜；寄存点直接位于地铁站 D 口，出站即可找到，无需额外步行，同时需注意节假日营业时间缩短至 18:30，避免跑空。三 ​  展开c,0,0,0,0
2026-03-04,浣花溪公园,B001C7UM1C,青羊区,广场,104.029022,30.657467,闭上眼睛以前,浣花溪公园拍了很少的照片，实际上一整天和好朋友在一块超级幸福。成都的晴天好珍贵！晒完正面晒背面。 ​,0,0,0,0
2026-03-04,浣花溪公园,B001C7UM1C,青羊区,广场,104.029022,30.657467,成都酒店宴会场地推荐,成都青羊区中型宴会厅💥星级酒店绝对值✨🏨 成都市青羊区二环路，步行10分钟到杜甫草堂、浣花溪公园🚇 地铁13号线，出站即达，交通方便————✨ 独栋酒店，中西合璧，欧式巴洛克风格✨ 文化底蕴深厚，大师油画、雕塑原件、明清瓷器、中式木雕、观音雕塑等东方艺术元素点缀🐲———— ​  展开c,0,0,0,0
2026-03-02,浣花溪公园,B001C7UM1C,青羊区,广场,104.029022,30.657467,张一元的茉莉花,上次来成都大概是十年前了大学舍友的妹妹考到了成都理工我俩相约一个从上海出发一个从北京出发来这里看她并顺便成都游玩一恍十多年过去了舍友已结婚定居上海，买了房生了娃当年除了青城山和大熊猫基地其他都不记得去了哪儿只记得在大熊猫基地遇到了两位兵哥哥请我俩吃了八大碗还是啥就是一 ​  展开c,0,0,0,0
2026-03-02,浣花溪公园,B001C7UM1C,青羊区,广场,104.029022,30.657467,蛋挞只要酥皮,#随手拍#现在这个时节，成都浣花溪公园的人工湖里，全是密密麻麻的小蝌蚪。星期天好多家长带着小朋友围在湖边捞，一边捞一边开心地教孩子：“快看，这是蝌蚪哦，长大就变成青蛙王子啦。” 我站在旁边静静的看着，啥也没说，只是安静看着，心里默默叹了口气：现在捞的这些，长大可不是青蛙王子 ​  展开c,0,0,0,0
2026-03-02,浣花溪公园,B001C7UM1C,青羊区,广场,104.029022,30.657467,西园寻桂,.       成都人讲究慢节奏，自然在吃上也很讲究。他们喜欢吃辣，故有无菜不放辣之说，不仅辣，更主要的是麻，麻生生，辣嗖嗖的那种感觉特别有劲道。火锅如此，当然还有有名的麻婆豆腐，出浣花溪公园北门，对面就是大名鼎鼎的陈麻婆豆腐，没到晌午，就排起了长长的队伍，竟然还像医院、银行一样叫号！ ​  展开c,0,0,0,0
2026-03-01,浣花溪公园,B001C7UM1C,青羊区,广场,104.029022,30.657467,APRIL1721,#旅行记录# 午餐后我们打车去了浣花溪公园，听说一家川西茶馆非常有名。我们北门进，茶馆在南门，整个公园从北走到南，实在太美了。小阴天，游客也不少，生态环境超好。王同学又尝试了当地的糖油果子，很不错。一路走到茶馆，我们一直坐到六点闭馆。赶上下班的点打不到车，第一次坐地铁，没想到 ​  展开c,0,0,0,0
2026-02-28,浣花溪公园,B001C7UM1C,青羊区,广场,104.029022,30.657467,发财的小金鱼,在成都浣花溪公园，杜甫草堂旁，悠爸给我们讲了杜甫一生的故事。#21岁女生头晕以为没睡好查出脑梗#所以说好好睡觉多么重要呀。 L发财的小金鱼的微博视频 ​,0,0,0,0
2026-03-25,望江楼公园,B001C06R0O,武侯区,广场,104.092217,30.629277,花生酥心糖齁甜,说走就走之成都citywalk——春熙路～东郊记忆～玛歌庄园～望江楼公园～大慈寺～太古里～三星堆博物馆，成都真的是又好吃又好逛，舒服～ ​,0,0,0,0
2026-03-24,望江楼公园,B001C06R0O,武侯区,广场,104.092217,30.629277,小鱼儿1966同学,北京紫竹院公园竹林2025.11.19同款成都望江楼公园竹林2026.03.24 ​,0,0,0,0
2026-03-24,望江楼公园,B001C06R0O,武侯区,广场,104.092217,30.629277,陶文陶文,我有自己一个人去望江楼公园遇到了一群摄影的大爷们 特别的热情给我拍了一大堆照片诶呀真不错 我终于有照片了 之后，我决定staycation呆在酒店里面一直跟他彻底分开之后，我头一回感觉到那么惊悚，我再也不每天留那么多眼泪，再也不每天都窝在被子里面，呜呜哭了这个酒店的饭里面有一个担担面非常非 ​  展开c,0,0,0,0
2026-03-22,望江楼公园,B001C06R0O,武侯区,广场,104.092217,30.629277,YOU成都,即便在工作日，望江楼公园绵延1公里的杏梅长廊、棠湖公园百米长的垂丝海棠小道也都挤满了人。成都人看了都会发出灵魂一问：我们真的不用上班吗？O网页链接#漫步成都##有一种生活美学叫成都# 2成都 ​,0,0,0,0
2026-03-22,望江楼公园,B001C06R0O,武侯区,广场,104.092217,30.629277,优质昵称买赠_绝对重复不会合格,其实川大是一个非常适合生活的地点，但我不认为它是一个适合进修的地方。可能我从来不喜欢川大的学习氛围吧，但是我一直回想着我认识过的大妈大爷，晴天躺在草坪上的气息，cbd晚上的街头乐队，文理艺术馆左边的九眼桥夜店和右边寂静的望江楼公园。唉，成都。 ​,0,0,0,0
2026-03-21,望江楼公园,B001C06R0O,武侯区,广场,104.092217,30.629277,layla藜,#圆桌派##望江楼公园# 跟着圆桌逛成都望江楼公园，闺蜜陪我看竹子，找到了龙丹竹。 2成都·望江楼公园 ​,0,0,0,0
2026-03-19,望江楼公园,B001C06R0O,武侯区,广场,104.092217,30.629277,旺旺岁谦谦,于是  我不再追求爱的浓度  因为爱存在就是一件很幸运的事了2成都·望江楼公园#原创##手机摄影# ​,0,0,0,0
2026-03-19,望江楼公园,B001C06R0O,武侯区,广场,104.092217,30.629277,四川文旅,【#成都公园和商圈等地有行李寄存服务吗#？】近日，有网友咨询：成都公园和商圈等人流集中地有行李寄存服务吗？对此，成都市公园城市局、成都市商务局回复：目前，成都市人民公园游客中心提供免费行李寄存服务，北大门和东大门放置有收费的行李寄存柜。望江楼公园于游客中心内设置有免费行李寄存柜位 ​  展开c,0,0,0,0
2026-03-19,望江楼公园,B001C06R0O,武侯区,广场,104.092217,30.629277,中新社四川分社,【#成都公园和商圈等地有行李寄存服务吗#？】近日，有网友咨询：成都公园和商圈等人流集中地有行李寄存服务吗？对此，成都市公园城市局、市商务局回复：目前，我市人民公园游客中心提供免费行李寄存服务，北大门和东大门放置有收费的行李寄存柜。望江楼公园于游客中心内设置有免费行李寄存柜位。植物园 ​  展开c,0,0,0,0
2026-03-19,望江楼公园,B001C06R0O,武侯区,广场,104.092217,30.629277,青白江服务,#生活资讯# 【#成都公园和商圈等地有行李寄存服务吗#？】#成都城市咨询服务台#近日，有网友咨询：成都公园和商圈等人流集中地有行李寄存服务吗？对此，市公园城市局、市商务局回复：目前，我市人民公园游客中心提供免费行李寄存服务，北大门和东大门放置有收费的行李寄存柜。 望江楼公园于游客中心内 ​  展开c,0,0,0,0
2026-03-19,望江楼公园,B001C06R0O,武侯区,广场,104.092217,30.629277,温江发布,#温江服务台#【#成都公园和商圈等地有行李寄存服务吗#？】近日，有网友咨询：成都公园和商圈等人流集中地有行李寄存服务吗？对此，市公园城市局、市商务局回复：目前，我市人民公园游客中心提供免费行李寄存服务，北大门和东大门放置有收费的行李寄存柜。 望江楼公园于游客中心内设置有免费行李寄存柜 ​  展开c,0,0,0,0
2026-03-18,望江楼公园,B001C06R0O,武侯区,广场,104.092217,30.629277,郫都发布,#民生指南#【#成都公园和商圈等地有行李寄存服务吗#？】#成都城市咨询服务台#市民朋友们，近日，有网友咨询：成都公园和商圈等人流集中地有行李寄存服务吗？对此，市公园城市局、市商务局回复：目前，我市人民公园游客中心提供免费行李寄存服务，北大门和东大门放置有收费的行李寄存柜。 望江楼公园于 ​  展开c,0,0,0,0
2026-03-18,望江楼公园,B001C06R0O,武侯区,广场,104.092217,30.629277,成都发布,【#成都公园和商圈等地有行李寄存服务吗#？】#成都城市咨询服务台#近日，有网友咨询：成都公园和商圈等人流集中地有行李寄存服务吗？对此，市公园城市局、市商务局回复：目前，我市人民公园游客中心提供免费行李寄存服务，北大门和东大门放置有收费的行李寄存柜。 望江楼公园于游客中心内设置有免费行 ​  展开c,0,0,0,0
2026-03-18,望江楼公园,B001C06R0O,武侯区,广场,104.092217,30.629277,我寻思我多吃两口呢,成都望江楼公园还要去！！！！！赤醉自贡菜太太太太太好吃喽！！出发前J好晚上要去小酒馆看帅崽喝两杯，去小酒馆的时间到了，彼此干瞪眼互问对方：“就这个精神状态确定进去后不会呼呼大睡吗？”0.1秒确定答案后，头也不回地骑回酒店躺着喝小麦饮料！ ​,0,0,0,0
2026-03-17,望江楼公园,B001C06R0O,武侯区,广场,104.092217,30.629277,白云深复深,望江楼公园咏薛涛(二首)( 原创旧作 )  小草诗叶  11                             1983年秋     一从薛女制笺后，      婉转情怀几度秋？     江畔枇杷门巷里，     几多骚客仰风流？                       浣笺佳话传千古，       才女幽情诗梦长。      丛竹沙沙如细语，        声声 ​  展开c,0,0,0,0
2026-03-17,望江楼公园,B001C06R0O,武侯区,广场,104.092217,30.629277,猪肉小丙,望江楼公园是成都本地人的人民公园，以竹闻名，各色竹子蔚为奇观。漫步其间，竹影森森，竹叶沙沙，绿意盈盈，甚是惬意。遥想当年，薛涛爱竹，应该也是在竹林中流连忘返，频生诗意吧。逛累了，江边寻一茶馆坐下，竹桌竹椅，吱吱嘎嘎。点两杯盖碗茶，竹叶青淡雅，飘雪香醇，细品牛饮均可。坐着晒晒太阳 ​  展开c,0,0,0,0
2026-03-16,望江楼公园,B001C06R0O,武侯区,广场,104.092217,30.629277,行行摄摄爱发呆,成都望江楼公园 ​,0,0,0,0
2026-03-15,望江楼公园,B001C06R0O,武侯区,广场,104.092217,30.629277,锦绣青羊,早安！#我在成都有棵树#  【古树认捐认养正式开启！邀你守护天府根脉天府蓉城】成都市 “我在成都有棵树 —— 守护天府根脉，共建公园城市” 古树认捐认养活动正式启动！首期落地百花潭公园、望江楼公园，诚邀社会各界人士、团体单位，以认养之名，赴一场与古树的千年之约，共护公园城市的生态与文脉。 ​  展开c,0,0,0,0
2026-03-14,望江楼公园,B001C06R0O,武侯区,广场,104.092217,30.629277,D_kiraaakiyomitsu,物华弥新超话 就知道自己是不会中的，总之试着交换或者直收一下物华弥新 纪念券 纪念门票【全可换太阳神鸟】【我可补差】【我也直收】【价格好说】【你出价我给得起就收】（我有这些↓）1、彩凤鸣岐&贾湖骨笛 成都博物馆 锦城丝管纪念门票2、千里江山图 成都金沙遗址博物馆 青韵纪念券3、 ​  展开c,0,0,0,0
2026-03-13,望江楼公园,B001C06R0O,武侯区,广场,104.092217,30.629277,叶子anan2019,《望江迟寄薛校书》锦官风 轻轻擦过肩头望江楼 藏在巷口那头这一程奔赴 终是擦肩走把相见 留给来日春秋大唐星 洒满西川锦绣女教书 风骨立在潮头一纸边城句 破了困局愁把诗魂 留在锦江岸口千年的风 还在吹不休那句诗 还在岁月里流闻道边城苦 而今到始知一行诗 救了人间跌宕事大唐万千星 你 ​  展开c,0,0,0,0
2026-03-19,百花潭公园,B001C05OX0,青羊区,广场,104.043653,30.656117,有点信仰,道家“上善若水”，以柔克刚。浣花溪流水雕塑，作为诗歌大道的起点，有文思泉涌的意味。其属于杜甫草堂的一部分，历经千年，致敬河南藉的诗圣，更显成都独特的包容气质。道家讲究顺应口腹、调和阴阳；闻酥园糕点铺随时可见各种年龄段的好吃嘴。成都人重视吃、讲究味道、是“知足常乐”的直观表达。不 ​  展开c,0,0,0,0
2026-03-15,百花潭公园,B001C05OX0,青羊区,广场,104.043653,30.656117,锦绣青羊,早安！#我在成都有棵树#  【古树认捐认养正式开启！邀你守护天府根脉天府蓉城】成都市 “我在成都有棵树 —— 守护天府根脉，共建公园城市” 古树认捐认养活动正式启动！首期落地百花潭公园、望江楼公园，诚邀社会各界人士、团体单位，以认养之名，赴一场与古树的千年之约，共护公园城市的生态与文脉。 ​  展开c,0,0,0,0
2026-03-11,百花潭公园,B001C05OX0,青羊区,广场,104.043653,30.656117,温江发布,#温江服务台#【#四川9块9即可认养古树#】目前四川已启动2026年义务植树系列活动。今年义务植树系列活动推出“我在成都有棵树”“守护翠云廊”两大主题认养项目。其中，“我在成都有棵树”古树认养项目覆盖成都望江楼、百花潭公园117株古树；“守护翠云廊”古树认养项目主要集中在翠云廊（梓潼段）的1万 ​  展开c,0,0,0,0
2026-03-11,百花潭公园,B001C05OX0,青羊区,广场,104.043653,30.656117,锦观新闻,【成都古树认养活动启动！| #成都海报#】在2026年植树节来临之际，“我在成都有棵树——守护天府根脉，共建公园城市”古树认捐认养活动已正式启动，首期将落地望江楼公园、百花潭公园，包括银杏、红豆树、罗汉松等树种，共计117株古树可供市民认养选择，其中望江楼公园71株、百花潭公园46株，将从本月 ​  展开c,0,0,0,0
2026-03-10,百花潭公园,B001C05OX0,青羊区,广场,104.043653,30.656117,看度时政,【#四川9块9即可认养古树#】近日，记者从四川省绿化委员会办公室获悉，目前四川已启动2026年义务植树系列活动。今年义务植树系列活动推出“我在成都有棵树”“守护翠云廊”两大主题认养项目。其中，“我在成都有棵树”古树认养项目覆盖成都望江楼、百花潭公园117株古树；“守护翠云廊”古树认养项目主 ​  展开c,0,0,0,0
2026-03-10,百花潭公园,B001C05OX0,青羊区,广场,104.043653,30.656117,成都发布,【#四川9块9即可认养古树#】近日，记者从四川省绿化委员会办公室获悉，目前四川已启动2026年义务植树系列活动。今年义务植树系列活动推出“我在成都有棵树”“守护翠云廊”两大主题认养项目。其中，“我在成都有棵树”古树认养项目覆盖成都望江楼、百花潭公园117株古树；“守护翠云廊”古树认养项目主 ​  展开c,0,0,0,0
2026-03-08,百花潭公园,B001C05OX0,青羊区,广场,104.043653,30.656117,Ahung88_243,01-2《定風波·錦江記遊》DeepSeek解鞍猶帶古苔香，萬裡橋西試曉妝。一霎霓虹傾玉壘，沉醉，地龍穿破漢時牆。錦水雲袍沾柳浪，微漾，摩訶池影轉滄桑。欲問薛濤箋上字，風起，紫桐花落鐵坊霜。【註釋】1. 解鞍：化自姜夔「縱豆蔻詞工，青樓夢好，難賦深情。二十四橋仍在，波心蕩、冷月無 ​  展开c,0,0,0,0
2026-02-27,百花潭公园,B001C05OX0,青羊区,广场,104.043653,30.656117,艾米丽常常想你,总结一下我的春节假期带缝合与嫑嫑欣赏了蓝天与油菜花田带缝合与嫑嫑游览了三道堰古镇并且吃到了嫑嫑糖画带缝合与嫑嫑从成都坐地铁去资阳玩带缝合与嫑嫑欣赏了蓝天与粉玉兰带缝合与嫑嫑看了《惊蛰无声》带缝合与嫑嫑吃了深深代言的康师傅老母鸡汤面带缝合与嫑嫑游览了百花潭公园 欣赏了蓝天与红 ​  展开c,0,0,0,0
2026-02-25,百花潭公园,B001C05OX0,青羊区,广场,104.043653,30.656117,儿科医生小平平,上次我在成都百花潭公园遇到一样的，卖10块钱。,0,0,0,0
2026-02-20,百花潭公园,B001C05OX0,青羊区,广场,104.043653,30.656117,脾气萡U好,新出|省骨科医院 精装3️⃣房朝南#记录吧就现在三室一厅一厨一卫，62平方，3年前房东自住精装修，低楼层，门禁进出三个房间朝南一样大！很适合三人合租，之前就是两位女生一人一个房间，或者一家人住，很舒适，采光也好，所用的家具家电都是环保且大品牌。小区设施完善，内部有地面地下停车场，篮球 ​  展开c,0,0,0,0
2026-02-19,百花潭公园,B001C05OX0,青羊区,广场,104.043653,30.656117,Flora7001,#生活手记#踏春[马上来财][马上有福] 2成都·百花潭公园 ​,0,0,0,0
2026-02-19,百花潭公园,B001C05OX0,青羊区,广场,104.043653,30.656117,觀福王佳伟,百花潭公园里！#旅行vlog# 2成都·百花潭公园 L觀福王佳伟的微博视频 ​,0,0,0,0
2026-02-18,百花潭公园,B001C05OX0,青羊区,广场,104.043653,30.656117,石言呓语,成都周边春节旅游攻略，内容在后半段。成都的旅游，分为初次来，多次来和反复来。初次来成都的朋友，市区要去的都是比较统一的打卡地：大熊猫繁育基地、武侯祠锦里、宽窄巷子太古里、成都博物馆、文殊院、金沙博物馆、杜甫草堂和四川博物院。这些都是地标式景区，便于建立对成都的第一印象，跟喜不喜 ​  展开c,0,0,0,0
2026-02-14,百花潭公园,B001C05OX0,青羊区,广场,104.043653,30.656117,霸气的月饼A,你是懒还是怕花钱？？@王星越OFFICIAL //@香草星冰乐本星星乐:@王星越OFFICIAL 出来干活，地方我都可以帮你们找，成都拍这个可以找龙潭水乡或者望江楼公园或者百花潭公园@在这里说星嘛 我都给你们说到这份上了你们可以找拍汉服的摄影去做//@随便看点热闹:你们看看kol都恨铁不成钢了，能不能有一次紧跟  展开c,0,0,0,0
2026-02-14,百花潭公园,B001C05OX0,青羊区,广场,104.043653,30.656117,艾米丽常常想你,你恰恰错了 我是成都本地人 成都大多数地方我都去玩过 昨天天气好 大蓝天 大晴天 我又去百花潭公园玩了 梅花满枝头 查看图片,0,0,0,0
2026-02-14,百花潭公园,B001C05OX0,青羊区,广场,104.043653,30.656117,_Csissy,百花潭喝茶 2成都·百花潭公园 ​,0,0,0,0
2026-02-13,百花潭公园,B001C05OX0,青羊区,广场,104.043653,30.656117,艾米丽常常想你,带缝合与嫑嫑游览成都百花潭公园蓝天与红梅太搭太治愈了好喜欢我大成都的春日暖阳库迪的心动粉芭乐气泡冰萃好喝小笼包配辣椒油 2成都 ​,0,0,0,0
2026-02-09,百花潭公园,B001C05OX0,青羊区,广场,104.043653,30.656117,飘飘泊泊rains,散花楼、百花潭，春节气氛渐浓。 2成都·琴台故径 ​,0,0,0,0
2026-02-06,百花潭公园,B001C05OX0,青羊区,广场,104.043653,30.656117,材料工程1207,百花潭公园梅花绽放中，今年成都市区下雪🌨️是别指望了，白日做梦吧 2成都·百花潭公园 ​,0,0,0,0
2026-03-25,青羊宫,B001C04CFE,青羊区,景区,104.042609,30.661542,青羊残联,#花开幸福成都# 春归青羊，桃花满庭，来青羊宫赴一场春日花约！🌸#残联爱分享# L锦绣青羊的微博视频 ​​​,0,0,0,0
2026-03-25,青羊宫,B001C04CFE,青羊区,景区,104.042609,30.661542,锦绣青羊,晚安！#花开幸福成都# 春归青羊，桃花满庭，来青羊宫赴一场春日花约！🌸晚安超话 2成都 L锦绣青羊的微博视频 ​,0,0,0,0
2026-03-25,青羊宫,B001C04CFE,青羊区,景区,104.042609,30.661542,青羊残联,#残联爱分享#【桃之夭夭，灼灼其华】#花开幸福成都# “桃之夭夭，灼灼其华。”走入青羊宫，春风拂过枝头的桃花，粉嫩的花朵轻轻摇曳，映着青瓦飞檐，清逸雅致，自成诗意。沿着成飞大道前行，两旁的桃树连绵成片，一路绯红，映照出行人的笑颜。桃花深处，春满人间。 L锦绣青羊的微博视频 ​,0,0,0,0
2026-03-25,青羊宫,B001C04CFE,青羊区,景区,104.042609,30.661542,锦绣青羊,早安！【桃之夭夭，灼灼其华】#花开幸福成都# “桃之夭夭，灼灼其华。”走入青羊宫，春风拂过枝头的桃花，粉嫩的花朵轻轻摇曳，映着青瓦飞檐，清逸雅致，自成诗意。沿着成飞大道前行，两旁的桃树连绵成片，一路绯红，映照出行人的笑颜。桃花深处，春满人间。早安超话 2成都  ​  展开c,0,0,0,0
2026-03-24,青羊宫,B001C04CFE,青羊区,景区,104.042609,30.661542,章怎么吃都吃不胖先森,#成都# 宽窄巷子，逛了；魁星楼街烤脑花串串锅魁兔头…，吃了；青羊宫，拜了；变脸，看了；某茶，喝了；大熊猫，也算……看了。bingo 2成都·宽窄巷子东广场 ​,0,0,0,0
2026-03-23,青羊宫,B001C04CFE,青羊区,景区,104.042609,30.661542,FantasticStellaa,在成都居然还能坐反地铁？5号线给我一竿子支到青羊宫了，我是说怎么越坐越不对…😅 ​,0,0,0,0
2026-03-23,青羊宫,B001C04CFE,青羊区,景区,104.042609,30.661542,敖瑞鹏小棉袄,#东风日产NX8大大大五座SUV预售##东风日产大大大牌这回玩大了# 《NX8里的成都烟火》 三月的成都，青羊宫的玉兰落了满地，我们家的NX8停在小区银杏树下，车身上还沾着府南河的潮气。作为家里的新成员，它早成了周末出行的“移动茶室”。 上周末带爸妈去新津看梨花，出发前用“AI智能五件套”的语 ​  展开c,0,0,0,0
2026-03-23,青羊宫,B001C04CFE,青羊区,景区,104.042609,30.661542,春卷春卷大春卷,两年前我在成都青羊宫许愿，许愿我把我的运势借给你一年。如今过去两年，期限既定，我不知道我的运势还回来没有。账单已付，不必重复，人不能两次踏入相同的河流，不管怎样，我不会回头。 ​,0,0,0,0
2026-03-22,青羊宫,B001C04CFE,青羊区,景区,104.042609,30.661542,和曦成为更好的自己,我不知道大家对小时候家里挂的各种画上面的案映像深不深。我小时候，记得有个爷爷家里是松鹤延年类挂画。还有的是孔雀和什么。类似寿桃，蝙蝠，寿星公，玉如意，仙鹤等等这类的，还有屏风。再后面就是墙上出现塑料画，上面是三位还是五位财神和童子，我前几天去青羊宫看到了和我在外婆家里墙上看到的 ​  展开c,0,0,0,0
2026-03-22,青羊宫,B001C04CFE,青羊区,景区,104.042609,30.661542,云上深夜快递,#博物馆里藏着成都半个春天#【千年窑火里，开出一场永不凋零的春天】如果春天有形状，可以是锦江边的柳叶，可以是草堂外的燕影，也可以是青羊宫窑一件瓷器上，那笔轻扬的草叶纹。在成都这座“博物馆之城”里，藏着半个春天。而位于青羊宫以北、一环路旁的成都隋唐窑址博物馆，大概是春天藏得最“瓷实” ​  展开c,0,0,0,0
2026-03-22,青羊宫,B001C04CFE,青羊区,景区,104.042609,30.661542,锦观新闻,#博物馆里藏着成都半个春天#【千年窑火里，开出一场永不凋零的春天】如果春天有形状，可以是锦江边的柳叶，可以是草堂外的燕影，也可以是青羊宫窑一件瓷器上，那笔轻扬的草叶纹。在成都这座“博物馆之城”里，藏着半个春天。而位于青羊宫以北、一环路旁的成都隋唐窑址博物馆，大概是春天藏得最“瓷实” ​  展开c,0,0,0,0
2026-03-22,青羊宫,B001C04CFE,青羊区,景区,104.042609,30.661542,经方李正阳,互联网传播的真广，视p号上一个成都的留言，他80岁，在成都青羊宫送仙桥附近住，很喜欢中医，刷到我的视频，他说他在北京儿子家住，自己坐高铁过来的，80岁呀，独立出行，而且还遨游互联网，喜欢中医，喜欢养生，各位读者看，这绝对是高寿人群，他说他自己老伴走了每年来北京儿子家住一段时间，想去旅 ​  展开c,0,0,0,0
2026-03-21,青羊宫,B001C04CFE,青羊区,景区,104.042609,30.661542,江叶渔人,#成都##随手拍# 慕名而来的，极恢宏的道观，清茶予游客，素食堂斋，亦别有风味～#慢成都##青羊宫# @四川文旅  @文旅成都 @成都文旅 @锦绣青羊 @成都市青羊宫 摄影超话2成都·青羊宫 ​,0,0,0,0
2026-03-21,青羊宫,B001C04CFE,青羊区,景区,104.042609,30.661542,41的奇幻集市,川渝春分记📍成都+乐山出去玩果然还是跟朋友一起更开心运动量和多巴胺都拉满了吃的喝的每一口都是极美味的 随便一家都不踩雷的地界！青羊宫抽两个签都是吉 今年果真要猛猛赚钱红红火火！道长：身边已经有些人喜欢你了 在他们里挑一个就行 ​,0,0,0,0
2026-03-20,青羊宫,B001C04CFE,青羊区,景区,104.042609,30.661542,奔赴落日,四川省·成都市·青羊宫&杜甫草堂今日#春分# 闲来半天功夫在成都逛逛，不过还加班来着。 2成都·杜甫草堂 ​,0,0,0,0
2026-03-19,青羊宫,B001C04CFE,青羊区,景区,104.042609,30.661542,何文宥,#电影蜂蜜的针定档##张艺兴蜂蜜奶茶计划# 金牛区【十二桥路17号】6楼​面积：70.53平米，套二单卫​价格：56万成都​通惠门地铁口，读西安路小学，青羊宫旁边朝东，首付低！ 2成都·十二桥路17号院(下同仁路) ​,0,0,0,0
2026-03-18,青羊宫,B001C04CFE,青羊区,景区,104.042609,30.661542,青枫浦,成都行看荷青羊宫，抚琴赛云台。牌坊谁家菜，香到泉水来。 ​,0,0,0,0
2026-03-18,青羊宫,B001C04CFE,青羊区,景区,104.042609,30.661542,斯文易昂,//@司天钦Gosta:青羊宫里一堆来成都看病的藏族朋友搁那儿当藏传喇嘛庙一样拜啊转啊的，人也没觉得有啥奇怪的，反正来都来的，该拜就拜，和谐友好相处。,0,0,0,0
2026-03-25,大慈寺,B001C00869,锦江区,景区,104.083791,30.654243,花生酥心糖齁甜,说走就走之成都citywalk——春熙路～东郊记忆～玛歌庄园～望江楼公园～大慈寺～太古里～三星堆博物馆，成都真的是又好吃又好逛，舒服～ ​,0,0,0,0
2026-03-25,大慈寺,B001C00869,锦江区,景区,104.083791,30.654243,消费质量报社,【当川剧变脸遇上干杯 #春糖会#上演一场“味觉+视觉”双重盛宴】“变脸！变脸！”3月24日下午，成都市大慈寺社区的百家班川剧团内，喝彩声此起彼伏。台上，川剧演员一个回身，蓝脸的窦尔敦瞬间变成黑脸的张飞，又忽地化作蓝色的哆啦A梦，再一转身，一张诙谐的流行表情图案跃然脸上。台下观众举着手机， ​  展开c,0,0,0,0
2026-03-24,大慈寺,B001C00869,锦江区,景区,104.083791,30.654243,_机械水母和猫,护生1939:从大慈寺到华西坝、少城公园文化抗战中的城市空间演进与成都文化韧性大慈寺内 ​,0,0,0,0
2026-03-24,大慈寺,B001C00869,锦江区,景区,104.083791,30.654243,罗志小志,成都地标打卡｜逛遍古今，出片攻略！成都真的一半烟火一半诗意✨成都超话 整理了保姆级地标路线，避开绕路和雷区，照着走轻松拍爆内存！📍春熙路+IFS+太古里✅打卡IFS七楼爬墙熊猫；太古里川西民居混搭现代潮牌，大慈寺闹中取静🌃晚上逛太古里3D大屏，步行到九眼桥看安顺廊桥夜景📍三国 ​  展开c,0,0,0,0
2026-03-23,大慈寺,B001C00869,锦江区,景区,104.083791,30.654243,HLZH檀,因为成都这首歌，打车到玉林路，想去看看小酒馆，午饭时间，饥肠辘辘，我忍不住吃了拿破仑和雪媚娘，快到路的尽头，选中了虾小宛虾汁汤面的冬阴功虾面32元，看到对面有个烧鹅店，买了1/4，77元，很满足呢：接着再打车去了望平街，说是成都诗意和浪漫的代表，看着满街的饭店，有点怀疑，偶然发现要往里 ​  展开c,0,0,0,0
2026-03-22,大慈寺,B001C00869,锦江区,景区,104.083791,30.654243,下午三点的曼特宁,大慈寺——见证了成都的繁华，也守住了城市的宁静。 2成都·大慈寺 ​,0,0,0,0
2026-03-22,大慈寺,B001C00869,锦江区,景区,104.083791,30.654243,营养师王思露,成都太古里，是镌刻着川蜀文脉的商业雅境，更是古今共生的城市美学范本。青瓦坡顶连绵如浪，承袭川西民居的温婉风骨；飞檐木格栅与通透玻璃相映，让传统肌理与现代锋芒温柔相拥。纵横里巷织就时光脉络，老院落修旧如旧，藏着岁月沉淀的雅致，新潮业态次第铺展，焕发出国际都会的鲜活气韵。 千年大慈 ​  展开c,0,0,0,0
2026-03-20,大慈寺,B001C00869,锦江区,景区,104.083791,30.654243,茯神之周六见,不在佛门喧哗不跟异人多语（此次成都之行大慈寺有感） ​,0,0,0,0
2026-03-20,大慈寺,B001C00869,锦江区,景区,104.083791,30.654243,林强lin,#林强# 有什么关于成都的冷知识？1、白素贞不是杭州西湖人，而是成都人，因为：青城山下白素贞。2、成都私家车保有量全国第二，仅次于北京。3、在成都搭讪帅哥，千万不能问他有没有女朋友。4、成都大慈寺是唐玄奘受戒的地方，也是他传奇一生的起点。5、宽窄巷子是清朝八旗子弟居住的地方 ​  展开c,0,0,0,0
2026-03-19,大慈寺,B001C00869,锦江区,景区,104.083791,30.654243,大海潇洒走一回,【热搜】→有什么关于成都的冷知识？1、白素贞不是杭州西湖人，而是成都人，因为：青城山下白素贞。2、成都私家车保有量全国第二，仅次于北京。3、在成都搭讪帅哥，千万不能问他有没有女朋友。4、成都大慈寺是唐玄奘受戒的地方，也是他传奇一生的起点。5、宽窄巷子是清朝八旗子弟居住的 ​  展开c,0,0,0,0
2026-03-18,大慈寺,B001C00869,锦江区,景区,104.083791,30.654243,嘉仓多吉仁,有什么关于成都的冷知识？1、白素贞不是杭州西湖人，而是成都人，因为：青城山下白素贞。2、成都私家车保有量全国第二，仅次于北京。3、在成都搭讪帅哥，千万不能问他有没有女朋友。4、成都大慈寺是唐玄奘受戒的地方，也是他传奇一生的起点。5、宽窄巷子是清朝八旗子弟居住的地方，是当 ​  展开c,0,0,0,0
2026-03-18,大慈寺,B001C00869,锦江区,景区,104.083791,30.654243,这里有读,有什么关于成都的冷知识？1、白素贞不是杭州西湖人，而是成都人，因为：青城山下白素贞。2、成都私家车保有量全国第二，仅次于北京。3、在成都搭讪帅哥，千万不能问他有没有女朋友。4、成都大慈寺是唐玄奘受戒的地方，也是他传奇一生的起点。5、宽窄巷子是清朝八旗子弟居住的地方，是当 ​  展开c,0,0,0,0
2026-03-18,大慈寺,B001C00869,锦江区,景区,104.083791,30.654243,晋江人在北京,#记录生活# 拜完大慈寺的观音菩萨走进旁边的0566咖啡制作所这是一家起源于日本爱知县的手冲咖啡店现在是中国品牌了成都太古里是西南首店其他的店大部分在上海主营手冲咖啡，中规中矩豆子品种很多，全球采购自己烘在湿润的空气里喝一杯手冲瑰夏一个人享受当下的时刻跳出时间的幻象力量感油 ​  展开c,0,0,0,0
2026-03-18,大慈寺,B001C00869,锦江区,景区,104.083791,30.654243,金小侠的第二个天地,成都的“新”和“旧”是长在一起的太古里挨着大慈寺，法式餐厅隔壁就是盖碗茶铺子。你刚看完Gucci，转头就能掏十块钱坐在百年银杏树下喝素茶这种混搭，不需要切换，天生的在春熙路，拎大牌购物袋的人不比北上广少。不是那种咬牙买的紧绷感，是“老娘配的上”的理直气壮成都的日常化奢侈，不是显摆 ​  展开c,0,0,0,0
2026-03-17,大慈寺,B001C00869,锦江区,景区,104.083791,30.654243,紫煜灵嫣,成都大慈寺 ​,0,0,0,0
2026-03-17,大慈寺,B001C00869,锦江区,景区,104.083791,30.654243,Zsmart智尚酒店,#3月27日梦龙乐队演唱会#  #成都东安湖体育公园主体育场# #智尚酒店# #Zsmart智尚酒店成都太古里春熙路店# 2成都·春熙路 #大慈寺# #文殊坊# #成都博物馆# #成都夜游锦江# #天府广场# #四川省川剧院# #四川科技馆# #宽窄巷子# 带着微博去旅行超话 倒计时！3月27日梦龙乐队演唱会，成都见！ ​  展开c,0,0,0,0
2026-03-16,大慈寺,B001C00869,锦江区,景区,104.083791,30.654243,akerty1,#生活手记#成都喝茶，偶遇檀健次在楼上拍物料，航哥在楼下喊“小檀”，没被搭理 成都·大慈寺 ​,0,0,0,0
2026-03-16,大慈寺,B001C00869,锦江区,景区,104.083791,30.654243,行行摄摄爱发呆,成都大慈寺 ​,0,0,0,0
2026-03-15,大慈寺,B001C00869,锦江区,景区,104.083791,30.654243,昊天华月2011,春熙路，大慈寺。两代唐皇避难成都，诚然乐土。 2成都·成都太古里 ​,0,0,0,0
2026-03-15,大慈寺,B001C00869,锦江区,景区,104.083791,30.654243,莯Fcvy83xQ,有史以来最自由勇敢的一天2026.3.14第一次一个人来成都耍🥘成都万达→罗森→宽窄巷子→人民公园→武侯祠→锦里→貳辣面馆→东郊记忆→文殊院住处→春熙路→IFS→太古里→大慈寺→天府广场→天府红→五粮液文化体育中心→住处日行26000步，骑车5次（其中2次坏车），地铁7次（25元），吃了两顿饭（ ​  展开c,0,0,0,0
2026-03-25,黄龙溪古镇,B001C8MSP5,双流区,景区,103.970525,30.317805,春风一顾999,🎡#张云雷元宵新曲汉韵##腾讯音乐由你榜# 🏮#张云雷的春风来信计划##凝聚v力量# 凡有等待，就会启程，路虽远，可能有阻碍，但我们都有勇气重新开始，奔赴他的美好。🎡@小辫儿张云雷Q音：K汉韵酷狗：O网页链接酷我：O网页链接 ​​​🏮张云雷《 ​  展开c,0,0,0,0
2026-03-24,黄龙溪古镇,B001C8MSP5,双流区,景区,103.970525,30.317805,珍爱的负担,㊗️#张云雷元宵新曲汉韵##腾讯音乐由你榜# 🌅#张云雷的春风来信计划##凝聚v力量# “汉韵长，长不过牵挂，汉韵浓，浓不过这杯茶”，张云雷一曲《汉韵》唱尽中华文脉底蕴与烟火温情。㊗️@小辫儿张云雷🌅K汉韵🉑视频源:痘印成都黄龙溪古镇，张云雷《汉韵》。  ​  展开c,0,0,0,0
2026-03-20,黄龙溪古镇,B001C8MSP5,双流区,景区,103.970525,30.317805,血红帽媚,在成都转去了一趟黄龙溪古镇，虽然离机场挺远的打车花了150，但是真的值得一去，风景绝美 ​,0,0,0,0
2026-03-20,黄龙溪古镇,B001C8MSP5,双流区,景区,103.970525,30.317805,枫叶红了去旅行,《成都东郊记忆•工业与文艺的邂逅》——成都深度游自由行圆满完成从黄龙溪古镇回到成都市里，坐地铁直接来到东郊记忆的潮流打卡地。蓝天白云，阳光灿烂。踏入成都成华区的东郊记忆，仿佛推开了一扇穿越时空的门。这里曾是国营红光电子管厂的旧址，是老成都东郊工业辉煌的见证者，如今褪去机器轰 ​  展开c,0,0,0,0
2026-03-20,黄龙溪古镇,B001C8MSP5,双流区,景区,103.970525,30.317805,枫叶红了去旅行,《黄龙溪古镇•川西水乡•烟火人间》今天，阳光正好，春风不燥，从春熙路出发，坐地铁再转公交，怀着对川西古韵的向往，我踏入了拥有千年历史的黄龙溪古镇。这座藏在成都近郊的水乡，没有都市的喧嚣，唯有溪水潺潺、古巷悠悠，一砖一瓦都诉说着岁月的故事，一步一景都尽显烟火人间的温柔。踏入古镇 ​  展开c,0,0,0,0
2026-03-19,黄龙溪古镇,B001C8MSP5,双流区,景区,103.970525,30.317805,小陳很會裝,"百村檔案：黃龍社區，坐落在成都黃龍溪古鎮腹地的“活歷史”。看火龍飛舞，聽府河號子，探訪一個神話傳說、明清古建與非物質文化遺產並存共生的千年古鎮。Hundred Villages Archives: Huanglong Community, a ""living history"" nestled in the heart of Chengdu's Huanglongxi ancient town. Witness ​  展开c",0,0,0,0
2026-03-19,黄龙溪古镇,B001C8MSP5,双流区,景区,103.970525,30.317805,萃取精华,成都黄龙溪古镇，不一样的古镇，值得一游！ ​,0,0,0,0
2026-03-19,黄龙溪古镇,B001C8MSP5,双流区,景区,103.970525,30.317805,小陳很會裝,"百村檔案：黃龍社區，坐落在成都黃龍溪古鎮腹地的“活歷史”。看火龍飛舞，聽府河號子，探訪一個神話傳說、明清古建與非物質文化遺產並存共生的千年古鎮。Hundred Villages Archives: Huanglong Community, a ""living history"" nestled in the heart of Chengdu's Huanglongxi ancient town. Witness ​  展开c",0,0,0,0
2026-03-19,黄龙溪古镇,B001C8MSP5,双流区,景区,103.970525,30.317805,亦行亦影,四川黄龙溪古镇｜成都平原上的江南水乡潺潺锦江水，悠悠黄龙溪。春日里，漫步在青石板路上，听一听清代戏台上的川剧高腔，探一探全国独有的“三县衙门” 。在这里时光走得很慢，慢到你可以听见，飞檐翘角间，历史在轻声低语，这就是成都平原上的黄龙溪古镇。#记录春日浪漫##带着微博去旅行# ​  展开c,0,0,0,0
2026-03-18,黄龙溪古镇,B001C8MSP5,双流区,景区,103.970525,30.317805,摩托姐姐85爱一博,王一博超话 安利王一博四川十大宝藏古镇，烟火气满满，超适合慢下来放松～ 1. 成都·洛带古镇​2. 成都·黄龙溪古镇​3. 泸州·福宝古镇​4. 宜宾·李庄古镇​5. 乐山·罗城古镇​6. 雅安·上里古镇​7. 大邑·安仁古镇​8. 崇州·元通古镇​9. 崇州·街子古镇​10. 郫都·唐昌古镇 忙 ​  展开c,0,0,0,0
2026-03-15,黄龙溪古镇,B001C8MSP5,双流区,景区,103.970525,30.317805,双流应急,【安利官上线！于适镖人打铁花名场面】#于适成都演唱会通过审批#在电影《镖人》中，于适饰演的“竖”在大漠见证了一场震撼的非遗“打铁花”大秀。而在成都，包括黄龙溪古镇在内的不少地方，都能看到非遗打铁花表演。跟着@于适Yosh 一起重温这个名场面。（来源：四川观察）于适yosh超话  ​  展开c,0,0,0,0
2026-03-15,黄龙溪古镇,B001C8MSP5,双流区,景区,103.970525,30.317805,成都发布,【安利官上线！于适镖人打铁花名场面】#于适成都演唱会通过审批#在电影《镖人》中，于适饰演的“竖”在大漠见证了一场震撼的非遗“打铁花”大秀。而在成都，包括黄龙溪古镇在内的不少地方，都能看到非遗打铁花表演。跟着@于适Yosh 一起重温这个名场面。（来源：四川观察）于适yosh超话  ​  展开c,0,0,0,0
2026-03-14,黄龙溪古镇,B001C8MSP5,双流区,景区,103.970525,30.317805,陇上一叶,【华夏大地】中国100个古镇   (67)黄龙溪古镇，古称赤水，地处四川省成都市双流区西南，总面积50.4平方千米。       黄龙溪古镇核心区由一湖两河三寺七街九巷组成，有保存完好的民居七十六座，大院三座；有金华庵、三县衙门和古戏台等重点文物保护单位；有火龙、府河船工号子、漂河灯、打更等民间风 ​  展开c,0,0,0,0
2026-03-04,黄龙溪古镇,B001C8MSP5,双流区,景区,103.970525,30.317805,广汉融媒,【#成都千年古镇喜闹元宵#】#四川古镇里的年味儿太浓了#3月3日元宵佳节，成都黄龙溪古镇。户外劳动者、社区居民与八方游客欢聚一堂，包汤圆、制花灯、赏非遗，在热闹祥和的氛围中共同体验传统节日的文化魅力。当晚，打铁花在夜空下如星河溅落，绚丽夺目。舞龙者则在漫天“流星火雨”中穿梭翻腾，气势如 ​  展开c,0,0,0,0
2026-03-04,黄龙溪古镇,B001C8MSP5,双流区,景区,103.970525,30.317805,翠屏融媒,【#成都千年古镇喜闹元宵#】#四川古镇里的年味儿太浓了#3月3日元宵佳节，成都黄龙溪古镇。户外劳动者、社区居民与八方游客欢聚一堂，包汤圆、制花灯、赏非遗，在热闹祥和的氛围中共同体验传统节日的文化魅力。当晚，打铁花在夜空下如星河溅落，绚丽夺目。舞龙者则在漫天“流星火雨”中穿梭翻腾，气势如 ​  展开c,0,0,0,0
2026-03-04,黄龙溪古镇,B001C8MSP5,双流区,景区,103.970525,30.317805,文明成都,【#成都千年古镇喜闹元宵#】#四川古镇里的年味儿太浓了#3月3日元宵佳节，成都黄龙溪古镇。户外劳动者、社区居民与八方游客欢聚一堂，包汤圆、制花灯、赏非遗，在热闹祥和的氛围中共同体验传统节日的文化魅力。当晚，打铁花在夜空下如星河溅落，绚丽夺目。舞龙者则在漫天“流星火雨”中穿梭翻腾，气势如 ​  展开c,0,0,0,0
2026-03-04,黄龙溪古镇,B001C8MSP5,双流区,景区,103.970525,30.317805,四川在线,【#成都千年古镇喜闹元宵#】#四川古镇里的年味儿太浓了#3月3日元宵佳节，成都黄龙溪古镇。户外劳动者、社区居民与八方游客欢聚一堂，包汤圆、制花灯、赏非遗，在热闹祥和的氛围中共同体验传统节日的文化魅力。当晚，打铁花在夜空下如星河溅落，绚丽夺目。舞龙者则在漫天“流星火雨”中穿梭翻腾，气势如 ​  展开c,0,0,0,0
2026-03-04,黄龙溪古镇,B001C8MSP5,双流区,景区,103.970525,30.317805,川观新闻,【#成都千年古镇喜闹元宵#】#四川古镇里的年味儿太浓了#3月3日元宵佳节，成都黄龙溪古镇。户外劳动者、社区居民与八方游客欢聚一堂，包汤圆、制花灯、赏非遗，在热闹祥和的氛围中共同体验传统节日的文化魅力。当晚，打铁花在夜空下如星河溅落，绚丽夺目。舞龙者则在漫天“流星火雨”中穿梭翻腾，气势如 ​  展开c,0,0,0,0
2026-03-04,黄龙溪古镇,B001C8MSP5,双流区,景区,103.970525,30.317805,成都水务,【#成都千年古镇喜闹元宵#】#四川古镇里的年味儿太浓了#3月3日元宵佳节，成都黄龙溪古镇。户外劳动者、社区居民与八方游客欢聚一堂，包汤圆、制花灯、赏非遗，在热闹祥和的氛围中共同体验传统节日的文化魅力。当晚，打铁花在夜空下如星河溅落，绚丽夺目。舞龙者则在漫天“流星火雨”中穿梭翻腾，气势如 ​  展开c,0,0,0,0
2026-03-04,黄龙溪古镇,B001C8MSP5,双流区,景区,103.970525,30.317805,成都公园城市建设,【#成都千年古镇喜闹元宵#】#四川古镇里的年味儿太浓了#3月3日元宵佳节，成都黄龙溪古镇。户外劳动者、社区居民与八方游客欢聚一堂，包汤圆、制花灯、赏非遗，在热闹祥和的氛围中共同体验传统节日的文化魅力。当晚，打铁花在夜空下如星河溅落，绚丽夺目。舞龙者则在漫天“流星火雨”中穿梭翻腾，气势如 ​  展开c,0,0,0,0
2026-03-25,洛带古镇,B001C8P5T0,龙泉驿区,景区,104.328377,30.636189,成都市金牛区图书馆,#悦享金图•每日一读#  《洛带芳华》深情书写成都洛带古镇的客家烟火与人文风华。书中以细腻笔触描绘街巷风物、客家民俗与寻常生活，定格古镇的悠然岁月与传承根脉。文字温润质朴，兼具乡土气息与文化底蕴，既展现千年古镇的温婉韵味，也传递客家文化的厚重生命力，读来满是乡愁与温情。  ​  展开c,0,0,0,0
2026-03-24,洛带古镇,B001C8P5T0,龙泉驿区,景区,104.328377,30.636189,Kamino_,成都市龙泉驿区#洛带古镇#。计划晚餐到洛带古镇的老饭店吃饭，刚好下车时抱狗子先下车，抱着这个25斤的胖狗，我的腰又被拉了一下，拉伤处多半是去年抱狗弄伤的地方，下车后走了几步，猛一下伤处支撑不住，痛得我差点嚎出来。。。这下腰杆都不能挺直了，微微驼着腰慢慢的步行去吃饭。。。吃完饭就到药房 ​  展开c,0,0,0,0
2026-03-24,洛带古镇,B001C8P5T0,龙泉驿区,景区,104.328377,30.636189,Kamino_,今日成都大阳，下午就带着小黄到洛带古镇的景区里住店。。。 ​,0,0,0,0
2026-03-24,洛带古镇,B001C8P5T0,龙泉驿区,景区,104.328377,30.636189,秀才-885,云深.不知处，唯有.清风知来路...#客家土楼##成都·洛带古镇-博客楼 L秀才-885的微博视频 ​,0,0,0,0
2026-03-23,洛带古镇,B001C8P5T0,龙泉驿区,景区,104.328377,30.636189,锦宏租车,🌸租辆小车追花去！成都赏花停车免费地图🌿春天到啦！成都变成花的海洋，没车不方便？锦宏租车送上赏花地图，这些地方停车免费！🌸龙泉驿·桃花故里第40届桃花荟！东安湖七彩油菜花+洛带古镇，花期至5月5日📍东安湖公园活力岛 | 🅿️公园配套免费停车🌼东安湖·七彩油菜花粉紫金橙的油 ​  展开c,0,0,0,0
2026-03-21,洛带古镇,B001C8P5T0,龙泉驿区,景区,104.328377,30.636189,是桃砸呀,📍𝗖𝗵𝗲𝗻𝗴 𝗗𝘂 成都 ·洛带古镇椿去湫来，海棠花开𓆡𓆝𓆟𓆜𓆞 ​,0,0,0,0
2026-03-19,洛带古镇,B001C8P5T0,龙泉驿区,景区,104.328377,30.636189,彩子_Lee,视频重点 01:45  成都彭州丹景山，龙潭寺的古井，洛带古镇，皆因刘禅而闻名 ​ L彩子_Lee的微博视频,0,0,0,0
2026-03-18,洛带古镇,B001C8P5T0,龙泉驿区,景区,104.328377,30.636189,摩托姐姐85爱一博,王一博超话 安利王一博四川十大宝藏古镇，烟火气满满，超适合慢下来放松～ 1. 成都·洛带古镇​2. 成都·黄龙溪古镇​3. 泸州·福宝古镇​4. 宜宾·李庄古镇​5. 乐山·罗城古镇​6. 雅安·上里古镇​7. 大邑·安仁古镇​8. 崇州·元通古镇​9. 崇州·街子古镇​10. 郫都·唐昌古镇 忙 ​  展开c,0,0,0,0
2026-03-16,洛带古镇,B001C8P5T0,龙泉驿区,景区,104.328377,30.636189,幸福快车028,2026.3.9.成都洛带古镇 ​,0,0,0,0
2026-03-16,洛带古镇,B001C8P5T0,龙泉驿区,景区,104.328377,30.636189,龙泉驿发布,【#当古寺遇见“新村民”，桃花寺里茶香起#】#龙泉驿#从成都市龙泉驿区洛带古镇蜿蜒向北，穿过一片片或金黄或碧绿的农田，便到了宝胜村。村子深处，藏着一座初建于唐朝，如今被列为成都市第六批文物保护单位的古寺——桃花寺。飞檐斗拱、白墙青瓦，一株参天的黄葛树撑起一院绿荫。树下，竹椅竹桌、彩色 ​  展开c,0,0,0,0
2026-03-16,洛带古镇,B001C8P5T0,龙泉驿区,景区,104.328377,30.636189,孤独患症的小丑1412,第一次踏足成都。偷得浮生半日闲，洛带古镇-博客楼，半日游。#日常分享##随手记##古镇##生活记录# ​,0,0,0,0
2026-03-15,洛带古镇,B001C8P5T0,龙泉驿区,景区,104.328377,30.636189,潮轩阁听海处,春节假期后，由老家返回成都的第一顿饭：一碗羊汤，两笼粉蒸肉，一份素菜豌豆尖，一张白馍，就着米饭🍚，真是一回味无穷啊！成都生活十几年，最最喜欢的就是这千年洛带古镇，百年的古镇羊肉。如今第四代传人都近五六十岁了。窥看当前经济，感觉也许放缓脚步，让普通百姓回归平静悠然的生活，在追求 ​  展开c,0,0,0,0
2026-03-15,洛带古镇,B001C8P5T0,龙泉驿区,景区,104.328377,30.636189,陇上一叶,【华夏大地】中国100个古镇   (68)洛带古镇位于成都市东郊，距市区约18公里。其历史可追溯至汉代成街，三国时期兴市，明末清初因大量客家人迁徙至此而繁荣，形成了独特的客家文化聚落。古镇名称相传与三国蜀太子刘禅（阿斗）不慎将玉带落入八角井的传说有关。‌‌‌       古镇常住人口中‌客家移民 ​  展开c,0,0,0,0
2026-03-14,洛带古镇,B001C8P5T0,龙泉驿区,景区,104.328377,30.636189,mmcps,口琴吹得真好听！！！这应该是我听过最好听的口琴了！悠扬、润色、自在、象清风一样的琴声，他们觉得好的东西都在里面了吧，给出来的都是他们觉得好的东西。《我爱你，中国》都能吹得那么动听！第一次能跟着旋律去回想这首原来是《我爱你中国》。破旧衣服，依然围上方格围巾，年轻时应该是文青。有追求 ​  展开c,0,0,0,0
2026-03-10,洛带古镇,B001C8P5T0,龙泉驿区,景区,104.328377,30.636189,花一样的ni_x,重庆➡️成都观音桥-洛带古镇-安仁古镇 2成都 ​,0,0,0,0
2026-03-07,洛带古镇,B001C8P5T0,龙泉驿区,景区,104.328377,30.636189,见怪的常,成都摆摊看这里，市集招募洛带三节王炸！共24天黄金集市摊位招商中！📍【核心地段】成都龙泉驿区洛带古镇内🔥【双节叠加】桃花节赏花潮 + 清明节+村糖会🎯【精准客流】海量人流日均约2.5万人，每天主办方多样活动来整活儿，热闹非凡，自带消费buff，生意不用愁！时间：2026年3月14日-4月 ​  展开c,0,0,0,0
2026-03-05,洛带古镇,B001C8P5T0,龙泉驿区,景区,104.328377,30.636189,忘记cr,成都龙泉驿洛带古镇是巴蜀文化活化石、西部客家第一镇，有“一街七巷”明清建筑群、四大会馆，居民多为客家，还有伤心凉粉、土楼等特色景点。 ​,0,0,0,0
2026-03-05,洛带古镇,B001C8P5T0,龙泉驿区,景区,104.328377,30.636189,冰糖葫芦丸子,25年游记总结🏖4月1号-7号昆明-大理-丽江-昆明辞职以后迫不及待开启毕业后第一场旅行，记得上一次真正意义上的旅行还是高中毕业17年和遊姐去成都。坐上前往昆明的高铁是兴奋期待，那种心情现在回想起来还是非常生动，到达昆明随意找了一家餐厅，品尝的第一种云南菜一点都没踩雷，非常好吃。在高 ​  展开c,0,0,0,0
2026-03-04,洛带古镇,B001C8P5T0,龙泉驿区,景区,104.328377,30.636189,程凯6559651924,新的一年，新的开始，梦想始终未变！我下次去成都一定要去洛带古镇，看看我点的（狮铜兽）拍照，眼见为实，耳听为虚，还有洛阳伊川县点的石龟，两只都是石头的雕刻，我也让（狮铜兽）和（石龟）给她们红色和黑色的金子 ​,0,0,0,0
2026-03-04,洛带古镇,B001C8P5T0,龙泉驿区,景区,104.328377,30.636189,新天地的小窝,#成都生活##这里是成都##春节摄影大赛##乡村古镇##手机摄影爱好者#在成都市龙泉驿区洛带古镇若汐小院品茶听手碟。 2成都·洛带古镇 L新天地的小窝的微博视频  ​,0,0,0,0
2026-03-23,北湖生态公园,B0FFH0P4MJ,成华区,广场,104.154455,30.718909,成都公交,【熊猫度假区亲子萌宠专线】上线啦！一线串联“动物园 | 天府国际动漫城 | 熊猫基地 | 北湖生态公园 | 成都熊猫海洋公园”五大萌趣景点，无需换乘，轻松遛娃，快和成都公交一起出发吧！#亲子游玩好去处##趣耍巴士# L成都公交的微博视频 ​,0,0,0,0
2026-03-22,北湖生态公园,B0FFH0P4MJ,成华区,广场,104.154455,30.718909,成都交通运输,#小通带你耍成都# 【熊猫度假区亲子萌宠专线】#成都交通出行# 上线啦！一线串联“动物园 | 天府国际动漫城 | 熊猫基地 | 北湖生态公园 | 成都熊猫海洋公园”五大萌趣景点，无需换乘，轻松遛娃，快和成都公交一起出发吧！#亲子游玩好去处#趣耍巴士 L成都交通运输的微博视频 ​,0,0,0,0
2026-03-21,北湖生态公园,B0FFH0P4MJ,成华区,广场,104.154455,30.718909,青白江服务,#其他资讯#【出行注意！#成都交警发布重要提醒#】周末将至，出行的市民注意啦！2025/2026四川省城市足球联赛、2026成都世遗马拉松、2026四川省马术联赛（东安湖站）即将举办，多条道路交通临时有变。此外，紧邻北湖生态公园、近邻熊猫基地的成都熊猫海洋公园开业试运营，交警部门根据最新预判发布详细 ​  展开c,0,0,0,0
2026-03-20,北湖生态公园,B0FFH0P4MJ,成华区,广场,104.154455,30.718909,郫都发布,#民生指南#【出行注意！#成都交警发布重要提醒#】市民朋友们，周末将至，出行的市民注意啦！2025/2026四川省城市足球联赛、2026成都世遗马拉松、2026四川省马术联赛（东安湖站）即将举办，多条道路交通临时有变。此外，紧邻北湖生态公园、近邻熊猫基地的成都熊猫海洋公园开业试运营，交警部门根据最新 ​  展开c,0,0,0,0
2026-03-20,北湖生态公园,B0FFH0P4MJ,成华区,广场,104.154455,30.718909,成都发布,【出行注意！#成都交警发布重要提醒#】周末将至，出行的市民注意啦！2025/2026四川省城市足球联赛、2026成都世遗马拉松、2026四川省马术联赛（东安湖站）即将举办，多条道路交通临时有变。此外，紧邻北湖生态公园、近邻熊猫基地的成都熊猫海洋公园开业试运营，交警部门根据最新预判发布详细的停车指引 ​  展开c,0,0,0,0
2026-03-19,北湖生态公园,B0FFH0P4MJ,成华区,广场,104.154455,30.718909,成都市公共资源交易,【土地拍卖公告】成华区北湖生态公园北岛商业地块国有建设用地使用权将于2026年04月09日10时以拍卖方式组织出让。详情请关注成都市公共资源交易服务中心网站O网页链接 ​,0,0,0,0
2026-03-19,北湖生态公园,B0FFH0P4MJ,成华区,广场,104.154455,30.718909,空间秘探,#今日文旅行业信息# 成都熊猫海洋公园试营业5月1日正式开园3月8日，全国唯一集现代海洋生态、古蜀淡水世界、古海洋研学基地等为一体的大型综合性海洋类主题景区——成都熊猫海洋公园开启试营业，并将于5月1日正式开园。据了解，公园位于成都市成华区，地处成都熊猫国际旅游度假区北湖生态公园核 ​  展开c,0,0,0,0
2026-03-19,北湖生态公园,B0FFH0P4MJ,成华区,广场,104.154455,30.718909,打望四川,【蓝色“凤尾螺”亮相！成都熊猫海洋公园试营业首日人气爆棚】3月18日，备受成都市民关注的全国唯一集现代海洋生态、古蜀淡水世界、古海洋研学基地于一体的大型综合性海洋公园——成都熊猫海洋公园开启试营业。这座位于成都熊猫国际旅游度假区北湖生态公园内的蓝色“凤尾螺”，试营业首日便迎来大批游 ​  展开c,0,0,0,0
2026-03-18,北湖生态公园,B0FFH0P4MJ,成华区,广场,104.154455,30.718909,毛磊的买房观,#成都新公园# 【西南首个“海洋+古蜀”双IP海洋公园 成都熊猫海洋公园今日试营业】就在今天！ 备受关注的西南首个融合“海洋+古蜀”双IP沉浸式海洋公园——成都熊猫海洋公园正式开启试营业。公园位于成都熊猫国际旅游度假区北湖生态公园，以世界四大名螺之首“凤尾螺”为造型，是全国唯一集现代海洋生 ​  展开c,0,0,0,0
2026-03-18,北湖生态公园,B0FFH0P4MJ,成华区,广场,104.154455,30.718909,成都条条通,#春假游四川# 【今起试运营！成都新添一个海洋公园】就在今天！西南首个融合“海洋+古蜀”双IP的沉浸式海洋公园——成都熊猫海洋公园，开启试营业。成都熊猫海洋公园位于成都熊猫国际旅游度假区北湖生态公园，是全国唯一集现代海洋生态、古蜀淡水世界、古海洋研学基地等为一体的大型综合性海洋公园，公 ​  展开c,0,0,0,0
2026-03-18,北湖生态公园,B0FFH0P4MJ,成华区,广场,104.154455,30.718909,迈点,【成都熊猫海洋公园3月18日启动试运营】　　3月18日，位于成都熊猫国际旅游度假区北湖生态公园的成都熊猫海洋公园启动试运营。　　该公园以“凤尾螺”为建筑造型，室内面积2.6万平方米，是全国唯一集现代海洋生态、古蜀淡水世界、古海洋研学于一体的大型综合场馆，旨在打造西南“海洋+古蜀”文旅新 ​  展开c,0,0,0,0
2026-03-18,北湖生态公园,B0FFH0P4MJ,成华区,广场,104.154455,30.718909,成都水务,#水务分享#【今起试运营！#成都新添一个海洋公园#】就在今天！西南首个融合“海洋+古蜀”双IP的沉浸式海洋公园——成都熊猫海洋公园，开启试营业。成都熊猫海洋公园位于成都熊猫国际旅游度假区北湖生态公园，是全国唯一集现代海洋生态、古蜀淡水世界、古海洋研学基地等为一体的大型综合性海洋公园，公 ​  展开c,0,0,0,0
2026-03-18,北湖生态公园,B0FFH0P4MJ,成华区,广场,104.154455,30.718909,天府双流,【今起试运营！#成都新添一个海洋公园#】就在今天！西南首个融合“海洋+古蜀”双IP的沉浸式海洋公园——成都熊猫海洋公园，开启试营业。成都熊猫海洋公园位于成都熊猫国际旅游度假区北湖生态公园，是全国唯一集现代海洋生态、古蜀淡水世界、古海洋研学基地等为一体的大型综合性海洋公园，公园内共有八 ​  展开c,0,0,0,0
2026-03-18,北湖生态公园,B0FFH0P4MJ,成华区,广场,104.154455,30.718909,四川文旅,【今起试运营！#成都新添一个海洋公园#】就在今天！西南首个融合“海洋+古蜀”双IP的沉浸式海洋公园——成都熊猫海洋公园，开启试营业。成都熊猫海洋公园位于成都熊猫国际旅游度假区北湖生态公园，是全国唯一集现代海洋生态、古蜀淡水世界、古海洋研学基地等为一体的大型综合性海洋公园，公园内共有八 ​  展开c,0,0,0,0
2026-03-18,北湖生态公园,B0FFH0P4MJ,成华区,广场,104.154455,30.718909,青白江服务,#其他资讯#【今起试运营！#成都新添一个海洋公园#】就在今天！西南首个融合“海洋+古蜀”双IP的沉浸式海洋公园——成都熊猫海洋公园，开启试营业。成都熊猫海洋公园位于成都熊猫国际旅游度假区北湖生态公园，是全国唯一集现代海洋生态、古蜀淡水世界、古海洋研学基地等为一体的大型综合性海洋公园，公 ​  展开c,0,0,0,0
2026-03-18,北湖生态公园,B0FFH0P4MJ,成华区,广场,104.154455,30.718909,成都城市管理,【今起试运营！#成都新添一个海洋公园#】就在今天！西南首个融合“海洋+古蜀”双IP的沉浸式海洋公园——成都熊猫海洋公园，开启试营业。成都熊猫海洋公园位于成都熊猫国际旅游度假区北湖生态公园，是全国唯一集现代海洋生态、古蜀淡水世界、古海洋研学基地等为一体的大型综合性海洋公园，公园内共有八 ​  展开c,0,0,0,0
2026-03-18,北湖生态公园,B0FFH0P4MJ,成华区,广场,104.154455,30.718909,成都公交,【一线连萌，欢乐童行】亲子萌宠专线遛娃出行新选择！动物园、天府国际动漫城、熊猫基地、北湖生态公园、熊猫海洋公园，五大萌趣点位一线串联，无需换乘、轻松直达。🚌起讫点：动物园公交站↔地铁龙潭寺站🚌运行时间：周末及法定节假日🚌发车时段：9:30—17:00（双向同时间） #成都公交# ​  展开c,0,0,0,0
2026-03-18,北湖生态公园,B0FFH0P4MJ,成华区,广场,104.154455,30.718909,成都发布,【今起试运营！#成都新添一个海洋公园#】就在今天！西南首个融合“海洋+古蜀”双IP的沉浸式海洋公园——成都熊猫海洋公园，开启试营业。成都熊猫海洋公园位于成都熊猫国际旅游度假区北湖生态公园，是全国唯一集现代海洋生态、古蜀淡水世界、古海洋研学基地等为一体的大型综合性海洋公园，公园内共有八 ​  展开c,0,0,0,0
2026-03-14,北湖生态公园,B0FFH0P4MJ,成华区,广场,104.154455,30.718909,云上深夜快递,【#成都再添一个海洋公园# 游览攻略来啦→】3月18日，位于成都熊猫国际旅游度假区北湖生态公园的成都熊猫海洋公园就要试营业啦！一张门票即可畅游八大展区、三大剧场和超大户外萌宠休闲绿地！怎么购票？在哪里购票？票价多少？服务指南已出，快快收好→ O网页链接 （成华发布） ​​​ ​​  展开c,0,0,0,0
2026-03-14,北湖生态公园,B0FFH0P4MJ,成华区,广场,104.154455,30.718909,成都公交,【#成都熊猫海洋公园即将营业#】备受关注的全国首个融合“海洋+古蜀”双IP沉浸式海洋公园——成都熊猫海洋公园，将于3月18日试营业。一起期待！（@成都发布 ）L成都发布的微博视频 🚌公交直达超方便，下车步行即达，轻松开启海洋奇遇✨【出行指南：公交 666 路至蜀龙中站；87 路 / 60 路至北湖生态 ​  展开c,0,0,0,0
2026-03-24,桂溪生态公园,B0FFH0US9N,武侯区,广场,104.067314,30.563054,成都市青白江区残联,【#成都紫色瀑布开爆了#】桂溪生态公园的紫色瀑布已挂满枝头，阳光正好，藤影婆娑。快来接收这份限定的紫色浪漫吧~（来源：成都高新）L成都发布的微博视频 ​​​,0,0,0,0
2026-03-23,桂溪生态公园,B0FFH0US9N,武侯区,广场,104.067314,30.563054,成都水务,【#成都紫色瀑布开爆了#】桂溪生态公园的紫色瀑布已挂满枝头，阳光正好，藤影婆娑。快来接收这份限定的紫色浪漫吧~（来源：成都高新）L成都发布的微博视频 ​,0,0,0,0
2026-03-23,桂溪生态公园,B0FFH0US9N,武侯区,广场,104.067314,30.563054,成都残联,【#成都紫色瀑布开爆了#】桂溪生态公园的紫色瀑布已挂满枝头，阳光正好，藤影婆娑。快来接收这份限定的紫色浪漫吧~（来源：成都高新）L成都发布的微博视频 ​,0,0,0,0
2026-03-23,桂溪生态公园,B0FFH0US9N,武侯区,广场,104.067314,30.563054,青白江服务,#其他资讯#【#成都紫色瀑布开爆了#】桂溪生态公园的紫色瀑布已挂满枝头，阳光正好，藤影婆娑。快来接收这份限定的紫色浪漫吧~（来源：成都高新）L成都发布的微博视频 ​,0,0,0,0
2026-03-23,桂溪生态公园,B0FFH0US9N,武侯区,广场,104.067314,30.563054,双流应急,【#成都紫色瀑布开爆了#】桂溪生态公园的紫色瀑布已挂满枝头，阳光正好，藤影婆娑。快来接收这份限定的紫色浪漫吧~（来源：成都高新） L成都发布的微博视频 ​​​,0,0,0,0
2026-03-23,桂溪生态公园,B0FFH0US9N,武侯区,广场,104.067314,30.563054,武侯发布,【#成都紫色瀑布开爆了#】桂溪生态公园的紫色瀑布已挂满枝头，阳光正好，藤影婆娑。快来接收这份限定的紫色浪漫吧~（来源：成都高新） L成都发布的微博视频 ​,0,0,0,0
2026-03-23,桂溪生态公园,B0FFH0US9N,武侯区,广场,104.067314,30.563054,成都水务,【#成都紫色瀑布开爆了#】桂溪生态公园的紫色瀑布已挂满枝头，阳光正好，藤影婆娑。快来接收这份限定的紫色浪漫吧~（来源：成都高新）L成都发布的微博视频 ​,0,0,0,0
2026-03-23,桂溪生态公园,B0FFH0US9N,武侯区,广场,104.067314,30.563054,成都发展改革,【#2026中国·成都天府绿道国际自行车赛4月18日至19日举行#】2026中国·成都天府绿道国际自行车赛定于4月18日至19日举行，分为两个比赛日。今年是赛事创办以来的第四届，将继续以“骑跑在成都”为核心主题，全方位展现成都作为“骑行之都”的独特魅力，以及公园城市示范区的生态画卷。选手们将从桂溪生态 ​  展开c,0,0,0,0
2026-03-23,桂溪生态公园,B0FFH0US9N,武侯区,广场,104.067314,30.563054,四川文旅,#迎接四川万物生长的春# 【#成都紫色瀑布开爆了#】桂溪生态公园的紫色瀑布已挂满枝头，阳光正好，藤影婆娑。快来接收这份限定的紫色浪漫吧~#像花一样往四川的春天赶# （来源：@成都发布、@成都高新） L成都发布的微博视频 ​,0,0,0,0
2026-03-22,桂溪生态公园,B0FFH0US9N,武侯区,广场,104.067314,30.563054,新浪四川,【#成都紫色瀑布开爆了#】桂溪生态公园的紫色瀑布已挂满枝头，阳光正好，藤影婆娑。快来接收这份限定的紫色浪漫吧~（来源：成都高新） L成都发布的微博视频 ​​​,0,0,0,0
2026-03-22,桂溪生态公园,B0FFH0US9N,武侯区,广场,104.067314,30.563054,新都发布,【#成都紫色瀑布开爆了#】桂溪生态公园的紫色瀑布已挂满枝头，阳光正好，藤影婆娑。快来接收这份限定的紫色浪漫吧~L成都发布的微博视频 ​​​,0,0,0,0
2026-03-22,桂溪生态公园,B0FFH0US9N,武侯区,广场,104.067314,30.563054,成都市场监管,#督督熊分享# 【#成都紫色瀑布开爆了#】桂溪生态公园的紫色瀑布已挂满枝头，阳光正好，藤影婆娑。快来接收这份限定的紫色浪漫吧~L成都发布的微博视频 ​​​,0,0,0,0
2026-03-22,桂溪生态公园,B0FFH0US9N,武侯区,广场,104.067314,30.563054,文旅成都,【#成都紫色瀑布开爆了#】桂溪生态公园的紫色瀑布已挂满枝头，阳光正好，藤影婆娑。快来接收这份限定的紫色浪漫吧~（来源：成都高新） #花花成都超好耍# L成都发布的微博视频 ​​​,0,0,0,0
2026-03-22,桂溪生态公园,B0FFH0US9N,武侯区,广场,104.067314,30.563054,青羊残联,#残联爱分享#【#成都紫色瀑布开爆了#】桂溪生态公园的紫色瀑布已挂满枝头，阳光正好，藤影婆娑。快来接收这份限定的紫色浪漫吧~（来源：成都高新） L成都发布的微博视频 ​​​,0,0,0,0
2026-03-22,桂溪生态公园,B0FFH0US9N,武侯区,广场,104.067314,30.563054,成都国防动员,【#成都紫色瀑布开爆了#】桂溪生态公园的紫色瀑布已挂满枝头，阳光正好，藤影婆娑。快来接收这份限定的紫色浪漫吧~（来源：成都高新） L成都发布的微博视频 ​​​,0,0,0,0
2026-03-22,桂溪生态公园,B0FFH0US9N,武侯区,广场,104.067314,30.563054,东明县融媒体中心,【#成都紫色瀑布开爆了#】桂溪生态公园的紫色瀑布已挂满枝头，阳光正好，藤影婆娑。快来接收这份限定的紫色浪漫吧~（来源：成都高新） L成都发布的微博视频 ​​​,0,0,0,0
2026-03-22,桂溪生态公园,B0FFH0US9N,武侯区,广场,104.067314,30.563054,成都发布,【#成都紫色瀑布开爆了#】桂溪生态公园的紫色瀑布已挂满枝头，阳光正好，藤影婆娑。快来接收这份限定的紫色浪漫吧~（来源：成都高新） L成都发布的微博视频 ​,0,0,0,0
2026-03-22,桂溪生态公园,B0FFH0US9N,武侯区,广场,104.067314,30.563054,成都高新,【春风有信，紫藤如约#成都高新这一赏花地火了# 🌿】桂溪生态公园的紫色瀑布已挂满枝头，阳光正好，藤影婆娑。早安超话别辜负这场限定的浪漫——出门吧，去花下走走，把春天装进眼睛里。💜📸羽鸿 ​,0,0,0,0
2026-03-22,桂溪生态公园,B0FFH0US9N,武侯区,广场,104.067314,30.563054,成都高新,#成都高新这一赏花地火了# 【花开成瀑！语文书里的紫藤萝来了】💜 又是紫藤挂高枝！成都高新这条“紫色瀑布”美成了漫画～@成都高新 邀你一起“云”赏花，快来接收这份限定的紫色浪漫吧！早安超话📍打卡点：成都高新区桂溪生态公园西区 L成都高新的微博视频 ​,0,0,0,0
2026-03-25,天府公园,B0FFHF7O63,双流区,广场,104.072372,30.432313,四川发布,【太酷了····成都“上新”一个机车公园】谁说公园只能散步、喝茶、遛娃？近日，紧邻双流国际机场的天府机车公园正在加速建设中，预计今年10月正式开放。其以机车产业为核心，将老厂房改造为机车博物馆和文化输出中心，同时规划7000平方米专业越野场地，为越野爱好者提供骑行体验服务，并配备专 ​  展开c,0,0,0,0
2026-03-25,天府公园,B0FFHF7O63,双流区,广场,104.072372,30.432313,大鹏映象,富士G影汇 | 成都同傲·富士天府艺术公园圆满落幕✨3月22日成都同傲富士·G影汇圆满收官！感谢每一位老师的干货分享感谢每一位影友的热情奔赴❤️快门暂歇，热爱不止光影故事，未完待续期待下次相遇，我们继续用镜头定格美好📸#富士G影汇 ##富士相机 ##成都同傲摄影俱乐部#  ​  展开c,0,0,0,0
2026-03-25,天府公园,B0FFHF7O63,双流区,广场,104.072372,30.432313,风天逍遥仙,邛崃市—天府艺术公园（成都） L风天逍遥仙的微博视频 ​,0,0,0,0
2026-03-25,天府公园,B0FFHF7O63,双流区,广场,104.072372,30.432313,看度时政,#到崇州来逛甜甜的村糖会# 春天去崇州，除了赏花还能干什么？当然是逛！村！糖！会！2000余亩的金色花海、138年的酿酒历史，三月的崇州把春天和美酒，一起端上了桌！3月27日至29日，2026成都首届“村糖会”将在崇州天府酒村甜蜜开市！乡村好物、特色农产品、非遗技艺……在逛吃之中感受最地道的酒村 ​  展开c,0,0,0,0
2026-03-25,天府公园,B0FFHF7O63,双流区,广场,104.072372,30.432313,看度时政,【#成都将添一个特色公园#】成都又一公园来了，坐落于双流区环港路一段西片区的天府机车公园预计今年10月正式开放。此外，“墙墙猫”公园已正式开放，二仙桥摄影公园焕新登场。就在家门口，走起！（来源：成都公园城市建设） ​,0,0,0,0
2026-03-25,天府公园,B0FFHF7O63,双流区,广场,104.072372,30.432313,成都公园城市建设,#到崇州来逛甜甜的村糖会# 春天去崇州，除了赏花还能干什么？当然是逛！村！糖！会！2000余亩的金色花海、138年的酿酒历史，三月的崇州把春天和美酒，一起端上了桌！3月27日至29日，2026成都首届“村糖会”将在崇州天府酒村甜蜜开市！乡村好物、特色农产品、非遗技艺……在逛吃之中感受最地道的酒村 ​  展开c,0,0,0,0
2026-03-25,天府公园,B0FFHF7O63,双流区,广场,104.072372,30.432313,玖月下午,#我们一起看展#——成都市美术馆｜《世纪破晓》回顾 《世纪破晓：俄罗斯国家博物馆藏先锋艺术》原本担心抽象画“看不懂”，没想到反而被色彩和形状吸引，全程安静看了近一小时。 展览集中呈现了四位20世纪初俄罗斯先锋艺术家的作品： 夏加尔：画面有漂浮的人、倒置的房子、明亮的蓝与紫，像 ​  展开c,0,0,0,0
2026-03-25,天府公园,B0FFHF7O63,双流区,广场,104.072372,30.432313,听堂FM,【#成都将添一个特色公园#】成都又一公园来了，天府机车公园预计今年10月正式开放。此外，“墙墙猫”公园已正式开放，二仙桥摄影公园焕新登场。就在家门口，走起！ ​,0,0,0,0
2026-03-25,天府公园,B0FFHF7O63,双流区,广场,104.072372,30.432313,青羊共青团,【#成都天府机车公园太酷啦#】#成都天府机车公园开放倒计时# 天府机车公园即将亮相成都双流，以机车文化为核心，打造全国首个集销售、服务、文化、文旅、赛事于一体的主题公园。作为“318从成都出发”摩旅首站，园区占地180亩，设有机车博物馆、越野场地、摩友驿站等，配套装备店、旅拍、民宿。预计今 ​  展开c,0,0,0,0
2026-03-25,天府公园,B0FFHF7O63,双流区,广场,104.072372,30.432313,成都公园城市建设,【#成都将添一个特色公园#】成都又一公园来了，坐落于双流区环港路一段西片区的天府机车公园预计今年10月正式开放。此外，“墙墙猫”公园已正式开放，二仙桥摄影公园焕新登场。就在家门口，走起！O网页链接 ​,0,0,0,0
2026-03-25,天府公园,B0FFHF7O63,双流区,广场,104.072372,30.432313,成都公园城市建设,【太惬意了！不负春光和花事】太阳一出来，公园绿道里就“长”满了人。不是因为大家太闲，是这春光和花，实在盛情难却。早安超话早安超话（成都市广播电视台航拍工作室）#在成都打卡公园城市# 成都高新这一赏花地火了##天府绿道# L成都高新的微博视频 ​,0,0,0,0
2026-03-25,天府公园,B0FFHF7O63,双流区,广场,104.072372,30.432313,山东航空,关注@山东航空 +转赞+@ 3位好友 1号抽机长熊1个！换季上新｜这个春天，成都随时见！3月29日起，山航新增济南/青岛⇌成都双流每日直飞，“山航快线”全面覆盖成都天府、双流双机场，济南每天5班，青岛每天4班。【清晨 · 味蕾先醒】别赶路，钻进老巷。不看攻略，只找哪家红油最亮、人声最 ​  展开c,0,0,0,0
2026-03-25,天府公园,B0FFHF7O63,双流区,广场,104.072372,30.432313,成都发展改革,【#成都将添一个特色公园#】成都又一公园来了，坐落于双流区环港路一段西片区的天府机车公园预计今年10月正式开放。此外，“墙墙猫”公园已正式开放，二仙桥摄影公园焕新登场。就在家门口，走起！O网页链接 ​,0,0,0,0
2026-03-25,天府公园,B0FFHF7O63,双流区,广场,104.072372,30.432313,Iris66_2022,#成都天府机车公园太酷啦# 共同关注！#成都天府机车公园开放倒计时# ！！@双流发布,0,0,0,0
2026-03-24,天府公园,B0FFHF7O63,双流区,广场,104.072372,30.432313,投资四川,#投小川带你看#【#成都天府机车公园太酷啦#】#成都天府机车公园开放倒计时# 天府机车公园即将亮相成都双流，以机车文化为核心，打造全国首个集销售、服务、文化、文旅、赛事于一体的主题公园。作为“318从成都出发”摩旅首站，园区占地180亩，设有机车博物馆、越野场地、摩友驿站等，配套装备店、旅拍 ​  展开c,0,0,0,0
2026-03-24,天府公园,B0FFHF7O63,双流区,广场,104.072372,30.432313,成都市青白江区残联,【#成都野生汉字太会了#】在天府熊猫塔邂逅日落余晖，看城市被染成暖金；去棠湖公园，赏柳树在风中摇曳，如诗如画；到都江堰，观岷江水滔滔，感受千年水利的魅力。成都的美，藏在每一个角落，等你来发现～（成都发布）L成都发布的微博视频 ​​​,0,0,0,0
2026-03-24,天府公园,B0FFHF7O63,双流区,广场,104.072372,30.432313,成都交通运输,#小通带你耍成都# 【#成都天府机车公园太酷啦#】#成都天府机车公园开放倒计时# 天府机车公园即将亮相成都双流，以机车文化为核心，打造全国首个集销售、服务、文化、文旅、赛事于一体的主题公园。作为“318从成都出发”摩旅首站，园区占地180亩，设有机车博物馆、越野场地、摩友驿站等，配套装备店、旅 ​  展开c,0,0,0,0
2026-03-24,天府公园,B0FFHF7O63,双流区,广场,104.072372,30.432313,天新小马,#天府新区##天府新区日常美景#天府新区超话麓湖南岸公园开放后最火的还得是这个最美停车场#公园城市美好生活##天府总部商务区##成都科学城##兴隆湖#@天府发布  @最美成都 ​​​  @交大桥梁 @天府新城那些事儿 @华阳那些事儿 ​​​ L天新小马的微博视频 ​,0,0,0,0
2026-03-24,天府公园,B0FFHF7O63,双流区,广场,104.072372,30.432313,武侯发布,【#成都将添一个特色公园#】成都又一公园来了，天府机车公园预计今年10月正式开放。此外，“墙墙猫”公园已正式开放，二仙桥摄影公园焕新登场。就在家门口，走起！ ​,0,0,0,0
2026-03-24,天府公园,B0FFHF7O63,双流区,广场,104.072372,30.432313,青白江服务,#其他资讯#【#成都将添一个特色公园#】成都又一公园来了，天府机车公园预计今年10月正式开放。此外，“墙墙猫”公园已正式开放，二仙桥摄影公园焕新登场。就在家门口，走起！（成都发布） ​,0,0,0,0
2026-03-24,白鹭湾湿地公园,B0FFF3AE8H,锦江区,广场,104.136926,30.568151,吉屋,人居国贸林语上城售楼处电话最新发布：4006603885转80026【售楼处预约热线】4006603885转80026欢迎致电售楼处电话，专业一对一热情服务，让您用专业眼光去买房。作为融合人居“林语系”与国贸“上系”的双国企战略级高端改善作品，人居国贸林语上城力求最大化还原高品质生活场景，满足年轻家庭和改善型 ​  展开c,0,0,0,0
2026-03-16,白鹭湾湿地公园,B0FFF3AE8H,锦江区,广场,104.136926,30.568151,食光漫游者,蓝顶美术馆/更适合i 人的city walk 周末中午从市区出发，导航定位成都市锦江区三圣乡荷塘月色A区蓝顶艺术区，沿着成龙大道一路向东到了。这片区域藏在三圣花乡里，周边都是绿植，离荷塘月色和白鹭湾湿地公园都近，下车就能闻到空气里淡淡的草木味。 走进园区，最先看到的是成片的白色建筑，墙面不 ​  展开c,0,0,0,0
2026-02-22,白鹭湾湿地公园,B0FFF3AE8H,锦江区,广场,104.136926,30.568151,晗容娜娜,白鹭湾．春至 2成都·白鹭湾湿地公园 ​,0,0,0,0
2026-02-21,白鹭湾湿地公园,B0FFF3AE8H,锦江区,广场,104.136926,30.568151,Kosaga_,好美 2成都·白鹭湾湿地公园 ​,0,0,0,0
2026-02-21,白鹭湾湿地公园,B0FFF3AE8H,锦江区,广场,104.136926,30.568151,从天天而降的梦境,成都的油菜花花开了 2成都·白鹭湾湿地公园 ​,0,0,0,0
2026-02-15,白鹭湾湿地公园,B0FFF3AE8H,锦江区,广场,104.136926,30.568151,凤鸣阁历史台,东北地名起名和南方是真不一样，听听东北大哥怎么说！清凉历史超话#慢慢看世界##生活百科# L凤鸣阁历史台的微博视频 ​,0,0,0,0
2026-02-05,白鹭湾湿地公园,B0FFF3AE8H,锦江区,广场,104.136926,30.568151,睡不醒的猪zx,卖家秀和买家秀 2成都·白鹭湾湿地公园 ​,0,0,0,0
2026-01-18,白鹭湾湿地公园,B0FFF3AE8H,锦江区,广场,104.136926,30.568151,很吖好磕的啊瞌,水杉，冬季染红思念的树#冬季# 成都·白鹭湾湿地公园 ​,0,0,0,0
2026-01-18,白鹭湾湿地公园,B0FFF3AE8H,锦江区,广场,104.136926,30.568151,小倩子哇Soda,水杉，冬季染红思念的树#冬季# 成都·白鹭湾湿地公园 ​,0,0,0,0
2026-01-18,白鹭湾湿地公园,B0FFF3AE8H,锦江区,广场,104.136926,30.568151,Wy沈大大大姨,水杉，冬季染红思念的树#冬季# 成都·白鹭湾湿地公园 ​,0,0,0,0
2026-01-18,白鹭湾湿地公园,B0FFF3AE8H,锦江区,广场,104.136926,30.568151,绝代芳华云,水杉，冬季染红思念的树#冬季# 成都·白鹭湾湿地公园 ​,0,0,0,0
2026-01-18,白鹭湾湿地公园,B0FFF3AE8H,锦江区,广场,104.136926,30.568151,用户6577281504,水杉，冬季染红思念的树#冬季# 成都·白鹭湾湿地公园 ​,0,0,0,0
2026-01-18,白鹭湾湿地公园,B0FFF3AE8H,锦江区,广场,104.136926,30.568151,诗萌2012导,水杉，冬季染红思念的树#冬季# 成都·白鹭湾湿地公园 ​,0,0,0,0
2026-01-18,白鹭湾湿地公园,B0FFF3AE8H,锦江区,广场,104.136926,30.568151,在眼前飞,水杉，冬季染红思念的树#冬季# 成都·白鹭湾湿地公园 ​,0,0,0,0
2026-01-18,白鹭湾湿地公园,B0FFF3AE8H,锦江区,广场,104.136926,30.568151,周周减周周胖,无法掌控的事情太多，尽力就好 2成都·白鹭湾湿地公园 ​,0,0,0,0
2026-01-17,白鹭湾湿地公园,B0FFF3AE8H,锦江区,广场,104.136926,30.568151,思念一个荒废而又美好的名字,带宝贝打卡白鹭湾湿地公园~喝茶，晒太阳~ 2成都·白鹭湾湿地公园 ​,0,0,0,0
2026-01-14,白鹭湾湿地公园,B0FFF3AE8H,锦江区,广场,104.136926,30.568151,西瓜的主人Kek,今天天气真好 2成都·白鹭湾湿地公园 ​,0,0,0,0
2026-01-13,白鹭湾湿地公园,B0FFF3AE8H,锦江区,广场,104.136926,30.568151,尘嚣未远-街子,冬日的白鹭湾湿地公园，萧瑟中的生机。#摄影##带着微博去旅行##白鹭湾湿地公园##冬日##公园#摄影超话旅游超话自然超话 2成都·白鹭湾湿地公园 L尘嚣未远-街子的微博视频 ​,0,0,0,0
2026-01-11,白鹭湾湿地公园,B0FFF3AE8H,锦江区,广场,104.136926,30.568151,成都地铁,#这个周末坐地铁去哪儿耍# 没想好周末去哪嗨？铁铁一键帮你拿捏👉收好这份出行攻略，地铁带你直达快乐周末～🚇 ​,0,0,0,0
2026-01-10,白鹭湾湿地公园,B0FFF3AE8H,锦江区,广场,104.136926,30.568151,成都地铁,【#成都的太阳又营业咯#走，晒太阳去~】最近阳光持续在线，成都人集体“向日葵”基因大觉醒，都在“光合作用”中。趁阳光晴好，铁铁送你5个地铁可达的免费公园，晒太阳、吸氧、出片、野餐全都行！挑一个出发吧～（来源：小红书 可乐叔叔、Uncle.杨、雨中梅儿香、 ​  展开c,0,0,0,0
2026-03-25,塔子山公园,B001C06JG0,锦江区,广场,104.124023,30.6344,Zsmart智尚酒店,#3月28日潘美辰演唱会#  #四川大剧院大剧场#   #智尚酒店#   #智尚酒店成都火车东站迎晖路地铁站店#   #东郊记忆# #文殊坊# #成都自然博物馆# #成都鸟语林# #塔子山公园# #东门市井# #春熙路# #成都博物馆# #文殊院# #宽窄巷子# #九眼桥# 潘美辰超话  带爸妈来成都，这次行程有个特别的任务—— ​  展开c,0,0,0,0
2026-03-24,塔子山公园,B001C06JG0,锦江区,广场,104.124023,30.6344,成都租房超话·,成都租房超话 【地铁】锦江区  7号线 大观地铁站，2号线塔子山公园【户型】4室1厅（转租）【租金】800 押1付3【小区】华宇嘉苑小区【☎】17882260817（v同）【其它】5分钟到地铁口，靠近环贸ICD，成都东站，春熙路等等。 ​,0,0,0,0
2026-03-24,塔子山公园,B001C06JG0,锦江区,广场,104.124023,30.6344,成都租房超话·,成都租房超话 【地铁】锦江区  7号线 大观地铁站，2号线塔子山公园【户型】4室1厅（转租）【租金】800 押1付3【小区】华宇嘉苑小区【☎】17882260817（v同）【其它】5分钟到地铁口，靠近环贸ICD，成都东站，春熙路等等。2成都 ​,0,0,0,0
2026-03-23,塔子山公园,B001C06JG0,锦江区,广场,104.124023,30.6344,成都租房超话·,成都租房超话 【地铁】锦江区  7号线 大观地铁站，2号线塔子山公园【户型】4室1厅（转租）【租金】800 押1付3【小区】华宇嘉苑小区【☎】17882260817（v同）【其它】5分钟到地铁口，靠近环贸ICD，成都东站，春熙路等等。 ​,0,0,0,0
2026-03-22,塔子山公园,B001C06JG0,锦江区,广场,104.124023,30.6344,成都租房超话·,成都租房超话 【地铁】锦江区  7号线 大观地铁站，2号线塔子山公园【户型】4室1厅（转租）【租金】800 押1付3【小区】华宇嘉苑小区【☎】17882260817（v同）【其它】5分钟到地铁口，靠近环贸ICD，成都东站，春熙路等等。 ​,0,0,0,0
2026-03-22,塔子山公园,B001C06JG0,锦江区,广场,104.124023,30.6344,小朱租房追星两不误,塔子山公园 电梯小区🉑短租三个月 仅需五张带空调看房滴滴18283283271#成都租房# ​,0,0,0,0
2026-03-21,塔子山公园,B001C06JG0,锦江区,广场,104.124023,30.6344,白鹿庄客土家人,七绝·丙午春游塔子山公园欲登九天楼不遂有感岗峦独占一城春，高塔崔嵬傍北辰。落尽棠花门紧锁，空留胜景与谁人？2026-03-21#诗词##春游季#2成都·塔子山公园 2成都·塔子山公园-九天楼 ​,0,0,0,0
2026-03-19,塔子山公园,B001C06JG0,锦江区,广场,104.124023,30.6344,成都租房超话·,成都租房超话 【地铁】锦江区  7号线 大观地铁站，2号线塔子山公园【户型】4室1厅（转租）【租金】800 押1付3【小区】华宇嘉苑小区【☎】17882260817（v同）【其它】5分钟到地铁口，靠近环贸ICD，成都东站，春熙路等等。 ​,0,0,0,0
2026-03-18,塔子山公园,B001C06JG0,锦江区,广场,104.124023,30.6344,Janhocc,成都｜套二合租｜男生🙋塔子山公园/大观 双地铁站套二 找男生一起合租位置在定位 电梯住宅 民用水电 房租3200平摊 4月初可以入住 押一付三因为是续租没有中介费 要求爱干净不乱堆垃圾 主动维护公共区域卫生 不能有异味 喜欢宠物！平时空了在家可以一起做饭喜欢拍照也可以约着拍照 有意向 ​  展开c,0,0,0,0
2026-03-16,塔子山公园,B001C06JG0,锦江区,广场,104.124023,30.6344,一步之遥_29311,//@正牌瞎溜达:什么记性啊，1970年代那地方还不是塔子山公园。塔子山从1956年4月到1984年12月是成都市园林局绿化苗木生产基地塔子山苗圃；1985年1月至1987年1月是成都市塔子山公园建设筹备办公室的封闭建设工地；1987年1月29日塔子山公园开放。这是老书记晚年关心过的造福市民项目，后来人不许忘本！,0,0,0,0
2026-03-15,塔子山公园,B001C06JG0,锦江区,广场,104.124023,30.6344,趣味人世间,//@正牌瞎溜达:什么记性啊，1970年代那地方还不是塔子山公园。塔子山从1956年4月到1984年12月是成都市园林局绿化苗木生产基地塔子山苗圃；1985年1月至1987年1月是成都市塔子山公园建设筹备办公室的封闭建设工地；1987年1月29日塔子山公园开放。这是老书记晚年关心过的造福市民项目，后来人不许忘本！,0,0,0,0
2026-03-15,塔子山公园,B001C06JG0,锦江区,广场,104.124023,30.6344,潇洒笨小姐,不舒服必须出来走走，加班间隙近一小时才步行了三公里，状态奇差。📍九天开出一成都，塔子山公园内九天楼 ​,0,0,0,0
2026-03-14,塔子山公园,B001C06JG0,锦江区,广场,104.124023,30.6344,只为Guan注,刚好在我的中学旁边。//@正牌瞎溜达:什么记性啊，1970年代那地方还不是塔子山公园。塔子山从1956年4月到1984年12月是成都市园林局绿化苗木生产基地塔子山苗圃；1985年1月至1987年1月是成都市塔子山公园建设筹备办公室的封闭建设工地；1987年1月29日塔子山公园开放。这是老书记晚年关心过的造福市民项目  展开c,0,0,0,0
2026-03-14,塔子山公园,B001C06JG0,锦江区,广场,104.124023,30.6344,囫囵屯栆,//@正牌瞎溜达:谢谢！也可能是我把处记成局了。反正在1987年1月公园开门之前它一直是塔子山苗圃。//@东二巷:正老，七十年代成都只有一个绿化队，好像是挂在养护处，后来养护处变市政工程局，绿化队就变成了园林处，园林局可能是八十年代末或九十年代初独立出去的//  展开c,0,0,0,0
2026-03-14,塔子山公园,B001C06JG0,锦江区,广场,104.124023,30.6344,不懂球的朗拿度,十分怀念塔子山公园当年的烧烤区。周末几个同学约好，你带菜，我带肉，他带饮料。上午坐公交车到塔子山，到了直奔烧烤区。一个水泥灶台，几捆干柴，开整！男同学烧火，女同学串菜，热火朝天。但常常是烤都没烤熟，就开始抢起吃了。吃完下午逛下公园，开开心心的回成都...,0,0,0,0
2026-03-14,塔子山公园,B001C06JG0,锦江区,广场,104.124023,30.6344,Randy教授,98年去过，寝室同学留下一张照片，七位同学，一位已逝，两位教授，一位公仆，一位做了中学老师，我和秀树同学在企业混饭，仍记得同学一句万金于我何佳焉//@正牌瞎溜达:什么记性啊，1970年代那地方还不是塔子山公园。塔子山从1956年4月到1984年12月是成都市园林局绿化苗木生产基地塔子山苗圃；1985年1月  展开c,0,0,0,0
2026-03-13,塔子山公园,B001C06JG0,锦江区,广场,104.124023,30.6344,喵孚,//@正牌瞎溜达:什么记性啊，1970年代那地方还不是塔子山公园。塔子山从1956年4月到1984年12月是成都市园林局绿化苗木生产基地塔子山苗圃；1985年1月至1987年1月是成都市塔子山公园建设筹备办公室的封闭建设工地；1987年1月29日塔子山公园开放。这是老书记晚年关心过的造福市民项目，后来人不许忘本！,0,0,0,0
2026-03-13,塔子山公园,B001C06JG0,锦江区,广场,104.124023,30.6344,秋来大娃,后面那两个高楼不和谐//@正牌瞎溜达:什么记性啊，1970年代那地方还不是塔子山公园。塔子山从1956年4月到1984年12月是成都市园林局绿化苗木生产基地塔子山苗圃；1985年1月至1987年1月是成都市塔子山公园建设筹备办公室的封闭建设工地；1987年1月29日塔子山公园开放。这是老书记晚年关心过的造福市民项目  展开c,0,0,0,0
2026-03-13,塔子山公园,B001C06JG0,锦江区,广场,104.124023,30.6344,southcoastwind,//@正牌瞎溜达:什么记性啊，1970年代那地方还不是塔子山公园。塔子山从1956年4月到1984年12月是成都市园林局绿化苗木生产基地塔子山苗圃；1985年1月至1987年1月是成都市塔子山公园建设筹备办公室的封闭建设工地；1987年1月29日塔子山公园开放。这是老书记晚年关心过的造福市民项目，后来人不许忘本！,0,0,0,0
2026-03-13,塔子山公园,B001C06JG0,锦江区,广场,104.124023,30.6344,小弟一点浩然气,//@正牌瞎溜达:什么记性啊，1970年代那地方还不是塔子山公园。塔子山从1956年4月到1984年12月是成都市园林局绿化苗木生产基地塔子山苗圃；1985年1月至1987年1月是成都市塔子山公园建设筹备办公室的封闭建设工地；1987年1月29日塔子山公园开放。这是老书记晚年关心过的造福市民项目，后来人不许忘本！,0,0,0,0
2026-02-21,天府芙蓉园,B0FFIS0UIR,武侯区,景区,103.985809,30.591603,锦江发布,【初五迎“囍”！#成都大年初五起可以领证了#】#成都婚姻登记延时服务初五开启#作为“蓉城囍事”的重要一环，今年春节假期，全市8处婚姻登记处交替于2月21日至23日连续三天推出延时服务。明日，成都高新区桂溪生态公园婚姻登记处、青羊区非遗博览园婚姻登记处、金堂县五凤婚姻登记点将率先开启延时服务 ​  展开c,0,0,0,0
2026-02-21,天府芙蓉园,B0FFIS0UIR,武侯区,景区,103.985809,30.591603,西南封面,破五迎福也迎囍！成都婚姻登记延时服务今日开启，主题婚书添喜气2月21日，农历正月初五“破五”迎福吉日，成都市民政局春节婚姻登记延时服务正式开启。作为“蓉城囍事”的重头戏，今年春节假期（2月21日至23日），全市8处婚姻登记处将采用错峰接力模式，连续三天为新人提供延时服务，在万家团圆时见 ​  展开c,0,0,0,0
2026-02-20,天府芙蓉园,B0FFIS0UIR,武侯区,景区,103.985809,30.591603,温江发布,【初五迎“囍”！#成都大年初五起可以领证了#】#成都婚姻登记延时服务初五开启#作为“蓉城囍事”的重要一环，今年春节假期，全市8处婚姻登记处交替于2月21日至23日连续三天推出延时服务。明日，成都高新区桂溪生态公园婚姻登记处、青羊区非遗博览园婚姻登记处、金堂县五凤婚姻登记点将率先开启延时服务 ​  展开c,0,0,0,0
2026-02-20,天府芙蓉园,B0FFIS0UIR,武侯区,景区,103.985809,30.591603,新浪四川,【初五迎“囍”！#成都大年初五起可以领证了#】#成都婚姻登记延时服务初五开启#作为“蓉城囍事”的重要一环，今年春节假期，全市8处婚姻登记处交替于2月21日至23日连续三天推出延时服务。明日，成都高新区桂溪生态公园婚姻登记处、青羊区非遗博览园婚姻登记处、金堂县五凤婚姻登记点将率先开启延时服务 ​  展开c,0,0,0,0
2026-02-20,天府芙蓉园,B0FFIS0UIR,武侯区,景区,103.985809,30.591603,看度时政,【初五迎“囍”！#成都大年初五起可以领证了#】#成都婚姻登记延时服务初五开启#作为“蓉城囍事”的重要一环，今年春节假期，全市8处婚姻登记处交替于2月21日至23日连续三天推出延时服务。明日，成都高新区桂溪生态公园婚姻登记处、青羊区非遗博览园婚姻登记处、金堂县五凤婚姻登记点将率先开启延时服务 ​  展开c,0,0,0,0
2026-02-20,天府芙蓉园,B0FFIS0UIR,武侯区,景区,103.985809,30.591603,郫都发布,#民生指南#【初五迎“囍”！#成都大年初五起可以领证了#】#成都婚姻登记延时服务初五开启#市民朋友们，作为“蓉城囍事”的重要一环，今年春节假期，全市8处婚姻登记处交替于2月21日至23日连续三天推出延时服务。明日，成都高新区桂溪生态公园婚姻登记处、青羊区非遗博览园婚姻登记处、金堂县五凤婚姻登 ​  展开c,0,0,0,0
2026-02-20,天府芙蓉园,B0FFIS0UIR,武侯区,景区,103.985809,30.591603,云上深夜快递,​​​#网络中国节·春节# 【初五迎“囍”！#成都大年初五起可以领证了#】#成都婚姻登记延时服务初五开启#作为“蓉城囍事”的重要一环，今年春节假期，全市8处婚姻登记处交替于2月21日至23日连续三天推出延时服务。明日，成都高新区桂溪生态公园婚姻登记处、青羊区非遗博览园婚姻登记处、金堂县五凤婚姻 ​  展开c,0,0,0,0
2026-02-20,天府芙蓉园,B0FFIS0UIR,武侯区,景区,103.985809,30.591603,成都发布,【初五迎“囍”！#成都大年初五起可以领证了#】#成都婚姻登记延时服务初五开启#作为“蓉城囍事”的重要一环，今年春节假期，全市8处婚姻登记处交替于2月21日至23日连续三天推出延时服务。明日，成都高新区桂溪生态公园婚姻登记处、青羊区非遗博览园婚姻登记处、金堂县五凤婚姻登记点将率先开启延时服务 ​  展开c,0,0,0,0
2026-02-16,天府芙蓉园,B0FFIS0UIR,武侯区,景区,103.985809,30.591603,四川发布,【 春节期间成都8个婚姻登记处推出延时服务】今年春节期间，成都城市浪漫再度升级——2月21日（正月初五）、2月22日（正月初六）、2月23日（正月初七）连续三天，8处婚姻登记处在不同时间开展春节延时服务。具体来说——成都高新区桂溪生态公园婚姻登记处、青羊区非遗博览园婚姻登记处、 ​  展开c,0,0,0,0
2026-02-15,天府芙蓉园,B0FFIS0UIR,武侯区,景区,103.985809,30.591603,炬炬,成都玉兰花开了！🪴🪷🍂 2成都·天府芙蓉园 ​,0,0,0,0
2026-02-11,天府芙蓉园,B0FFIS0UIR,武侯区,景区,103.985809,30.591603,用户7549931326,感谢今天的坐骑，陪我骑完了一圈绿道，永远支持哈啰#成都天府绿道# 2成都·天府芙蓉园 ​,0,0,0,0
2026-02-10,天府芙蓉园,B0FFIS0UIR,武侯区,景区,103.985809,30.591603,青城无语子,把全国的樱花园全部拆掉。最近这十多年，莫名其妙的出现的樱花热，特别是我们成都和武汉的樱花园建议全部铲除，比如我们从小玩到大的成都动物园，也不知道什么时候突然增加了个樱花园，还有成都文化公园，本是十二桥烈士陵园所在地，也不知道什么时候公园里整了个樱花园，成都市花是芙蓉花，整个成都大  展开c,0,0,0,0
2026-01-17,天府芙蓉园,B0FFIS0UIR,武侯区,景区,103.985809,30.591603,青秋桐,🍃晨雾漫过绿野朝阳破雾而来☀️ 2成都·天府芙蓉园 ​,0,0,0,0
2026-01-07,天府芙蓉园,B0FFIS0UIR,武侯区,景区,103.985809,30.591603,肥小甩,不辜负阳光☀️☝️ 2成都·天府芙蓉园 ​,0,0,0,0
2026-01-04,天府芙蓉园,B0FFIS0UIR,武侯区,景区,103.985809,30.591603,海叔说春秋,上天同云，雨雪雰雰，从龙泉驿的老城区到市中心的老城区冬日下的老城区，虽说是新年里的前两天，老街上的门店一个个的却都开着，蒸笼的气息裹挟着雾气漫过街沿边的香樟树，朝着灰黄里透着点粉的墙面升上去。那些墙的颜色像是生锈了的铁的颜色，外面的那一层有些已经掉了，露出后面寂寞的水泥。马赛 ​  展开c,0,0,0,0
2026-01-01,天府芙蓉园,B0FFIS0UIR,武侯区,景区,103.985809,30.591603,小世界假设,新年第一天领个国家级证书 2成都·天府芙蓉园 ​,0,0,0,0
2025-12-24,天府芙蓉园,B0FFIS0UIR,武侯区,景区,103.985809,30.591603,咖啡不苦R,绕城绿道散步，路过天府芙蓉园，看到路边的农田，都种着农作物，一种思乡之情油然而生 2成都·天府芙蓉园 L咖啡不苦R的微博视频 ​,0,0,0,0
2025-12-18,天府芙蓉园,B0FFIS0UIR,武侯区,景区,103.985809,30.591603,咖啡不苦R,分享图片 2成都·天府芙蓉园 ​,0,0,0,0
2025-11-29,天府芙蓉园,B0FFIS0UIR,武侯区,景区,103.985809,30.591603,锦鲤锦鲤来了呀ovo,#中国骑行地图#成都4条宝藏骑行线🌿从新手休闲到史诗挑战，承包四季风光！ 成都的“公园城市”浪漫，藏在一条条绿意盎然的骑行绿道里～ 不管你是想悠闲兜风、打卡花海，还是挑战百公里环线，这4条线路都能精准适配，骑一路美一路，沉浸式感受天府之国的生态之美！ 1. 青龙湖湿地公园：城区绿肺 ​  展开c,0,0,0,0
2025-11-28,天府芙蓉园,B0FFIS0UIR,武侯区,景区,103.985809,30.591603,果味小甜u,溪边野芙蓉 花木相媚好半看池莲尽 独伴霜菊槁欧阳修 宋 2成都·天府芙蓉园 ​,0,0,0,0
2026-03-25,天府艺术公园,B0HUTAZ5FP,金牛区,广场,104.022692,30.711411,大鹏映象,富士G影汇 | 成都同傲·富士天府艺术公园圆满落幕✨3月22日成都同傲富士·G影汇圆满收官！感谢每一位老师的干货分享感谢每一位影友的热情奔赴❤️快门暂歇，热爱不止光影故事，未完待续期待下次相遇，我们继续用镜头定格美好📸#富士G影汇 ##富士相机 ##成都同傲摄影俱乐部#  ​  展开c,0,0,0,0
2026-03-25,天府艺术公园,B0HUTAZ5FP,金牛区,广场,104.022692,30.711411,风天逍遥仙,邛崃市—天府艺术公园（成都） L风天逍遥仙的微博视频 ​,0,0,0,0
2026-03-25,天府艺术公园,B0HUTAZ5FP,金牛区,广场,104.022692,30.711411,玖月下午,#我们一起看展#——成都市美术馆｜《世纪破晓》回顾 《世纪破晓：俄罗斯国家博物馆藏先锋艺术》原本担心抽象画“看不懂”，没想到反而被色彩和形状吸引，全程安静看了近一小时。 展览集中呈现了四位20世纪初俄罗斯先锋艺术家的作品： 夏加尔：画面有漂浮的人、倒置的房子、明亮的蓝与紫，像 ​  展开c,0,0,0,0
2026-03-24,天府艺术公园,B0HUTAZ5FP,金牛区,广场,104.022692,30.711411,成都地铁运营,#坐地铁打卡成都#就在天府艺术公园，等你来解锁世界的“另一面”🌍📸拍照超出片、逛展超治愈！快约上你的看展搭子，乘着地铁27号线出发吧～ 📍出行攻略：花照壁北站B口出，步行900米即达。 ​,0,0,0,0
2026-03-23,天府艺术公园,B0HUTAZ5FP,金牛区,广场,104.022692,30.711411,看金牛,【棒球逐鹿成都，这份“金牛心意”让队员直呼：想留下来逛一逛！】#金牛播报# 3月19日，参加2026年中国棒球联赛成都站的各队队员陆续抵蓉，入住位于金牛区蜀汉路的润邦国际酒店。作为东道主，金牛区文旅部门与酒店方精心准备了独具成都特色的伴手礼，让队员们第一时间感受到成都的热情好客。计划在赛前 ​  展开c,0,0,0,0
2026-03-22,天府艺术公园,B0HUTAZ5FP,金牛区,广场,104.022692,30.711411,成都地铁运营,#坐地铁打卡成都#铁铁们！今天要打卡的是一所坐落于公园里的图书馆——天府人文艺术图书馆。馆内波浪状的设计，让人彷佛徜徉在知识的海洋里。在这里，看书阅读倍感惬意，漫步拍照也很出片。打卡攻略：搭乘地铁2号线至迎宾大道站D口出，步行约800米即可到达。 ​,0,0,0,0
2026-03-21,天府艺术公园,B0HUTAZ5FP,金牛区,广场,104.022692,30.711411,左手繁华-右手宁静,下午上了半天课，刚好对接成都街头歌手在交子公园举办的成都草地音乐节，金牛区艺术公园有，现在到处都有了，特别好！还看了双子塔灯光秀啊，交子公园这边视野好人也少，大家只知道网红桥不知道交子公园，好遗憾啊。原来成都不仅是公园城市，还是音乐城市啊，成都真的好宜居，除了环境美食，现在连精神 ​  展开c,0,0,0,0
2026-03-21,天府艺术公园,B0HUTAZ5FP,金牛区,广场,104.022692,30.711411,资阳观察,#资阳是个好地方# 【邀八方宾客共赴资阳！“资阳是个好地方”城市品牌在成都推介】3月20日，“资阳是个好地方”城市品牌在成都天府艺术公园进行推介。活动以“五个好”为主线，全方位推介资阳在文化、区位、产业、生活、营商等方面的核心优势，立体展现城市独特魅力与发展活力，诚邀八方宾客共赴资阳、 ​  展开c,0,0,0,0
2026-03-20,天府艺术公园,B0HUTAZ5FP,金牛区,广场,104.022692,30.711411,资阳观察,【安岳石窟“搬到”成都 打卡即享文旅好礼】3月20日下午两点半，“资阳是个好地方 我心安处是安岳”——美石美刻普州之夜推广活动在成都天府艺术公园启动，安岳石窟文化以沉浸式场景亮相蓉城，吸引市民游客近距离感受石刻艺术魅力。#晚安资阳# ​,0,0,0,0
2026-03-20,天府艺术公园,B0HUTAZ5FP,金牛区,广场,104.022692,30.711411,人在蓉城,成都天府艺术公园 2成都 ​,0,0,0,0
2026-03-20,天府艺术公园,B0HUTAZ5FP,金牛区,广场,104.022692,30.711411,资阳观察,【#资阳是个好地方# 我心安处是安岳】3月20日，安岳城市形象推广活动登陆成都天府艺术公园！千年石窟走出安岳，柠檬香飘蓉城～白天「拾梦唐宋」游园会，石窟+水/山/数三大互动区超有料：非遗石刻技艺展示、画家现场创作、数字科技赏石窟、打卡还能领景区门票、文创盲盒、消费券！晚间 ​  展开c,0,0,0,0
2026-03-19,天府艺术公园,B0HUTAZ5FP,金牛区,广场,104.022692,30.711411,平步青云-行摄天下,分享视频 2成都 L平步青云-行摄天下的微博视频 ​,0,0,0,0
2026-03-19,天府艺术公园,B0HUTAZ5FP,金牛区,广场,104.022692,30.711411,平步青云-行摄天下,成都天府艺术公园 ​,0,0,0,0
2026-03-19,天府艺术公园,B0HUTAZ5FP,金牛区,广场,104.022692,30.711411,平步青云-行摄天下,成都天府艺术公园 ​,0,0,0,0
2026-03-18,天府艺术公园,B0HUTAZ5FP,金牛区,广场,104.022692,30.711411,_Pinko_0110,观展记因为恰逢生理期激素波动，加上正好到了精神上的工作倦怠期，奢侈的请了天年假。工作日，错开上班高峰期，搭地铁换乘经过16个站点，穿城而来看今年的成都双年展。刚从东门进入天府艺术公园，就看到一群“小企鹅”列队行进。在成都的孩子们，幼儿园开始就可以来看双年展，真好。这就是所谓的大 ​  展开c,0,0,0,0
2026-03-18,天府艺术公园,B0HUTAZ5FP,金牛区,广场,104.022692,30.711411,走马观景回来了,成都天府艺术公园最大的特色在于“艺术与自然无缝融合”。它不像传统公园只有绿化，也不像博物馆那样高冷，而是把顶级艺术场馆、川西园林和城市生活完美“揉”在了一起。天府美术馆外形像一朵盛开的芙蓉花（成都市花），临水而建，倒影绝美。  前面的这组雕塑名为《行走的人》，其寓意是“明知前路是 ​  展开c,0,0,0,0
2026-03-17,天府艺术公园,B0HUTAZ5FP,金牛区,广场,104.022692,30.711411,走马观景回来了,天府艺术公园。成都天府艺术公园最大的特色在于“艺术与自然无缝融合”。它不像传统公园只有绿化，也不像博物馆那样高冷，而是把顶级艺术场馆、川西园林和城市生活完美“揉”在了一起。图一、二的天府美术馆，外形像一朵盛开的芙蓉花（成都市花），临水而建，倒影绝美。  前面的这组雕塑名为《行走的 ​  展开c,0,0,0,0
2026-03-17,天府艺术公园,B0HUTAZ5FP,金牛区,广场,104.022692,30.711411,资阳安岳融媒,【资阳是个好地方 我心安处是安岳①丨倒计时3天】资阳是个好地方“我心安处是安岳”美石美刻普州之夜即将亮相成都！3月20日（周五），成都天府艺术公园，一场穿越千年的石窟文化盛宴等你来赴。外场游园会·拾梦唐宋：三大主题互动区“石窟+山”“石窟+水”“石窟+数”，打卡互动、非遗体验、数字石窟 ​  展开c,0,0,0,0
2026-03-14,天府艺术公园,B0HUTAZ5FP,金牛区,广场,104.022692,30.711411,绿茶淡淡暖暖,天府艺术公园的成都双年展：艺术表达比较抽象，得看看作品名称，听听解说才能更好的理解艺术家们的表达#带你看展览##2025成都双年展烟火指数# 2成都·天府艺术公园成都市美术馆-B区 ​,0,0,0,0
2026-03-11,天府艺术公园,B0HUTAZ5FP,金牛区,广场,104.022692,30.711411,晚霞报,资讯 | 成都这些文化场馆全免费记者从成都市各区文化馆了解到，近期全市多个文化馆推出公益文化活动，适合老年朋友结伴前往。★青羊区文化馆 定期开展四川清音、评书、金钱板等本土传统曲艺惠民演出，老年戏迷可免费到场欣赏。馆内同时设有书画、摄影公益展览，市民朋友可漫步观展、交流心得，陶冶 ​  展开c,0,0,0,0
2026-03-25,东安湖公园,B0G3UY0GN0,龙泉驿区,广场,104.244966,30.589811,胡萝卜音乐,🎸这可能是你离梦龙乐队最近的一次机会！Imagine Dragons 全球巡回演唱会 LOOM World Tour 收官之站——成都站将于 3 月 27 日与 29 日举办，少量余票将明日三开！也许你已经在社媒上见证了他们此前中国站的精彩演出。而错过这最后的机会，或许就要再等数年！⏰抢票时间：3 月 26 日（明天）13:18  ​  展开c,0,0,0,0
2026-03-25,东安湖公园,B0G3UY0GN0,龙泉驿区,广场,104.244966,30.589811,周末去看演,杨千嬅2026巡演🔥最新场次+余票速看📍成都站⏰：演出时间：2026年4月11日&12日 19:00演出地点：成都东安湖体育公园体育场4.12周日场次还有少量余票！4.11周六场次已售罄！📍杭州站⏰（待开票）：演出时间：2026年4月25日 19:00演出地点：黄龙体育中心体育场📍 ​  展开c,0,0,0,0
2026-03-25,东安湖公园,B0G3UY0GN0,龙泉驿区,广场,104.244966,30.589811,道铭E刷,有人问五月来成都玩什么？谢霆锋进化演唱会就是理由！官宣啦！外地朋友问我五月成都攻略，直接甩海报图看谢霆锋！！看完演唱会再去吃火锅，完美！五月成都，不仅有熊猫和串串，还有摇滚和青春！欢迎全国锋迷来成都过五月！⭐️演出名称：Evolution Nic Live谢霆锋进化演唱会-成都站⏰演出时间 ​  展开c,0,0,0,0
2026-03-23,东安湖公园,B0G3UY0GN0,龙泉驿区,广场,104.244966,30.589811,演出科学,深圳连唱三场真的太幸福了！现场氛围炸裂，《活着VIVA》前奏一响，全场直接开启大合唱，真的太有感染力！全程高能根本停不下来！错过深圳场的锋迷，还有武汉、成都可以冲，「进化」舞台继续升级，下一站我们武汉、成都，现场见！📍武汉站｜4月11-12日｜武汉体育中心主体育场📍成都站｜5月2-3 ​  展开c,0,0,0,0
2026-03-23,东安湖公园,B0G3UY0GN0,龙泉驿区,广场,104.244966,30.589811,龙泉驿发布,【驿观察｜一朵花的四十年，一座城的气象万千】3月15日晚，东安湖公园溪峰岛再一次被万千灯火点亮。流光溢彩的城市灯会，与龙泉山遍野的桃红隔空对望：一边是城市璀璨的夜晚，一边是山水晕染的春色。这幕光影交错之间，仿佛一座城市的过去与未来，正隔着时空相互映照。就在这片灯火与花海的对望 ​  展开c,0,0,0,0
2026-03-23,东安湖公园,B0G3UY0GN0,龙泉驿区,广场,104.244966,30.589811,犯懒大王vv,#谢霆锋演唱会#2026年谢霆锋“进化”巡回演唱会深圳站因男粉比例压倒性、合唱声浪震场及舞台故障临场重唱等事件引爆热议，观众沉浸式体验后普遍反馈“戒断反应”强烈。一、演唱会核心信息巡演主题与场次安排以“进化”（EvolutionNicLive）为核心主题，融合科技舞美与摇滚情怀，2026年重点场次包括 ​  展开c,0,0,0,0
2026-03-23,东安湖公园,B0G3UY0GN0,龙泉驿区,广场,104.244966,30.589811,锦宏租车,🌸租辆小车追花去！成都赏花停车免费地图🌿春天到啦！成都变成花的海洋，没车不方便？锦宏租车送上赏花地图，这些地方停车免费！🌸龙泉驿·桃花故里第40届桃花荟！东安湖七彩油菜花+洛带古镇，花期至5月5日📍东安湖公园活力岛 | 🅿️公园配套免费停车🌼东安湖·七彩油菜花粉紫金橙的油 ​  展开c,0,0,0,0
2026-03-21,东安湖公园,B0G3UY0GN0,龙泉驿区,广场,104.244966,30.589811,然拾陆,惯会「借歌示爱」的小猫说“因为遇见了你，就突然心动啦~”@卡布叻_周深 🎶《聊聊》全程 完整版📷周深2025深深的巡回演唱会——成都站Day1📍2025.11.01·成都·东安湖体育公园主体育场#周深# #周深演唱会# #深深的演唱会#  ​  展开c,0,0,0,0
2026-03-21,东安湖公园,B0G3UY0GN0,龙泉驿区,广场,104.244966,30.589811,青白江服务,#其他资讯#【出行注意！#成都交警发布重要提醒#】周末将至，出行的市民注意啦！2025/2026四川省城市足球联赛、2026成都世遗马拉松、2026四川省马术联赛（东安湖站）即将举办，多条道路交通临时有变。此外，紧邻北湖生态公园、近邻熊猫基地的成都熊猫海洋公园开业试运营，交警部门根据最新预判发布详细 ​  展开c,0,0,0,0
2026-03-20,东安湖公园,B0G3UY0GN0,龙泉驿区,广场,104.244966,30.589811,郫都发布,#民生指南#【出行注意！#成都交警发布重要提醒#】市民朋友们，周末将至，出行的市民注意啦！2025/2026四川省城市足球联赛、2026成都世遗马拉松、2026四川省马术联赛（东安湖站）即将举办，多条道路交通临时有变。此外，紧邻北湖生态公园、近邻熊猫基地的成都熊猫海洋公园开业试运营，交警部门根据最新 ​  展开c,0,0,0,0
2026-03-20,东安湖公园,B0G3UY0GN0,龙泉驿区,广场,104.244966,30.589811,成都发布,【出行注意！#成都交警发布重要提醒#】周末将至，出行的市民注意啦！2025/2026四川省城市足球联赛、2026成都世遗马拉松、2026四川省马术联赛（东安湖站）即将举办，多条道路交通临时有变。此外，紧邻北湖生态公园、近邻熊猫基地的成都熊猫海洋公园开业试运营，交警部门根据最新预判发布详细的停车指引 ​  展开c,0,0,0,0
2026-03-20,东安湖公园,B0G3UY0GN0,龙泉驿区,广场,104.244966,30.589811,四川观察新闻眼,【#杨千嬅回应被称为川渝天后# ：赋予她奇妙音乐力量】3月19日，@楊千嬅 受访回应 “川渝天后”称号，称初听时十分茫然，了解后感谢歌迷偏爱，更坦言这个称号赋予她奇妙的音乐力量。据悉，她将于4月11日在成都东安湖体育公园开唱。@四川观察文娱 L四川观察文娱的微博视频 ​,0,0,0,0
2026-03-20,东安湖公园,B0G3UY0GN0,龙泉驿区,广场,104.244966,30.589811,四川电视台新闻现场,【#杨千嬅回应被称为川渝天后# ：赋予她奇妙音乐力量】3月19日，@楊千嬅 受访回应 “川渝天后”称号，称初听时十分茫然，了解后感谢歌迷偏爱，更坦言这个称号赋予她奇妙的音乐力量。据悉，她将于4月11日在成都东安湖体育公园开唱。@四川观察文娱 L四川观察文娱的微博视频 ​,0,0,0,0
2026-03-20,东安湖公园,B0G3UY0GN0,龙泉驿区,广场,104.244966,30.589811,四川观察新视线,【#杨千嬅回应被称为川渝天后# ：赋予她奇妙音乐力量】3月19日，@楊千嬅 受访回应 “川渝天后”称号，称初听时十分茫然，了解后感谢歌迷偏爱，更坦言这个称号赋予她奇妙的音乐力量。据悉，她将于4月11日在成都东安湖体育公园开唱。@四川观察文娱 L四川观察文娱的微博视频 ​,0,0,0,0
2026-03-20,东安湖公园,B0G3UY0GN0,龙泉驿区,广场,104.244966,30.589811,四川观察在现场,【#杨千嬅回应被称为川渝天后# ：赋予她奇妙音乐力量】3月19日，@楊千嬅 受访回应 “川渝天后”称号，称初听时十分茫然，了解后感谢歌迷偏爱，更坦言这个称号赋予她奇妙的音乐力量。据悉，她将于4月11日在成都东安湖体育公园开唱。@四川观察文娱 L四川观察文娱的微博视频 ​,0,0,0,0
2026-03-20,东安湖公园,B0G3UY0GN0,龙泉驿区,广场,104.244966,30.589811,四川观察文娱,【#杨千嬅回应被称为川渝天后# ：赋予她奇妙音乐力量】3月19日，@楊千嬅 受访回应 “川渝天后”称号，称初听时十分茫然，了解后感谢歌迷偏爱，更坦言这个称号赋予她奇妙的音乐力量。据悉，她将于4月11日在成都东安湖体育公园开唱。杨千嬅超话 L四川观察文娱的微博视频 ​,0,0,0,0
2026-03-20,东安湖公园,B0G3UY0GN0,龙泉驿区,广场,104.244966,30.589811,布丁酒店,#3月29日梦龙乐队演唱会#  #成都东安湖体育公园主体育场#  #布丁酒店#  #布丁严选酒店都江堰景区店# #都江堰景区# #仰天窝广场# #灌县古城# #南桥# #都江堰水文化广场# #天府源蓝眼泪# #中国都江堰水街#  #凤凰体育场#  #都江堰市博物馆# 带着微博去旅行超话 #成都旅行# ImagineDragons超话  ​  展开c,0,0,0,0
2026-03-19,东安湖公园,B0G3UY0GN0,龙泉驿区,广场,104.244966,30.589811,LiveNation,#OneRepublic演唱会# 成都，好久不见🐼🎋一体共和乐队@1Republic_official 将于4月23日重返成都东安湖体育公园多功能体育馆，门票于今日【3月19日 下午17:00】开售🤟成都“星”地标即将上线，欢迎大家到场打卡🙌📍成都万象城A&D馆LED（成都市成华区双庆路万象城A&D馆）⏳时间3/20-3/ ​  展开c,0,0,0,0
2026-03-20,活水公园,B001C0899S,锦江区,广场,104.091456,30.66848,四川新闻中心,#成都春茶上新#【#成都春天从一杯春茶开始#】春分前后，成都各大公园的茶馆，悄然换上了今春的第一抹新绿。在人民公园的鹤鸣茶社、锦江区活水公园旁的自得茶馆，以及散布于社区街巷的各类茶空间里，“春茶上市”的招牌格外醒目，慕“鲜”而来的茶客与游客络绎不绝，将一方方茶座填得满满当当。,0,0,0,0
2026-03-15,活水公园,B001C0899S,锦江区,广场,104.091456,30.66848,迷彩色的旅行包,成都春天隐藏彩蛋，红星桥锦江畔泡桐花盛开啦！白紫花朵如紫云霞，还能和339电视塔同框。地铁3号线红星桥D口直达，盛花期就这两周，错过等一年！周边活水公园喝茶、看非遗表演，春日Citywalk安排～ ​,0,0,0,0
2026-03-14,活水公园,B001C0899S,锦江区,广场,104.091456,30.66848,初遇你好,花开正好，打卡泡桐花。红星桥还是成都四大主城区成华、金牛、青羊、锦江的交界点。2成都·红星桥天府熊猫塔是西部最高建筑。未经刻意裁剪的红花檵木更漂亮。活水公园居然栽了些峨眉桃叶珊瑚、观音莲座蕨、红豆杉，档次提升。重瓣喷雪花细看极美。一环路东一段居然用女贞作行道树，少见。 ​,0,0,0,0
2026-03-11,活水公园,B001C0899S,锦江区,广场,104.091456,30.66848,8青山绿水,成都活水公园，熊猫过河#随手拍春天# 2成都·活水公园 ​,0,0,0,0
2026-02-20,活水公园,B001C0899S,锦江区,广场,104.091456,30.66848,迷途羔羊____,无法表达我对成都的喜欢，尖天气有点好喃，搞紧抢个河边边儿位置喝坝坝茶 2成都·活水公园 ​,0,0,0,0
2026-02-16,活水公园,B001C0899S,锦江区,广场,104.091456,30.66848,荆棘谷的大青山666,成都第二日，圆满到要发光✨教了多年课本上的都江堰，终于亲眼相见，内江奔涌、外江平缓，千年水利依旧震撼人心 逛东郊记忆，遇见一人之下，抽到人生第一个隐藏款[庆祝][庆祝][庆祝]午后在活水公园自得茶馆慢饮盖碗茶，沉浸式感受成都的悠闲与惬意🍵🍵🍵和姑妈一家吃地道 ​  展开c,0,0,0,0
2026-02-14,活水公园,B001C0899S,锦江区,广场,104.091456,30.66848,x老汉儿,#同城种草# 除夕前夕，成都连日暖阳。地铁串联起市郊风光：双流棠湖公园和白河公园，三圣乡的花乡农居，龙泉驿十陵的青龙湖以及龙潭的龙潭水乡；还步行去了住家附近的活水公园、成华公园、万象公园，处处花影摇曳充满节日的喜庆。一路看花看景，看尽蓉城的春色与年味～   图1、2：棠湖公园图3：白河 ​  展开c,0,0,0,0
2026-02-12,活水公园,B001C0899S,锦江区,广场,104.091456,30.66848,云上深夜快递,春节限定移动夜宴开启！在巴士里体验成都夜生活的松弛与欢乐每当夜幕降临，成都的夜开始焕发出这座城市独有的松弛与活力。华灯初上，一辆赛朋克风的巴士沿着流光溢彩的锦江、穿梭在充满人文历史和繁华都市交织的小街小巷，游客坐在巴士里，或听着不同曲风的驻唱歌手唱歌，或与NPC玩着游戏放肆大笑， ​  展开c,0,0,0,0
2026-02-02,活水公园,B001C0899S,锦江区,广场,104.091456,30.66848,Baby-cci11,2024-9-21在活水公园忐忐忑忑地玩了大半天，因为心里一直记挂着某个从北京搬来的大傻子。终于来了终于来了，开启你的新生活吧！成都欢迎你宝宝@Eva·娃娃_Nail ​,0,0,0,0
2026-01-25,活水公园,B001C0899S,锦江区,广场,104.091456,30.66848,沉璎莫奈,6月🍃四川成都 麓湖—人民公园—活水公园—成华公园—百花潭公园—望江楼公园—交子公园 ​,0,0,0,0
2026-01-15,活水公园,B001C0899S,锦江区,广场,104.091456,30.66848,郑路太极,成都学太极拳｜解锁中式慢生活，0基础也能轻松上手成都本地教练手把手教，动作舒缓好掌握，锦江/浣花溪/活水公园就近练，舒展身姿显雅致，日常放松、社群结伴超合适。全年龄段适配，新手从简化招式学起，精准纠错，练出中式气韵，打卡成都公园慢时光～#成都太极拳 #成都太极拳培训  ​  展开c,0,0,0,0
2025-12-17,活水公园,B001C0899S,锦江区,广场,104.091456,30.66848,湾区搞机小王子,#成都蛟龙港活水公园成初冬顶流# 厉害,0,0,0,0
2025-12-15,活水公园,B001C0899S,锦江区,广场,104.091456,30.66848,阿艺的生活日记,谁懂啊！在成都找到一个人少景美还免费的赏秋宝地！就是这个藏在市区里的蛟龙活水公园，一走进来就被满树金黄给治愈了！ 沿着河畔走，满眼都是铺天盖地的金黄，银杏叶像揉碎的阳光，洋洋洒洒落在地上，踩上去簌簌作响。脚下是厚厚的金毯，抬手就能接住一片飘落的银杏，连指尖都沾了秋的温柔。 在 ​  展开c,0,0,0,0
2025-12-13,活水公园,B001C0899S,锦江区,广场,104.091456,30.66848,摄影师谭敏,取景框外的孤勇者那是一个寻常的午后，成都蛟龙港活水公园的银杏树下充斥着喧哗与繁杂。我正调整着相机参数，试图为面前的模特捕捉一丝“完美”的光影，一位大爷却突然闯入了我的取景框。他满头银发，身上挂着的一台“大炮”镜头的专业单反，其造价恐怕比我这全套行头还要昂贵。他目光如炬，锁定目 ​  展开c,0,0,0,0
2025-12-12,活水公园,B001C0899S,锦江区,广场,104.091456,30.66848,-张德武,#生活随笔# 今天来到安德鎮活水公园，看到了这个小镇的精神绿洲。进入这富有一定特有文化的公园，它不仅是休闲放松的场所，更是承载小镇记忆与人文情怀的公共空间。它为人们提供了一片远离喧嚣的净土，让忙碌且有节奏的城镇化生活多了一份诗意与从容。进入文字与本土相结合跳动字节的院内，自然与人文 ​  展开c,0,0,0,0
2025-12-11,活水公园,B001C0899S,锦江区,广场,104.091456,30.66848,赵丽颖的老婆是我,成都的“杏”#成都# 2成都·蛟龙港活水公园 ​,0,0,0,0
2025-12-09,活水公园,B001C0899S,锦江区,广场,104.091456,30.66848,晶彩主张,2成都#活水公园# ​,0,0,0,0
2025-12-05,活水公园,B001C0899S,锦江区,广场,104.091456,30.66848,Pursue_Always,成都半日citywalk如果说重庆遍地火锅店的话，那成都就是一座处处充斥着熊猫元素的城市。路边的围栏、座椅，商场高楼边上各种形态的立体熊猫，甚至河两岸一根绳子上还有一只拿着长杆走钢丝的杂耍熊猫🐼春熙路太古里商圈遛了一圈，好多奢侈品店，圣诞氛围🎄还是比较浓厚的。但是好多人，吵得本宫头 ​  展开c,0,0,0,0
2025-12-03,活水公园,B001C0899S,锦江区,广场,104.091456,30.66848,成都地铁运营,#坐地铁打卡成都#蛟龙港活水公园堪称“最早黄透的秘境”！1-2公里S型滨河银杏长廊像金色隧道，河水映树影、风动金波，桥边步道随手拍都是电影感～出行攻略：地铁3号线/19号线龙桥路F口出站骑行10分钟即可到达。 ​,0,0,0,0
2025-12-02,活水公园,B001C0899S,锦江区,广场,104.091456,30.66848,实况神圣,💫介绍:府河公园夏季也可以不被蚊子困扰，这个公园绿树成荫，鸟语花香，夏季避暑好去处，冬天呼吸新鲜空气的天然氧吧。公园最大特点是没有蚊子，里边有黑科技。冬天夏天来了好几次，这个活水公园整体设计好像鱼形一样，据说是寓意人与水人与自然关系鱼水难分，里边好像有“模拟自然森林群落”“人工 ​  展开c,0,0,0,0
2026-03-12,凤凰山公园,B001C8O9ZV,金牛区,广场,104.081896,30.737724,小海龟和大海龟,#行走的力量##行走中国##旅途速递##旅途##旅行##我的旅行日记##带着微博去旅行##随手拍#成都◎凤凰山公园成都也有猛男 ​,0,0,0,0
2026-02-26,凤凰山公园,B001C8O9ZV,金牛区,广场,104.081896,30.737724,孤峰悟道,成都3月喝茶·精简速记版（20区县·每区3个） 一、主城区12区 锦江区 1. 大慈茶社（太古里旁·禅意）2. 望江楼公园茶园（竹影·老成都）3. 三圣花乡坝坝茶（赏花·春日首选） 青羊区 1. 人民公园鹤鸣茶社（百年·必打卡）2. 青羊宫茶馆（道观·清净）3. 抚琴老茶馆（市井·烟火气） 金牛区 1 ​  展开c,0,0,0,0
2026-02-25,凤凰山公园,B001C8O9ZV,金牛区,广场,104.081896,30.737724,西貝少少,丙午马年春行记：2026年的春节，开启了新春漫游。从古都长安一路穿越秦岭，一路向南；层峦叠嶂、郁郁葱葱、一派蜀地蓉光。正月初一·广元：蜀道春来傍晚前到达广元，地处陕甘川三省水路交通要道，嘉陵江畔的晚风吹过，温暖如春。一碗热气腾腾的剑门豆腐宴上桌，白嫩的豆腐被做成熊掌、豆腐脑等模 ​  展开c,0,0,0,0
2026-02-22,凤凰山公园,B001C8O9ZV,金牛区,广场,104.081896,30.737724,陶子夭妖,#返程#  2点左右成都凤凰山公园出发回粤，一路上还算顺利，仅有20分钟慢速行驶。 2泸州 ​,0,0,0,0
2026-02-18,凤凰山公园,B001C8O9ZV,金牛区,广场,104.081896,30.737724,ytttyyup,#生活手记# 慢慢的，春天快来啦 2成都·凤凰山公园 ​,0,0,0,0
2026-02-13,凤凰山公园,B001C8O9ZV,金牛区,广场,104.081896,30.737724,嘛吉咕咕,2成都·凤凰山公园 ​,0,0,0,0
2026-02-11,凤凰山公园,B001C8O9ZV,金牛区,广场,104.081896,30.737724,埋脸小狗,追赶日落 2成都·凤凰山公园 ​,0,0,0,0
2026-01-25,凤凰山公园,B001C8O9ZV,金牛区,广场,104.081896,30.737724,成都向上_UPchengdu,成都凤凰山逸衡酒店开业酒店地处成都市新都区“一城两翼、一带双轴”中的“蓉北中轴”，与著名的五粮液文化体育中心隔街相望，步行即可前往观看演唱会及体育赛事，商圈聚集可畅享购物、美食与娱乐体验。 周边交通便捷，酒店距离成都双流机场约25公里，距离成都西站约12公里，距离最近的高铁安靖站仅5 ​  展开c,0,0,0,0
2026-01-14,凤凰山公园,B001C8O9ZV,金牛区,广场,104.081896,30.737724,成都交警,#成都交通路况#凤凰山高架：凤凰山公园至金凤凰立交进城主道交通事故已撤除，交通逐步恢复。实时路况信息请关注导航地图，注意收听省市交通广播FM101.7、FM91.4。 ​,0,0,0,0
2026-01-14,凤凰山公园,B001C8O9ZV,金牛区,广场,104.081896,30.737724,成都交警,#成都交通路况#凤凰山高架：凤凰山公园至金凤凰立交进城主道第三车道发生一起交通事故，导致该路段车辆通行缓慢，请途经此处的驾驶员注意避让。实时路况信息请关注导航地图，注意收听省市交通广播FM101.7、FM91.4。 ​,0,0,0,0
2026-01-14,凤凰山公园,B001C8O9ZV,金牛区,广场,104.081896,30.737724,成都交警,#成都交通路况#凤凰山高架：凤凰山公园至金凤凰立交进城主道交通事故已撤除，交通逐步恢复。实时路况信息请关注导航地图，注意收听省市交通广播FM101.7、FM91.4。 ​,0,0,0,0
2026-01-14,凤凰山公园,B001C8O9ZV,金牛区,广场,104.081896,30.737724,成都交警,#成都交通路况#凤凰山高架：凤凰山公园至金凤凰立交进城主道第二车道发生一起交通事故，导致该路段车辆通行缓慢，请途经此处的驾驶员注意避让。实时路况信息请关注导航地图，注意收听省市交通广播FM101.7、FM91.4。 ​,0,0,0,0
2026-01-04,凤凰山公园,B001C8O9ZV,金牛区,广场,104.081896,30.737724,无聊的时候干点啥啊,2023年4月，逛公园 2成都·凤凰山公园 ​,0,0,0,0
2025-12-27,凤凰山公园,B001C8O9ZV,金牛区,广场,104.081896,30.737724,久力乡村,#一条音频告别2025##微博声浪计划# 全成都打球+围炉煮茶搭子 长期组队✅ 郫都为核心，覆盖全城各区，不用愁周末没人玩！#成都羽毛球搭子# 整理了【各区友好场地】久力乡村日记篇超话 大家就近选，方便又省心👇▸ 郫都：体育馆（羽毛球/乒乓球）、清水河公园（围炉煮茶）▸ 新都/金牛：凤凰山 ​  展开c,0,0,0,0
2025-12-22,凤凰山公园,B001C8O9ZV,金牛区,广场,104.081896,30.737724,清持202110,观鸟超话 太平鸟​2023.12.30记录于成都凤凰山公园。几百只小太平鸟中混了1只太平鸟，佩服鸟友们的火眼金睛发现了它。我们也很幸运顺利地找到了它。库存片继续。 ​,0,0,0,0
2025-12-21,凤凰山公园,B001C8O9ZV,金牛区,广场,104.081896,30.737724,清持202110,观鸟超话 小太平鸟​2023.12.30记录于成都凤凰山公园。最近小太平鸟又在成都的几个公园里出现，数量都不如当年凤凰山公园多。几百只小太平鸟集群，时不时几十只飞落石楠树啄食石楠果实，场面壮观。集体进食不太怕人，一众鸟友尽兴而归。库存片继续。 ​,0,0,0,0
2025-12-19,凤凰山公园,B001C8O9ZV,金牛区,广场,104.081896,30.737724,唯一的唯一一,星期天青城山爬山，有姐姐去吗 2成都·凤凰山公园 ​,0,0,0,0
2025-12-09,凤凰山公园,B001C8O9ZV,金牛区,广场,104.081896,30.737724,看金牛,【政企银协同搭平台 凤凰山片区聚力赋能“凤凰乐市”品牌升级】#金牛城市服务台# 12月5日，第三届“凤凰乐市”政企银座谈会暨投资推介会在凤凰山公园内的成都重玄书院举行。活动现场，凤凰山街道锚定“投资成都 首选金牛”核心发展导向，以深化政企银协同、赋能产业高质量发展为目标，聚焦企业发展痛点 ​  展开c,0,0,0,0
2025-11-30,凤凰山公园,B001C8O9ZV,金牛区,广场,104.081896,30.737724,_Csissy,每周一山-凤凰山公园 2成都·凤凰山公园 L_Csissy的微博视频 ​,0,0,0,0
2025-11-29,凤凰山公园,B001C8O9ZV,金牛区,广场,104.081896,30.737724,久力乡村,2成都·凤凰山公园 我的评分：久力乡村日记篇超话第一次凤凰山地是宽广适合活动春游 ​,0,0,0,0
2026-03-18,兴隆湖湿地公园,B0FFGIJ63W,双流区,景区,104.08042,30.393487,蓉城故事-讲述人尹戈,我们蓉城的“兴隆湖湿地公园”，它位于蓉城的“天府新区”境内，为“鹿溪河”流域之中筑坝而建成！“兴隆湖湿地公园”的占地总面积为30万平方米，湖区面积达6500亩，水域面积有4500亩，亦是“2025年成都世界运动会”的湖滨赛场，更是被列为“国家3A级旅游风景区”！ L蓉城故事-讲述人尹戈的微博视频 ​,0,0,0,0
2026-03-17,兴隆湖湿地公园,B0FFGIJ63W,双流区,景区,104.08042,30.393487,蓉城故事-讲述人尹戈,我们蓉城的“兴隆湖湿地公园”，它位于蓉城的“天府新区”境内，为“鹿溪河”流域之中筑坝而成！“兴隆湖湿地公园”的占地总面积为30万平方米，湖区面积达6500亩，水域面积有4500亩，亦是“2025年成都世界运动会”的湖滨赛场，更是被列为“国家3A级旅游风景区”！ L蓉城故事-讲述人尹戈的微博视频 ​,0,0,0,0
2026-03-15,兴隆湖湿地公园,B0FFGIJ63W,双流区,景区,104.08042,30.393487,成都公交,坐上公交奔赴春天，兴隆湖落日正温柔，金黄洒满湖面，治愈一城烟火。T22、T38、T102、TG09、T100A、T00B、T38路均可抵达兴隆湖湿地公园。@成都公交 ，陪你遇见每一份美好 ​,0,0,0,0
2026-03-12,兴隆湖湿地公园,B0FFGIJ63W,双流区,景区,104.08042,30.393487,吴世康纪录片,现在是2026年3月中旬，正值冬候鸟北飞前的集结期和本地留鸟的活跃期，确实是观鸟的好时机。根据最新的调查和数据，成都春季鸟类最集中、数量最多的地方，主要集中在以下几个湿地公园：· 兴隆湖湿地公园：数量最多，密度最高。官方调查显示水鸟密度高达6000只左右，已记录鸟类181种。最近有鸟友在此观 ​  展开c,0,0,0,0
2026-02-28,兴隆湖湿地公园,B0FFGIJ63W,双流区,景区,104.08042,30.393487,成都地铁运营,#坐地铁打卡成都#在兴隆湖湿地公园里有一座“浮在水面上的书店”——中信书店。书店窗外是水草摇、小鱼游，室内是暖木色书架，超级治愈！打卡攻略：1号线兴隆湖站B口外800米。 ​​​,0,0,0,0
2026-02-25,兴隆湖湿地公园,B0FFGIJ63W,双流区,景区,104.08042,30.393487,唯恩唯纯,成都兴隆湖湿地公园美景 L唯恩唯纯的微博视频 ​,0,0,0,0
2026-02-21,兴隆湖湿地公园,B0FFGIJ63W,双流区,景区,104.08042,30.393487,是山风岚_,今天天气超级好 兴隆湖来露营的人还是蛮多的很多小朋友玩皮划艇  遗憾的是不能带威廉和百万下午本身要去吃三旬厢厨 开了十几公里过去结果没开门最后吃了烤匠（不吃火锅 就吃烤匠😂）饭后又去看了双子塔灯光秀来成都快六年了 第一次看灯光秀算是充实又美好的一天 2成都·兴隆湖湿地公园 ​,0,0,0,0
2026-02-21,兴隆湖湿地公园,B0FFGIJ63W,双流区,景区,104.08042,30.393487,大力子拥抱大海,春江水暖鸭先知🦆晒太阳的快乐还是成都人民最懂 2成都·兴隆湖湿地公园 ​,0,0,0,0
2026-02-19,兴隆湖湿地公园,B0FFGIJ63W,双流区,景区,104.08042,30.393487,安家新一线-985老梁,分享图片 ​,0,0,0,0
2026-02-19,兴隆湖湿地公园,B0FFGIJ63W,双流区,景区,104.08042,30.393487,日常丧的魚摆摆,今天是爬行日☀️ 2成都·兴隆湖湿地公园 ​,0,0,0,0
2026-02-19,兴隆湖湿地公园,B0FFGIJ63W,双流区,景区,104.08042,30.393487,热带雪兔_AKA小兔_AKA兔,分享图片 2成都·兴隆湖湿地公园 ​,0,0,0,0
2026-02-18,兴隆湖湿地公园,B0FFGIJ63W,双流区,景区,104.08042,30.393487,稻田蛙哇,小朋友就是喜欢！ 2成都·兴隆湖湿地公园 ​,0,0,0,0
2026-02-18,兴隆湖湿地公园,B0FFGIJ63W,双流区,景区,104.08042,30.393487,石言呓语,成都周边春节旅游攻略，内容在后半段。成都的旅游，分为初次来，多次来和反复来。初次来成都的朋友，市区要去的都是比较统一的打卡地：大熊猫繁育基地、武侯祠锦里、宽窄巷子太古里、成都博物馆、文殊院、金沙博物馆、杜甫草堂和四川博物院。这些都是地标式景区，便于建立对成都的第一印象，跟喜不喜 ​  展开c,0,0,0,0
2026-02-15,兴隆湖湿地公园,B0FFGIJ63W,双流区,景区,104.08042,30.393487,孤峰悟道,成都过年游玩全攻略（景点+祈福+初一到初七线路） 一、市区热门打卡/街区 春熙路、IFS、远洋太古里、宽窄巷子、锦里古街、文殊院&文殊坊、望平街、香香巷、猛追湾、夜游锦江、东门大桥、九眼桥、兰桂坊、合江亭、安顺廊桥、铁像寺水街、东郊记忆、339电视塔、奎星楼街、建设路小吃街、玉林路 二 ​  展开c,0,0,0,0
2026-02-15,兴隆湖湿地公园,B0FFGIJ63W,双流区,景区,104.08042,30.393487,牜百叶,兴隆湖皮划艇🚣 2成都·兴隆湖湿地公园 ​,0,0,0,0
2026-02-15,兴隆湖湿地公园,B0FFGIJ63W,双流区,景区,104.08042,30.393487,香草吧噗囧囧,第一次出来玩呀 2成都·兴隆湖湿地公园 ​,0,0,0,0
2026-02-15,兴隆湖湿地公园,B0FFGIJ63W,双流区,景区,104.08042,30.393487,aKun_hahaha,成都看海 2成都·兴隆湖湿地公园 ​,0,0,0,0
2026-02-15,兴隆湖湿地公园,B0FFGIJ63W,双流区,景区,104.08042,30.393487,Seven-小槿,成都人的松弛感~ 2成都·兴隆湖湿地公园 ​,0,0,0,0
2026-02-12,兴隆湖湿地公园,B0FFGIJ63W,双流区,景区,104.08042,30.393487,最好的周女士,今天天气真的太棒了！！！ 2成都·兴隆湖湿地公园 ​,0,0,0,0
2026-03-20,金沙滨河公园,B0FFINIK6K,青羊区,广场,104.003256,30.686223,成都信息工程大学,#成信好分享##成都春色皆是温柔# 金沙滨河公园的海棠盛放，所及之处春色蔓延，一起来赏花吧L锦绣青羊的微博视频 ​​​,0,0,0,0
2026-03-19,金沙滨河公园,B0FFINIK6K,青羊区,广场,104.003256,30.686223,成都生态环境,#早安成都# 早安！【海棠花开，一树春色】#成都春色皆是温柔# 春风拂过摸底河畔，金沙滨河公园的海棠如约盛放。一树树繁花如云霞舒展，暗香浮动，漫过绿道与亭台。人们拾花而行，拥春意入怀。风来花自舞，落英轻沾衣，漫步其间，满目皆是温柔诗意。此间春色，邀您共赏。早安超话   ​  展开c,0,0,0,0
2026-03-18,金沙滨河公园,B0FFINIK6K,青羊区,广场,104.003256,30.686223,青羊残联,#春暖花开各地文旅持续升温#金沙滨河公园垂丝海棠绚丽绽放！🌸 #残联爱分享#成都超话L锦绣青羊的微博视频  ​ ​​​,0,0,0,0
2026-03-18,金沙滨河公园,B0FFINIK6K,青羊区,广场,104.003256,30.686223,锦绣青羊,#春暖花开各地文旅持续升温#  金沙滨河公园垂丝海棠绚丽绽放！🌸 #成都春色皆是温柔#成都超话   L锦绣青羊的微博视频  ​,0,0,0,0
2026-03-18,金沙滨河公园,B0FFINIK6K,青羊区,广场,104.003256,30.686223,青羊残联,#残联爱分享#【海棠花开，一树春色】#成都春色皆是温柔# 春风拂过摸底河畔，金沙滨河公园的海棠如约盛放。一树树繁花如云霞舒展，暗香浮动，漫过绿道与亭台。人们拾花而行，拥春意入怀。风来花自舞，落英轻沾衣，漫步其间，满目皆是温柔诗意。此间春色，邀您共赏。 L锦绣青羊的微博视频 ​,0,0,0,0
2026-03-18,金沙滨河公园,B0FFINIK6K,青羊区,广场,104.003256,30.686223,锦绣青羊,早安！【海棠花开，一树春色】#成都春色皆是温柔# 春风拂过摸底河畔，金沙滨河公园的海棠如约盛放。一树树繁花如云霞舒展，暗香浮动，漫过绿道与亭台。人们拾花而行，拥春意入怀。风来花自舞，落英轻沾衣，漫步其间，满目皆是温柔诗意。此间春色，邀您共赏。早安超话 2成都  ​  展开c,0,0,0,0
2026-03-15,金沙滨河公园,B0FFINIK6K,青羊区,广场,104.003256,30.686223,四川电视台峨眉电影频道社区生活,#社区观察#【“流光溢彩·寻迹路”项目春韵非遗・快闪市集】为普及春日养生知识，进一步激活社区经济活力与文化生命力，搭建邻里互动交流的桥梁，让居民在沉浸式体验中感受春日韵味、体悟非遗魅力、收获健康知识，2025年3月15日14:00-17:00，金沙遗址社区、成都市青羊区素工文创服务中心在金沙滨河公园A ​  展开c,0,0,0,0
2026-03-12,金沙滨河公园,B0FFINIK6K,青羊区,广场,104.003256,30.686223,锦绣青羊,晚安！#成都春菜扎堆上新# 金沙滨河公园垂丝海棠绚丽绽放！🌸 晚安超话 2成都·金沙滨河公园 L锦绣青羊的微博视频  ​,0,0,0,0
2026-03-09,金沙滨河公园,B0FFINIK6K,青羊区,广场,104.003256,30.686223,晓得即鸣,成都超话雨后的清晨，金沙滨河公园，朝霞初起，空气清新，鸟叫声此起彼伏（视频中没有音乐，就是原声），是早起晨练的好去处！ L晓得即鸣的微博视频 ​,0,0,0,0
2026-03-04,金沙滨河公园,B0FFINIK6K,青羊区,广场,104.003256,30.686223,张玉芬20999,中国图库超话#摄影##手机摄影##随手拍美景##随手拍##紫叶李# 成都. 金沙滨河公园          紫 叶 李 别称: 红叶李、樱 李 紫叶李来源于樱桃李，是这个物种下的一个变型。除了春季可以观花之外，其余季节可以观叶，整株叶片都呈现紫红色，极其绚丽。  ​ 2成都·金沙滨河公园 ​,0,0,0,0
2026-03-03,金沙滨河公园,B0FFINIK6K,青羊区,广场,104.003256,30.686223,晓得即鸣,成都超话春天来了，金沙滨河公园满园春色！ 2成都 L晓得即鸣的微博视频 ​,0,0,0,0
2026-01-07,金沙滨河公园,B0FFINIK6K,青羊区,广场,104.003256,30.686223,艾米丽常常想你,金沙滨河公园冬日蓝天暖阳 2成都 ​,0,0,0,0
2026-01-07,金沙滨河公园,B0FFINIK6K,青羊区,广场,104.003256,30.686223,艾米丽常常想你,缝合与蓝天绿树金沙滨河公园成都磨底河 2成都·金沙滨河公园 ​,0,0,0,0
2025-12-29,金沙滨河公园,B0FFINIK6K,青羊区,广场,104.003256,30.686223,四川电视台峨眉电影频道社区生活,#社区观察#【“流光溢彩·寻迹路”项目非遗潮集・快闪拾光日】为进一步传承和弘扬中华优秀传统文化，持续放大非遗文化的公众影响力，同时以实际行动助力金沙遗址博物馆申遗工作，让更多人了解古蜀文明与非遗文化的深厚渊源，推动非遗与现代生活深度融合，2025年10月18日14:00-17:00，金沙遗址社区、成都 ​  展开c,0,0,0,0
2025-12-07,金沙滨河公园,B0FFINIK6K,青羊区,广场,104.003256,30.686223,叶孝杰,吃薯条的人 2成都·金沙滨河公园 ​,0,0,0,0
2025-12-07,金沙滨河公园,B0FFINIK6K,青羊区,广场,104.003256,30.686223,Ing_futuro,出太阳了！死人微活 2成都·金沙滨河公园 ​,0,0,0,0
2025-12-04,金沙滨河公园,B0FFINIK6K,青羊区,广场,104.003256,30.686223,山川耕者,#微博影像年##年度记忆#在成都，连钢筋水泥都会被秋天染成金色。下班路上、遛狗途中、带娃散步时……你有没有也在这座“公园城市”里，遇见属于你的那一帧秋日？#成都生活 #公园城市 #秋天的成都 #金沙滨河公园 ​,0,0,0,0
2025-12-04,金沙滨河公园,B0FFINIK6K,青羊区,广场,104.003256,30.686223,山川耕者,#令人心动的VLOG##微博热门影集# @微博VLOG 秋天不是突然来的。它藏在金沙滨河公园的一片银杏里，落在高楼与老屋之间的光隙中，倒映在湖面的微澜上。成都的秋，是温柔的呼吸。#成都秋天 #手机摄影 #城市与自然 2成都·金沙滨河公园 L山川耕者的微博视频 ​,0,0,0,0
2025-11-19,金沙滨河公园,B0FFINIK6K,青羊区,广场,104.003256,30.686223,谢_敢敢,part🪁🎣🐦🌼☀️ 2成都·金沙滨河公园 ​,0,0,0,0
2025-11-10,金沙滨河公园,B0FFINIK6K,青羊区,广场,104.003256,30.686223,青羊残联,#青羊播报#11月8日晚间，青羊街头声浪在金沙滨河公园继续开唱，蜀和弦乐队首次登场，多首脍炙人口的经典歌曲温暖全场。#文艺之光点亮幸福成都的冬天#成都超话  L锦绣青羊的微博视频 ​​​,0,0,0,0
2026-03-22,新华公园,B001C06IGX,成华区,广场,104.105629,30.656332,忘了时间的钟37,【🏠小区】: 枫景雅居【🏡居室】：套三双卫【🏩楼层】：3/11楼【🏤面积】：119平【💵价格】： 188.8万【🏠房龄】 :  2008年 【🏫学校】：双林小学【⛏装修】：精装朝西北，满五唯一    密码看房核心地段，完美的配套设施，，4号8线万年场300m。新华公园800米， 300米万象城购物 ​  展开c,0,0,0,0
2026-03-20,新华公园,B001C06IGX,成华区,广场,104.105629,30.656332,成都超级小猪,吃火锅被老板赶到街上去了瓢锅砂轮厂牛肉鲜味火锅(新华公园店)成华大道新鸿路380-382号#超级小猪吃游记##超级小猪卤肉饭##成都美食# 2成都·瓢锅砂轮厂牛肉鲜味火锅(新华公园店) L成都超级小猪的微博视频 ​,0,0,0,0
2026-03-15,新华公园,B001C06IGX,成华区,广场,104.105629,30.656332,租房避雷器,成都租房避坑超话 牛王庙2楼正规套一1600🚇2号线6号线牛王庙地铁口 玉双路 新鸿路 市二医院 双桥路 未来中心 望平街 水碾河 新华医院 新华公园 成都339 猛追湾 锦天地商业中心 ​,0,0,0,0
2026-03-12,新华公园,B001C06IGX,成华区,广场,104.105629,30.656332,成华发布,#成华发布# 【“向日葵”修炼手册：春天太阳怎么“盘”？】#熊猫之都·活力成华# 春天一到，成都人在冬天积攒的“晒瘾”集中爆发。🌞太阳一出，在北湖生态公园、新华公园、沙河城市公园、二仙桥公园……均冒出一朵朵巨大的“向日葵”（人脸版）。🌻🌻🌻但问题来了：太阳怎么晒，才能像咱 ​  展开c,0,0,0,0
2026-03-11,新华公园,B001C06IGX,成华区,广场,104.105629,30.656332,蜚蜚allthebest,先说结论：睡不着。明天还要上早八，有点痛苦了。我再也不喝咖啡了（bushi）。又莫名其妙想了很多，过段时间朋友要来重庆找我玩，很开心，但也不至于睡不着觉吧！于是决定上完早八不直接去健身了，我要惜命。健身的时候爱乱丢手机，我弟手机怎么掉了呃呃呃。手机背面有和外婆的合照，小时候在动物园拍 ​  展开c,0,0,0,0
2026-03-09,新华公园,B001C06IGX,成华区,广场,104.105629,30.656332,兔宝91017,#微博vlog大赛##日常vlog#午后的新华公园，阳光慵懒。池塘边的长椅上，一对银发老人并排坐着。老先生鼻梁上架着老花镜，手里捧着抄满歌词的旧本子，中气十足地唱“妹妹你坐船头”；一旁的老太太笑着拍手打拍子，接上“哥哥在岸上走”，声音清亮。是那首《纤夫的爱》。散步的人慢下脚步，打太极的老太太 ​  展开c,0,0,0,0
2026-03-06,新华公园,B001C06IGX,成华区,广场,104.105629,30.656332,BAOBAO寄存,一、寄存点详情⛳新鸿路地铁站 C1 口寄存点（1 号）：1️⃣距新鸿路地铁站 C1 口约 30 米🧭8:00-21:30⛳新鸿路地铁站 C1 口寄存点（2 号）：2️⃣距新鸿路地铁站 C1 口约 115 米🧭9:00-19:00二、寄存方式两个寄存点均为门店寄存，无自助寄存柜，预约后可查看门店实景图和导航，便于快速定 ​  展开c,0,0,0,0
2026-03-05,新华公园,B001C06IGX,成华区,广场,104.105629,30.656332,成都残联,#残联工作动态#【#全国爱耳日#丨将优质服务送到家门口 成都开展全国爱耳日主题宣传活动】2026年3月3日是第二十七个全国爱耳日，以“全民科学爱耳，共护听力健康”为主题的宣传服务活动在成都市成华区新华公园顺利举办。O网页链接 ​​​​,0,0,0,0
2026-03-04,新华公园,B001C06IGX,成华区,广场,104.105629,30.656332,云上星娱乐,3月4日，成都新华百花艺术团在成都新华公园举办 “跟党奋进新征程 巾帼建功新时代‌，”庆祝2026年“3.8”国际妇女节公益演出，四川人艺院长、演员董凡现场助阵演出，为市民朋友们带来了一场丰富的演出。一起到现场看看。 L云上星娱乐的微博视频 ​,0,0,0,0
2026-03-04,新华公园,B001C06IGX,成华区,广场,104.105629,30.656332,成都娱乐帮,#成都新华百花艺术团举办妇女节公益演出#在第116个“三八”国际妇女节来临之际，今日下午，成都新华百花艺术团2026年“三八”国际妇女节公益演出，在成都新华公园温情上演。 本次活动特邀著名表演艺术家、四川人民艺术剧院院长董凡莅临现场指导并倾情参演，与成都市民共庆佳节。演出由团长李忠安和著 ​  展开c,0,0,0,0
2026-03-03,新华公园,B001C06IGX,成华区,广场,104.105629,30.656332,BAOBAO寄存,一、寄存点详情⛳双桥路站 D 口 / 万象城寄存点（1 号）：1️⃣距双桥路地铁站 D 口约 250m🧭8:00-23:00⛳万象城 / 双桥路站 A 口（小区内，可接送，可长存）寄存点（2 号）：2️⃣距双桥路地铁站 A 口约 20 米；支持接送服务与长期存放🧭09:00-21:00二、寄存方式两个寄存点均为门店寄存， ​  展开c,0,0,0,0
2026-03-02,新华公园,B001C06IGX,成华区,广场,104.105629,30.656332,BAOBAO寄存,一、寄存点详情⛳双桥路站 D 口 / 万象城寄存点：1️⃣距双桥路地铁站 D 口约 250m🧭8:00-23:00二、寄存方式预约后可查看门店实景图和导航❗️均为门店寄存，无自助寄存柜；该寄存点靠近地铁站，从 D 口出站后步行即可到达，方便衔接商圈行程。三、周边景点推荐周边核心为双桥路站（地铁中转 ​  展开c,0,0,0,0
2026-03-01,新华公园,B001C06IGX,成华区,广场,104.105629,30.656332,东生看房日记,#成都二手房# 新华公园，双林小学🎒精装套二，总价60多，步梯顶楼 ​,0,0,0,0
2026-02-26,新华公园,B001C06IGX,成华区,广场,104.105629,30.656332,孤峰悟道,成都3月喝茶·精简速记版（20区县·每区3个） 一、主城区12区 锦江区 1. 大慈茶社（太古里旁·禅意）2. 望江楼公园茶园（竹影·老成都）3. 三圣花乡坝坝茶（赏花·春日首选） 青羊区 1. 人民公园鹤鸣茶社（百年·必打卡）2. 青羊宫茶馆（道观·清净）3. 抚琴老茶馆（市井·烟火气） 金牛区 1 ​  展开c,0,0,0,0
2026-02-19,新华公园,B001C06IGX,成华区,广场,104.105629,30.656332,云上深夜快递,#网络中国节·春节# 【假期好去处！春来了，成都的梅花开了🌸🌸🌸】过年这几天，成都被粉色的云霞包围了！梅花层层叠叠，粉粉嫩嫩带点鹅黄。凑近一闻，清甜香气直接沁进心里，是春天的味道没错了！快带上家人朋友，赴一场“梅好”时光吧！😍😍📍推荐点位：北湖生态公园、天府国际动漫城、 ​  展开c,0,0,0,0
2026-02-18,新华公园,B001C06IGX,成华区,广场,104.105629,30.656332,成华发布,#成华发布# 【假期好去处！成华的梅花开好啦！🧡🧡】#网络中国节# 过年这几天，💖走进公园里一整个被粉色云霞包围。梅花层层叠叠，粉粉嫩嫩带点鹅黄。凑近一闻，清甜香气直接沁进心里，💐是春天的味道没错了！花开正好，年味正浓，带上家人朋友，来成华赴一场“梅好”时光吧，一起被这份新春的 ​  展开c,0,0,0,0
2026-02-18,新华公园,B001C06IGX,成华区,广场,104.105629,30.656332,四川发布,【假期好去处！春来了，成都的梅花开了🌸🌸🌸】过年这几天，成都被粉色的云霞包围了！梅花层层叠叠，粉粉嫩嫩带点鹅黄。凑近一闻，清甜香气直接沁进心里，是春天的味道没错了！快带上家人朋友，赴一场“梅好”时光吧！😍😍📍推荐点位：北湖生态公园、天府国际动漫城、昭觉寺、新华公园（ ​  展开c,0,0,0,0
2026-02-15,新华公园,B001C06IGX,成华区,广场,104.105629,30.656332,能够回味的巧克力,成都今天的街道明显人少了很多，公园内的花儿给节日增加了不少的色彩，要过年了🧨 2成都·新华公园 ​,0,0,0,0
2026-02-15,新华公园,B001C06IGX,成华区,广场,104.105629,30.656332,LazyRadical,分享图片 2成都·新华公园 ​,0,0,0,0
2026-03-25,青龙湖湿地公园,B0FFG9I9IK,龙泉驿区,广场,104.183631,30.646345,平步青云-行摄天下,成都青龙湖湿地公园 2成都·青龙湖湿地公园 ​,0,0,0,0
2026-03-25,青龙湖湿地公园,B0FFG9I9IK,龙泉驿区,广场,104.183631,30.646345,平步青云-行摄天下,成都青龙湖湿地公园 2成都·青龙湖湿地公园 ​,0,0,0,0
2026-03-25,青龙湖湿地公园,B0FFG9I9IK,龙泉驿区,广场,104.183631,30.646345,平步青云-行摄天下,成都青龙湖湿地公园 2成都·青龙湖湿地公园 ​,0,0,0,0
2026-03-25,青龙湖湿地公园,B0FFG9I9IK,龙泉驿区,广场,104.183631,30.646345,平步青云-行摄天下,成都青龙湖湿地公园 2成都·青龙湖湿地公园 ​,0,0,0,0
2026-03-25,青龙湖湿地公园,B0FFG9I9IK,龙泉驿区,广场,104.183631,30.646345,平步青云-行摄天下,成都青龙湖湿地公园 2成都·青龙湖湿地公园 ​,0,0,0,0
2026-03-25,青龙湖湿地公园,B0FFG9I9IK,龙泉驿区,广场,104.183631,30.646345,平步青云-行摄天下,成都青龙湖湿地公园 2成都·青龙湖湿地公园 ​,0,0,0,0
2026-03-23,青龙湖湿地公园,B0FFG9I9IK,龙泉驿区,广场,104.183631,30.646345,电蔷薇,一年前，在#成都青龙湖湿地公园# 随手拍下的春天。不知今日，那里的春天是何等景象🧚🧚🧚。成都超话#春风里派对##好好拍照的一年##华为手机摄影##生活手记##随手拍# ​,0,0,0,0
2026-03-17,青龙湖湿地公园,B0FFG9I9IK,龙泉驿区,广场,104.183631,30.646345,种豆得瓜谢不谦,70后李教授家距青龙湖湿地公园不远，邀请我们和吕教授一起去公园赏樱。我们去年春天到日本北海道旅游，在函馆和小樽，看见过成片的樱花，此处的樱花，可谓小巫见大巫。我最欣赏的是湿地公园本身，一是大，感觉比锦城湖公园还大，可能是成都面积最大的公园；二是原生态，到处都有野生的植物，湖里还有野 ​  展开c,0,0,0,0
2026-03-13,青龙湖湿地公园,B0FFG9I9IK,龙泉驿区,广场,104.183631,30.646345,神影海,#成都这个地铁口长出一座桃花岛##成都梨花李花弥补冬天没雪的遗憾#春暖花开时，应该多出去走走（前几天青龙湖湿地公园拍的樱花） 2成都 ​,0,0,0,0
2026-03-12,青龙湖湿地公园,B0FFG9I9IK,龙泉驿区,广场,104.183631,30.646345,吴世康纪录片,现在是2026年3月中旬，正值冬候鸟北飞前的集结期和本地留鸟的活跃期，确实是观鸟的好时机。根据最新的调查和数据，成都春季鸟类最集中、数量最多的地方，主要集中在以下几个湿地公园：· 兴隆湖湿地公园：数量最多，密度最高。官方调查显示水鸟密度高达6000只左右，已记录鸟类181种。最近有鸟友在此观 ​  展开c,0,0,0,0
2026-03-12,青龙湖湿地公园,B0FFG9I9IK,龙泉驿区,广场,104.183631,30.646345,每天都想烤两串,在成都龙泉驿区十陵街道，藏着一片治愈身心的城市绿洲——青龙湖湿地公园。作为成都中心城区面积最大的湿地公园，它坐拥超万亩生态版图，四千亩碧波荡漾的湖面，是当之无愧的“城市绿肺”，更是环城生态区“六库八区”的重要组成部分，将自然野趣与明代蜀地文脉完美相融，成为成都人休闲放松、亲近自然 ​  展开c,0,0,0,0
2026-03-10,青龙湖湿地公园,B0FFG9I9IK,龙泉驿区,广场,104.183631,30.646345,文明青白江,【#爱看视频爱上成都#|#视听四川 百部川扬#】车轮轻转，春光在身后流淌——从青龙湖湿地公园次第绽放的5000株樱花树，到龙泉山的灼灼桃林，再到兴隆湖畔的湖光花色，掠过温江北林绿道的红梅花影，穿过“最美乡村公路”崇州重庆路连片的油菜花田……一路繁花相送，骑进成都的春天里。  ​  展开c,0,0,0,0
2026-03-10,青龙湖湿地公园,B0FFG9I9IK,龙泉驿区,广场,104.183631,30.646345,四川体育,【“爱肝杯”青龙湖挑战赛即将开跑】据悉，“爱肝杯”青龙湖挑战赛定于3月29日在成都市青龙湖湿地公园举行。赛事由四川中医肝病医院主办，设A组（环湖3圈）、B组（环湖2圈）、C组（环湖1圈）三个组别，旨在倡导健康生活方式，融合运动与公益，为跑者提供优质的赛事体验。 ​,0,0,0,0
2026-03-09,青龙湖湿地公园,B0FFG9I9IK,龙泉驿区,广场,104.183631,30.646345,文明成都,【#爱看视频爱上成都#|#视听四川 百部川扬#】车轮轻转，春光在身后流淌——从青龙湖湿地公园次第绽放的5000株樱花树，到龙泉山的灼灼桃林，再到兴隆湖畔的湖光花色，掠过温江北林绿道的红梅花影，穿过“最美乡村公路”崇州重庆路连片的油菜花田……一路繁花相送，骑进成都的春天里。  ​  展开c,0,0,0,0
2026-03-09,青龙湖湿地公园,B0FFG9I9IK,龙泉驿区,广场,104.183631,30.646345,文明成华,【#爱看视频爱上成都#|#视听四川 百部川扬#】车轮轻转，春光在身后流淌——从青龙湖湿地公园次第绽放的5000株樱花树，到龙泉山的灼灼桃林，再到兴隆湖畔的湖光花色，掠过温江北林绿道的红梅花影，穿过“最美乡村公路”崇州重庆路连片的油菜花田……一路繁花相送，骑进成都的春天里。  ​  展开c,0,0,0,0
2026-03-09,青龙湖湿地公园,B0FFG9I9IK,龙泉驿区,广场,104.183631,30.646345,爱看头条,【#爱看视频爱上成都#|#视听四川 百部川扬#】车轮轻转，春光在身后流淌——从青龙湖湿地公园次第绽放的5000株樱花树，到龙泉山的灼灼桃林，再到兴隆湖畔的湖光花色，掠过温江北林绿道的红梅花影，穿过“最美乡村公路”崇州重庆路连片的油菜花田……一路繁花相送，骑进成都的春天里。  ​  展开c,0,0,0,0
2026-03-04,青龙湖湿地公园,B0FFG9I9IK,龙泉驿区,广场,104.183631,30.646345,猫月在别处,成都的春天是迷人的，离开前被青龙湖玉石湿地公园这片金灿灿的铺成一片海的黄色油菜花田迷住了，热烈、张扬，充满生命力。 “春天的花是冬天的梦。” 2成都·玉石湿地公园 L猫月在别处的微博视频 ​,0,0,0,0
2026-03-04,青龙湖湿地公园,B0FFG9I9IK,龙泉驿区,广场,104.183631,30.646345,漂泊老革命,‌青龙湖湿地公园位于四川省成都市龙泉驿区十陵街道‌，是成都市中心城区面积最大的湿地公园，被称为“城市绿肺”。‌‌‌ 2成都·青龙湖 ​,0,0,0,0
2026-03-03,青龙湖湿地公园,B0FFG9I9IK,龙泉驿区,广场,104.183631,30.646345,四川文化,【春满锦城 公园踏春】近日，成都迎来晴好天气，阳光明媚，春意盎然。绕城绿道银杏大桥附近，大片油菜花正值盛放期，吸引众多市民前来骑行、拍照，尽享美好春光。青龙湖湿地公园入口处车水马龙。园内，湖面波光粼粼，岸边柳枝萌发新芽。草坪上，孩子们奔跑嬉戏，五颜六色的风筝在空中摇曳…… ​,0,0,0,0
2026-03-01,青龙湖湿地公园,B0FFG9I9IK,龙泉驿区,广场,104.183631,30.646345,黑色土耳其s,春日小记📷#成都青龙湖湿地公园# 2成都·青龙湖湿地公园 ​,0,0,0,0
2026-03-25,文化公园,B001C8P5DI,青羊区,广场,104.043118,30.660523,wajjk猫酱蟹咪,随同哈妮一起感受经典与城市文化的共生吧！ 哈妮真的好适合这种贵族千金风! 哈妮克孜超话#哈妮克孜# #拉夫劳伦# #拉夫劳伦成都新章启幕# #RalphLauren#,0,0,0,0
2026-03-25,文化公园,B001C8P5DI,青羊区,广场,104.043118,30.660523,北京广播电视台,#2026法国电影展映# 2026年法国电影展映如约而至，在温暖春日再度与中国观众相见，苏菲・玛索担任本届形象大使，姜文出任宣传大使，为这场中法文化交流盛事助力。本届展映将于3月25日持续至6月底，精选11部最新法国电影佳作，在北京、上海、南京、武汉、杭州、成都、西安、广州、深圳、昆明十座城市巡 ​  展开c,0,0,0,0
2026-03-25,文化公园,B001C8P5DI,青羊区,广场,104.043118,30.660523,罗召九,召九文化MV，Al做的。#召九文化##文旅成都##召九文化MV上线##九哥来啦##Al融合#成都超话 L罗召九的微博视频 ​,0,0,0,0
2026-03-25,文化公园,B001C8P5DI,青羊区,广场,104.043118,30.660523,天府演艺·四川大剧院,川渝共舞・艺启未来 少儿艺术发布会在大剧院举行近日，由四川智林树美育和四川省素质美育文化艺术中心主办的“川渝共舞・艺启未来” 少儿艺术项目发布会在四川大剧院圆满举办。本次活动汇聚川渝两地艺术教育机构、专业院校、行业专家、媒体代表及家长与少儿艺术爱好者，集中发布多项重磅少儿艺术项目 ​  展开c,0,0,0,0
2026-03-25,文化公园,B001C8P5DI,青羊区,广场,104.043118,30.660523,阳光得荣,#得荣桃花季# 春染太阳谷，舞韵润心田。3月25日，在云南隔壁的得荣县，“#圣洁甘孜一生有约# ”桃醉太阳谷·得荣县农文旅体商消费季暨民族团结文化交流活动之首届得荣传统舞蹈大赛顺利举行。#得荣的春天热烈登场#  L阳光得荣的微博视频 ​​​#七彩云南万千气象#@央视网文旅 @四川文旅 @成都发布  ​  展开c,0,0,0,0
2026-03-25,文化公园,B001C8P5DI,青羊区,广场,104.043118,30.660523,遥商业,拉夫劳伦举办内地首家旗舰店开幕典礼已经开业了大半年，开幕仪式珊珊来迟。叶童、演员、韩东君、欧阳靖MC JIN以及哈妮克孜出席。旗舰店位于成都IFS，拥有门神位置。这是Ralph Lauren首次在内地以全品类、全层级、沉浸式旗舰形态落地，包括Polo男女装系列、Ralph Lauren Women's、Ralph Lauren  ​  展开c,0,0,0,0
2026-03-25,文化公园,B001C8P5DI,青羊区,广场,104.043118,30.660523,ZX-ZX-,#fforever恒星之城成都演唱会# 洋葱2成都·五粮液文化体育中心-综合体育馆 LZX-ZX-的微博视频 ​,0,0,0,0
2026-03-25,文化公园,B001C8P5DI,青羊区,广场,104.043118,30.660523,但还是假装没有听到,成都最幽默的live house还得是纽空间。其他场地基本都在类似东郊记忆这种文化商区，亚比在此聚众也就没那么显眼。但纽空间在魁星楼这种网红小吃街上，一条街都是火锅店和居民小区，要从地铁站走过去基本是从街头走到街尾。特别是重金属场就更幽默了，去三次有两次看的都是黑金乐队。记忆特别清晰一堆黑 ​  展开c,0,0,0,0
2026-03-25,文化公园,B001C8P5DI,青羊区,广场,104.043118,30.660523,ZX-ZX-,#fforever恒星之城成都演唱会# 烟火的季节2成都·五粮液文化体育中心-综合体育馆 LZX-ZX-的微博视频 ​,0,0,0,0
2026-03-25,文化公园,B001C8P5DI,青羊区,广场,104.043118,30.660523,ZX-ZX-,#fforever恒星之城成都演唱会# 全员Talking62成都·五粮液文化体育中心-综合体育馆 LZX-ZX-的微博视频 ​,0,0,0,0
2026-03-25,文化公园,B001C8P5DI,青羊区,广场,104.043118,30.660523,四川发布,【太酷了····成都“上新”一个机车公园】谁说公园只能散步、喝茶、遛娃？近日，紧邻双流国际机场的天府机车公园正在加速建设中，预计今年10月正式开放。其以机车产业为核心，将老厂房改造为机车博物馆和文化输出中心，同时规划7000平方米专业越野场地，为越野爱好者提供骑行体验服务，并配备专 ​  展开c,0,0,0,0
2026-03-25,龙泉山城市森林公园,B0FFINNKVC,龙泉驿区,广场,104.378946,30.591528,湘女灵莹,"龙抬头日至禅关柏参天,殿飞丹古寺青烟,一柱祝平安[合十]龙泉山城市森林公园#石经寺#祈福#随手拍美景##修行# 成都寺庙#二月二,龙抬头#黄道吉日#湘灵摄影 L湘女灵莹的微博视频 ​",0,0,0,0
2026-03-25,龙泉山城市森林公园,B0FFINNKVC,龙泉驿区,广场,104.378946,30.591528,湘女灵莹,"为了一座山,选择一座城,西出温江,移居龙泉。昨天第一次徒步成都仰天窝阳光健身步道,石板步道蜿蜒曲折,沿途竹影婆娑,鸟语花香,怡心园的樱花已次第开放,风和日丽,远山如黛#龙泉山城市森林公园#仰天窝徒步#怡心园#樱花开了#湘灵摄影#日常分享##随手拍美景# 2成都·龙泉仰天窝 ​",0,0,0,0
2026-03-14,龙泉山城市森林公园,B0FFINNKVC,龙泉驿区,广场,104.378946,30.591528,成都水务,#水务工作动态# 【植一片绿色，守一城清流！“包山头”义务植树活动开展→】3月13日，成都市水务局组织局机关、市河道监管事务中心和市供排水监管事务中心干部职工前往龙泉山城市森林公园开展“包山头”义务植树活动，以实际行动为蓉城大地再添新绿，涵养水源生态。O网页链接 ​,0,0,0,0
2026-03-14,龙泉山城市森林公园,B0FFINNKVC,龙泉驿区,广场,104.378946,30.591528,菡萏泪,中国诗词大会超话   卜算子～桃花浪字落薛涛笺，月满芙蓉帐。又见东君踏乐来，一梦芳华放。采露小园中，拾翠青山上。漫步龙泉古道旁，阅尽桃花浪。（龙泉:成都龙泉山，桃花故里位于成都龙泉山城市森林公园“花海林麓”段核心区域，是省级风景名胜区龙泉花果山风景区的重要组成部分，平均 ​  展开c,0,0,0,0
2026-03-13,龙泉山城市森林公园,B0FFINNKVC,龙泉驿区,广场,104.378946,30.591528,锦观新闻,【#成都海报#】#成都画报# 记者从成都市公园城市建设管理局获悉，2025年，结合市委“净优亮美”工作部署，市公园城市局启动实施了全域增绿三年行动，全市新栽植乔木36万株。同时，科学推进国土绿化，完成造林绿化7.8万亩，龙泉山国家储备林建设8万亩，并推进耕地林地园地空间治理“一张图”建设，完成 ​  展开c,0,0,0,0
2026-03-12,龙泉山城市森林公园,B0FFINNKVC,龙泉驿区,广场,104.378946,30.591528,四川监狱,#高墙藏蓝# 3月12日，@四川省成都女子监狱 组织深蓝志愿服务队前往龙泉山城市森林公园古驿社区开展义务植树活动。种植区内，志愿者们在劳动指导员的带领下，挥锹铲土、扶植苗木、浇水灌溉、踩土固苗，大家分工协作，用实际行动为生态环境保护贡献力量，共同守护绿水青山。#植树节# ​​​,0,0,0,0
2026-03-12,龙泉山城市森林公园,B0FFINNKVC,龙泉驿区,广场,104.378946,30.591528,四川省成都女子监狱,#高墙藏蓝# 3月12日，@四川省成都女子监狱 组织深蓝志愿服务队前往龙泉山城市森林公园古驿社区开展义务植树活动。种植区内，志愿者们在劳动指导员的带领下，挥锹铲土、扶植苗木、浇水灌溉、踩土固苗，大家分工协作，用实际行动为生态环境保护贡献力量，共同守护绿水青山。#植树节# ​,0,0,0,0
2026-03-02,龙泉山城市森林公园,B0FFINNKVC,龙泉驿区,广场,104.378946,30.591528,BAOBAO寄存,一、寄存点详情⛳四川旅游学院 (南 2 门) 寄存点（1 号）：1️⃣距四川旅游学院 (南 2 门) 步行约 138 米🧭8:30-22:00⛳四川旅游学院 (南门)/ 休闲美食文化园游客中心寄存点（2 号）：2️⃣四川旅游学院 (南门) 对面 50 米处🧭9:30-21:30二、寄存方式预约后可查看门店实景图和导航❗️均为 ​  展开c,0,0,0,0
2026-03-01,龙泉山城市森林公园,B0FFINNKVC,龙泉驿区,广场,104.378946,30.591528,保持可爱的怪蜀黍,#成都蓝天白云##龙泉山# 今天天气这么好，来一场说走就走的爬山之旅再合适不过了！龙泉山城市森林公园就是成都人私藏的“后花园”。 ​,0,0,0,0
2026-02-23,龙泉山城市森林公园,B0FFINNKVC,龙泉驿区,广场,104.378946,30.591528,碧潭飘雪2905901135,龙泉山城市森林公园超话 2成都 L碧潭飘雪2905901135的微博视频 ​,0,0,0,0
2026-02-23,龙泉山城市森林公园,B0FFINNKVC,龙泉驿区,广场,104.378946,30.591528,碧潭飘雪2905901135,龙泉山城市森林公园超话 2成都 L碧潭飘雪2905901135的微博视频 ​,0,0,0,0
2026-02-22,龙泉山城市森林公园,B0FFINNKVC,龙泉驿区,广场,104.378946,30.591528,Chloe特爱吃草莓,闭眼抓拍 2成都·龙泉山城市森林公园合江景区 ​,0,0,0,0
2026-02-22,龙泉山城市森林公园,B0FFINNKVC,龙泉驿区,广场,104.378946,30.591528,AphasicVagrant-,当我抬起头 2成都·龙泉山城市森林公园 ​,0,0,0,0
2026-02-20,龙泉山城市森林公园,B0FFINNKVC,龙泉驿区,广场,104.378946,30.591528,川康边根据地,这个文件是四川省政府对龙泉山城市森林公园旅游环线项目建设用地的批复，核心信息如下： 1. 用地规模：批准征收313.2501公顷集体土地、使用11.1982公顷国有土地，合计324.4483公顷，作为项目建设用地。2. 涉及区域：覆盖成都市双流区、龙泉驿区、青白江区、简阳市、金堂县。3. 后续要求：当地政府 ​  展开c,0,0,0,0
2026-02-20,龙泉山城市森林公园,B0FFINNKVC,龙泉驿区,广场,104.378946,30.591528,沐风-0522,#我的美食日记# 今天是继西双版纳之后，完完全全属于一家三口独立相处的一天，难得又珍贵。语嘉四岁了，明显长大了好多——自己乖乖吃饭，像小大人一样陪我们聊天、逛街、爬山，唱歌跳舞讲笑话逗我们开心，我和苗青争执时，她还会跑来劝架，用她小小的审美认真给我们拍照。中午带苗青去吃她美食清 ​  展开c,0,0,0,0
2026-02-16,龙泉山城市森林公园,B0FFINNKVC,龙泉驿区,广场,104.378946,30.591528,绝世无双鱼座-L,一万次春和景明 2成都·龙泉山城市森林公园 ​,0,0,0,0
2026-02-16,龙泉山城市森林公园,B0FFINNKVC,龙泉驿区,广场,104.378946,30.591528,Ouyiddd1,幸福惨了 当村坝 2成都·龙泉山城市森林公园 ​,0,0,0,0
2026-02-16,龙泉山城市森林公园,B0FFINNKVC,龙泉驿区,广场,104.378946,30.591528,小白小吃,丹景台#春游# 2成都·龙泉山城市森林公园 ​,0,0,0,0
2026-02-15,龙泉山城市森林公园,B0FFINNKVC,龙泉驿区,广场,104.378946,30.591528,孤峰悟道,龙泉山终极全攻略（玩+吃+晒太阳+观景） 一、龙泉山全水库清单（含位置） 1. 七湖连穿核心（徒步首选） 1. 飞龙湖水库：山泉镇（七湖起点）2. 百工堰水库：同安街道（环湖步道）3. 毛家口水库：山泉镇（七湖核心）4. 罗家湾水库：山泉镇（清幽小众）5. 山门寺水库：山泉镇（近钟家山步道）6 ​  展开c,0,0,0,0
2026-02-13,龙泉山城市森林公园,B0FFINNKVC,龙泉驿区,广场,104.378946,30.591528,TiAmo_xr,会让人爆哭的风景 2成都·龙泉山城市森林公园 ​,0,0,0,0
