note_id,type,title,desc,video_url,time,last_update_time,user_id,nickname,avatar,liked_count,collected_count,comment_count,share_count,ip_location,image_list,tag_list,last_modify_ts,note_url,source_keyword,xsec_token
68a465b2000000001d00aee6,video,我在成都人民公园找路人拍照，这是第72位,#给陌生人拍照[话题]# #给路人拍照[话题]#,,1755604403000,1755604403000,5d1dd1ed0000000010023a9d,青子wj,https://sns-avatar-qc.xhscdn.com/avatar/1040g2jo31j8nhmopia705n8tq7mk4ektvmcelvg,10万+,5333,3623,2619,,http://sns-webpic-qc.xhscdn.com/202603270547/8b843d4bd8b4710788c8c0df112d4f4b/1040g2sg31lc7her6ks705n8tq7mk4ektus8tbvg!nd_dft_wlteh_jpg_3,"给陌生人拍照,给路人拍照",1774561899437,https://www.xiaohongshu.com/explore/68a465b2000000001d00aee6?xsec_token=ABzlz3uVkoZO9VoNNRNr47RP7uw3VRmKfVtPZ_ccNbSGk=&xsec_source=pc_search,成都人民公园打卡,ABzlz3uVkoZO9VoNNRNr47RP7uw3VRmKfVtPZ_ccNbSGk=
684d6117000000002202f112,video,我在成都人民公园找路人拍照，这是第八位,#给陌生人拍照[话题]# #摄影约拍[话题]# #户外人像摄影[话题]# #摄影师引导[话题]#,,1749901591000,1749901591000,5d1dd1ed0000000010023a9d,青子wj,https://sns-avatar-qc.xhscdn.com/avatar/1040g2jo31j8nhmopia705n8tq7mk4ektvmcelvg,9.2万,3441,2973,2512,,http://sns-webpic-qc.xhscdn.com/202603270547/67beae2e76b91a679df97be78b8ab032/1040g2sg31in8b2n9hi005n8tq7mk4ektch1i3qo!nd_dft_wlteh_jpg_3,"给陌生人拍照,摄影约拍,户外人像摄影,摄影师引导",1774561899440,https://www.xiaohongshu.com/explore/684d6117000000002202f112?xsec_token=ABUPnYjgkQEBnRQnmLt6rzKirbLJIHqrPrExIprZKFFL0=&xsec_source=pc_search,成都人民公园打卡,ABUPnYjgkQEBnRQnmLt6rzKirbLJIHqrPrExIprZKFFL0=
68a84290000000001d0144e7,video,我在成都人民公园找路人拍照，这是第75位,#给陌生人拍照[话题]# #给路人拍照[话题]#,,1755857552000,1755857553000,5d1dd1ed0000000010023a9d,青子wj,https://sns-avatar-qc.xhscdn.com/avatar/1040g2jo31j8nhmopia705n8tq7mk4ektvmcelvg,3.1万,885,404,440,,http://sns-webpic-qc.xhscdn.com/202603270547/5ac8cfe78b084132fee19ef438625ced/1040g2sg31lg08b75kss05n8tq7mk4ekteljdd48!nd_dft_wlteh_jpg_3,"给陌生人拍照,给路人拍照",1774561899440,https://www.xiaohongshu.com/explore/68a84290000000001d0144e7?xsec_token=ABg6ST6jEqM-6GS2JH3RAzSGnUq1pEZhH5DMDHeiKo0gI=&xsec_source=pc_search,成都人民公园打卡,ABg6ST6jEqM-6GS2JH3RAzSGnUq1pEZhH5DMDHeiKo0gI=
685e79320000000010011c3c,video,我在成都人民公园找路人拍照，这是第21位！,#给陌生人拍照[话题]# #误入镜头的陌生人[话题]#,,1751021874000,1751021875000,5d1dd1ed0000000010023a9d,青子wj,https://sns-avatar-qc.xhscdn.com/avatar/1040g2jo31j8nhmopia705n8tq7mk4ektvmcelvg,2.6万,443,575,103,,http://sns-webpic-qc.xhscdn.com/202603270548/ade67b6e44be12f52a4e790fadf770a6/1040g00831j7ugbqeig005n8tq7mk4ektb0t3a40!nd_dft_wlteh_jpg_3,"给陌生人拍照,误入镜头的陌生人",1774561899441,https://www.xiaohongshu.com/explore/685e79320000000010011c3c?xsec_token=AB0yOCk3J9KP8bz28_pW-1w9HWkhG8LSW59JXU5qoQbY4=&xsec_source=pc_search,成都人民公园打卡,AB0yOCk3J9KP8bz28_pW-1w9HWkhG8LSW59JXU5qoQbY4=
64b4dd380000000010029d41,video,在成都！！成都！！人民公园！！,#浪漫生活的记录者[话题]# #笔记灵感[话题]# #熊猫[话题]# #成都[话题]# #成都旅游攻略[话题]# #公园拍照[话题]# #冰粉[话题]#,,1689574712000,1689574991000,6243272d0000000021021d65,爱喝冰阔乐,https://sns-avatar-qc.xhscdn.com/avatar/625d5d5402d61b9d086558ba.jpg,1.5万,6091,304,2709,,http://sns-webpic-qc.xhscdn.com/202603270548/3ef754d817a8a8ad5afdce69ea12619d/1000g0082qh8vs38k60105oi34smoc7b52bi6tco!nd_dft_wlteh_jpg_3,"浪漫生活的记录者,笔记灵感,熊猫,成都,成都旅游攻略,公园拍照,冰粉",1774561899441,https://www.xiaohongshu.com/explore/64b4dd380000000010029d41?xsec_token=ABO56UDzpGk1mFdeMQJ_nP0ROb2e9wPchEW_GnXx9rutY=&xsec_source=pc_search,成都人民公园打卡,ABO56UDzpGk1mFdeMQJ_nP0ROb2e9wPchEW_GnXx9rutY=
67a4990d000000002602d40e,video,成都好看的地方都是免费的！人民公园！,#成都[话题]#,,1738840333000,1762065456000,67571f29000000001d02ea82,每天次饱饱,https://sns-avatar-qc.xhscdn.com/avatar/1040g2jo31g17j482nk005pqn3skndqk2mafj6eo,1万,2496,357,273,,http://sns-webpic-qc.xhscdn.com/202603270548/ec1b314940e36bb8645db7b5fe687071/1040g2sg31oc812ijkuh05pqn3skndqk24lju27g!nd_dft_wlteh_jpg_3,成都,1774561899441,https://www.xiaohongshu.com/explore/67a4990d000000002602d40e?xsec_token=ABwVWyr29zrbgiZaSKAV6cqJOvbyMuIJ7oOLCvn8POGy8=&xsec_source=pc_search,成都人民公园打卡,ABwVWyr29zrbgiZaSKAV6cqJOvbyMuIJ7oOLCvn8POGy8=
640afae300000000270139b3,normal,去了成都7⃣️次｜精心整理旅游攻略,"好姐妹👭在成都，来来回回去玩了不下7次❗️
和本地姐妹爆肝整理了一份旅游攻略
请注意查收✌️
✨热门景点
✅武侯祠——中国唯一君臣合祀祠庙
✅杜甫草堂——杜甫故居，文学史圣地
✅人民公园——体验巴适成都生活
✅锦里——号称西蜀第一街
✅春熙路——繁华的商业街
✅太古里——成都时尚地标之一
✅国金中心——城市时尚潮流地标
✅宽窄巷子——明清古建、地道小吃
✅金沙遗址——大型考古挖掘现场
✅天府广场——成都的文化地标
✅安顺廊桥——横跨南河，红墙青瓦
✅文殊院——香绕寺庙，宁心静气
✅自然博物馆——超难约博物馆，感受大自然的魅力
✅东郊记忆——身在当代，打卡工业遗风
✅都江堰——水利文化鼻祖
✅青城山——前山问道，后山观景
·
🌟交通指南
🚥飞机——成都有双流机场和天府机场，首选双流机场，距离市区更近，打车不肉疼
🚥高铁——高铁首选成都东站，地铁2号线直达春熙路
🚥地铁——出行首选，几乎覆盖了大部分景点，zfb搜乘车码，领取成都电子乘车卡
🚥公交——全程2元，但是在高峰期有堵车的风险，晕车姐妹慎选
🚥共享单车——几乎在路边都能看到共享单车，超级方便，近距离可选择骑车出行
🚥景区直通车——成都景区和景区之间都有直通车，方便快捷，gzh关注“成都景区直通车”，查找景点交通，提前购买车票
·
🍲成都美食
❣️串串——四川小吃代表之一，用竹签把新鲜食材串起来，再放进有秘制汤料的锅里，以签数计价，好玩好吃。
❣️蛋烘糕——成都名小吃，用鸡蛋、发酵过的面粉加适量红糖调匀，在平锅上烘煎而成，吃起来酥嫩爽口。
❣️蹄花——以猪蹄为主要原料配以芸豆等其他调味品，精心煲煮而成的菜品，是川菜中有名的小吃，柔嫩爽口，香而不腻
❣️担担面——四川成都和自贡的特色小吃，也是中国十大名面条之一。面条细有筋道、卤汁酥香有味道
❣️帝王蟹——海鲜自助必去上宴精品海鲜姿造，帝王蟹、鲜鲍鱼、海胆、花胶、兰花蟹等200多种超新海产品吃不停，帝王蟹肉质饱满，鲜甜弹嫩，一只回本
❣️抄手——抄手就是我们说的馄饨，只不过四川人的叫法不。抄手配以麻辣汤底，皮薄馅嫩、爽滑鲜香，是成都小吃中的代表之一
·
#成都[话题]#  #成都旅游[话题]#  #成都旅游攻略[话题]#  #成都火锅[话题]#  #成都打卡[话题]#  #成都美食[话题]#  #熊猫[话题]#  #成都避雷[话题]#",,1678441187000,1753066889000,633284550000000015017ecf,小嘴叭叭,https://sns-avatar-qc.xhscdn.com/avatar/63524c6635b0c87b6889320f.jpg,9481,8410,236,1939,,"http://sns-webpic-qc.xhscdn.com/202603270548/d014d9b1a4b20191133e54e39c9c7607/1000g00825plfb2ifm04g5opighalavmfdsml700!nd_dft_wlteh_jpg_3,http://sns-webpic-qc.xhscdn.com/202603270548/1d6b1a304d71681880b73f60b3ee5171/1000g00825plfb2ifm03g5opighalavmf1scvh3o!nd_dft_wlteh_jpg_3,http://sns-webpic-qc.xhscdn.com/202603270548/04befdca121ff6cdbaab06b545480216/1000g008268cfi5gfi0605opighalavmfsh662b0!nd_dft_wlteh_jpg_3,http://sns-webpic-qc.xhscdn.com/202603270548/c4f8e8d52ea7e0823f97f7c442b6846d/1000g00825plfb2ifm02g5opighalavmfh0n7eo0!nd_dft_wlteh_jpg_3,http://sns-webpic-qc.xhscdn.com/202603270548/6abe6511968e3da9ca03ed384a3a2e89/1000g008267p4q5ifm0605opighalavmfsqf5hpo!nd_dft_wlteh_jpg_3,http://sns-webpic-qc.xhscdn.com/202603270548/44144aef01ec0e2d987738adefc0a320/1000g00825plfb2ifm0205opighalavmfn19q06g!nd_dft_wlteh_jpg_3,http://sns-webpic-qc.xhscdn.com/202603270548/239d221ba36ed617453b9757e86bd407/1000g00825plfb2ifm01g5opighalavmfa2nu9ro!nd_dft_wlteh_jpg_3,http://sns-webpic-qc.xhscdn.com/202603270548/23b80f46c28181d51cb75bbe802a897e/1000g00825plfb2ifm0105opighalavmf234pkgo!nd_dft_wlteh_jpg_3","成都,成都旅游,成都旅游攻略,成都火锅,成都打卡,成都美食,熊猫,成都避雷",1774561899442,https://www.xiaohongshu.com/explore/640afae300000000270139b3?xsec_token=ABsND4PiJb-Ie9VCguPbzbvKgjVt-2k9Mv0dCcHPvpsSM=&xsec_source=pc_search,成都人民公园打卡,ABsND4PiJb-Ie9VCguPbzbvKgjVt-2k9Mv0dCcHPvpsSM=
647adae1000000001300d5ba,normal,成都旅游攻略✅送给要去成都旅游的姐妹👭,"#周末去哪儿
-
来成都之前一定要做好攻略🔥以免踩坑❗
这份攻略内容超全超新✅
建议先收藏❤留着备用🤔
-
🌟【热门景点预约】
🔺大熊猫基地gzh预约：""成都大熊猫繁育研究基地""
🔺青城山gzh预约：""青城山都江堰""
🔺成都博物馆gzh预约：""成都博物馆""
🔺三星堆博物馆gzh预约：""三星堆博物馆""
🔺金沙遗址博物馆gzh预约：""金沙遗址博物馆""
-
🌟【旅游路线】
Day1⃣：人民公园→宽窄巷子→奎星楼街→夜游锦江
Day2⃣：大熊猫基地→文殊院→武侯祠→锦里
Day3⃣：成都博物馆→金沙遗址博物馆→望平街
-
🌟【热门美食街】
📍奎星楼街:这里超多热门餐厅和小吃🔥每家都很好吃！
📍玉林街区:这里是成都文艺青年📎的聚集地！
📍望平街:这里吃喝玩乐🍜都是非常潮流个性的。
📍香香巷:这里西餐、自贡菜、火锅🔥甜品应有尽有。
📍镗钯街:周边特色餐饮居多🎉可以体验到地道的成都味！
📍三圣街:位于市中心的🌷老街，这里有超多的成都小吃！
-
#成都[话题]##成都美食[话题]##成都火锅[话题]##成都周边游[话题]##成都打卡地[话题]##成都旅游[话题]##成都旅游攻略[话题]##青春无售价[话题]##成都旅游分享[话题]##成都旅游必打卡[话题]#
@薯队长 @城市情报官 @吃货薯 @生活薯",,1685773025000,1753015433000,63eb0a5100000000260105ce,翻斗花园小美,https://sns-avatar-qc.xhscdn.com/avatar/63ec63bbf074a05f2d80a428.jpg,9270,8910,180,4464,,"http://sns-webpic-qc.xhscdn.com/202603270548/a0bdd93c8a13d01ea90f271b2e922dcb/1000g0082jelqhuaja06g5ovb198pi1eevgp9ad0!nd_dft_wlteh_jpg_3,http://sns-webpic-qc.xhscdn.com/202603270548/f27cbb1875f226f20b69791dcacd5936/1000g0082jelqhuaja0605ovb198pi1ee6fj4f7o!nd_dft_wlteh_jpg_3,http://sns-webpic-qc.xhscdn.com/202603270548/6e2b793810782071646d0c88e0e5924c/1000g0082jelqhuaja04g5ovb198pi1ee6hf8vg0!nd_dft_wlteh_jpg_3,http://sns-webpic-qc.xhscdn.com/202603270548/410b944099a38c87eda23c6006426070/1000g0082jelqhuaja03g5ovb198pi1ee5tgb2d0!nd_dft_wlteh_jpg_3,http://sns-webpic-qc.xhscdn.com/202603270548/f55fad88eea2de496bd75332d7b5374a/1000g0082jelqhuaja0505ovb198pi1eedb5c0a0!nd_dft_wlteh_jpg_3,http://sns-webpic-qc.xhscdn.com/202603270548/d74eda3d381444a04256b0cf2b372271/1000g0082jelqhuaja01g5ovb198pi1eehiihph0!nd_dft_wlteh_jpg_3,http://sns-webpic-qc.xhscdn.com/202603270548/7af137635ac57675207de45eedaa0a74/1000g0082jelqhuaja02g5ovb198pi1eef7i0gi8!nd_dft_wlteh_jpg_3,http://sns-webpic-qc.xhscdn.com/202603270548/e1a51d4e9ccaacda7dadf6581954cd54/1000g0082jelqhuaja0205ovb198pi1eeg9tlico!nd_dft_wlteh_jpg_3,http://sns-webpic-qc.xhscdn.com/202603270548/032c42f2becc0a359be19b0136691cfa/1000g0082jelqhuaja0005ovb198pi1eeqq46gho!nd_dft_wlteh_jpg_3","成都,成都美食,成都火锅,成都周边游,成都打卡地,成都旅游,成都旅游攻略,青春无售价,成都旅游分享,成都旅游必打卡",1774561899442,https://www.xiaohongshu.com/explore/647adae1000000001300d5ba?xsec_token=AB11lUCnyUPDZJsk_BZDItYhNHiIlHiP0UeVytr9iNWUo=&xsec_source=pc_search,成都人民公园打卡,AB11lUCnyUPDZJsk_BZDItYhNHiIlHiP0UeVytr9iNWUo=
683827ee00000000030387f1,video,成都人民公园路人拍照，发现她的美。,#给陌生人拍照[话题]#,,1748510702000,1750088737000,6615015e00000000030320ea,摄影师五木,https://sns-avatar-qc.xhscdn.com/avatar/1040g2jo31oe7q7po58005pgl05f0u87aeasqr0o,9137,281,518,357,,http://sns-webpic-qc.xhscdn.com/202603270549/d173d4d8b892f19e5e2490ab5480bbf0/1040g2sg31i2ut5ms7ee05pgl05f0u87al5d0fgg!nd_dft_wlteh_jpg_3,给陌生人拍照,1774561899442,https://www.xiaohongshu.com/explore/683827ee00000000030387f1?xsec_token=ABmnPHHaoWF1IeH-12muEmXpW2ZubkQ7tMM1kPvbzrUtQ=&xsec_source=pc_search,成都人民公园打卡,ABmnPHHaoWF1IeH-12muEmXpW2ZubkQ7tMM1kPvbzrUtQ=
66e00fa9000000001201332d,normal,终于知道成都人为什么都要去人民公园了！！！,"人民公园建成于1911年，是四川最早的公共公园，也是成都的第一个城市公园，最早被命名为少城公园，直到1950才可以改名为人民公园。
	
以下是人民公园最佳游览路线🗺️
1️⃣人民公园南门🚪
从人民公园地铁D口出，步行600多米就到达南门啦，目前西门未开放，南门红色的人民公园四个大字非常出片。
	
2️⃣盆趣园🪴
四川的10大名园之一，盆景十分有看头，在园里还可以看到悠闲的四川叔叔阿姨们在亭子里打纸牌。走到湖边时，突然湖边喷起了人工水雾，隐形音响同时响起了轻音乐。站在桥头，可以看见水面的荷花在光雾中摇曳，深深地沦陷其中。大概仙境也不过如此吧！
	
3️⃣成都1号防空洞🕳️
墙面陈列了中国的抗战历史、四川保路运动的相关简介。2010年政府整改防空洞对外开放，现在里面配备了空调、电视机等。里面平均温度只能25度，是成都人民纳凉的好去处。
	
4️⃣鹤鸣茶社🍵
全成都最出名的茶社，想要享受成都的慢生活，一定不容错过，并且还能看到茶技师杂技式添茶术，所谓功夫茶。
	
5️⃣钟水饺🥯
钟水饺就在鹤鸣茶社旁边，各种小吃，饿了可以进去看看。
	
6️⃣辛亥保路纪念广场🪧
这个广场就主要有个文创店，叫做少城有礼，里面可以买到一些周边，尤其是熊猫玩偶，不过成都到处都是熊猫玩偶。
	
7️⃣辛亥秋保路死事纪念碑🗼
纪念在保路运动中牺牲的战士。
	
8️⃣相亲角📰
女士的求姻缘简历是红色的，男士的则为蓝色的，优秀男士女士一大把，如果你也想带一个四川对象回去，可以来看看。
	
9️⃣四川保路运动史事陈列馆🏠
1911年，清政府想把四川的铁路归为国有，并卖给外国，那四川人肯定不乐意，并纷纷起来反抗，成都同志也发动了许多运动，从此保路运动成为了轰动全省的武装起义，这时清政府把湖北武昌的官兵调动过来压制四川，这才给了武昌革命军发动武昌起义的机会，最后由武昌起义为起始点，全国上下辛亥革命爆发了。辛亥革命的胜利，让中国结束了2000多年的封建君主专制制度，从此男人不用再留长辫，女人不用再裹小脚。所以四川保路运动在历史中有着举足轻重的地位。
	
🔟人民公园南门🚪
游览结束！
	
人民公园适合慢游，需要用心去感受，用眼睛去发现美。#公园[话题]# #旅游[话题]# #成都[话题]##成都旅游[话题]# #成都旅游攻略[话题]# #国内旅游日常[话题]# #旅游[话题]# #人民公园[话题]#",,1725960105000,1725960106000,5c7b291c0000000012020766,小寒乱跑,https://sns-avatar-qc.xhscdn.com/avatar/1040g2jo31at1q6mn7i0g5n3r54e4k1r6hjp8cq8,8882,8063,149,4143,,"http://sns-webpic-qc.xhscdn.com/202603270549/5c17bf8a056dfc390980f465689086b1/1040g2sg317ig1g9e0s705n3r54e4k1r6abkn5v8!nd_dft_wlteh_jpg_3,http://sns-webpic-qc.xhscdn.com/202603270549/3c285781d8a9e5b674091d84610adce9/1040g2sg317ig1g9e0s7g5n3r54e4k1r62opav4g!nd_dft_wlteh_jpg_3,http://sns-webpic-qc.xhscdn.com/202603270549/1825471d40dab19e88a4cdb8df72363c/1040g2sg317ig1g9e0s805n3r54e4k1r6bo1mb0g!nd_dft_wlteh_jpg_3,http://sns-webpic-qc.xhscdn.com/202603270549/7aa722a347f8f1c3a436904383602cfc/1040g2sg317ig1g9e0s8g5n3r54e4k1r6jeheemo!nd_dft_wlteh_jpg_3,http://sns-webpic-qc.xhscdn.com/202603270549/d9d14d156e33c7a1a0f1be6af6150bc3/1040g2sg317ig1g9e0s905n3r54e4k1r6sgedep8!nd_dft_wlteh_jpg_3,http://sns-webpic-qc.xhscdn.com/202603270549/8853bb103382617a4e36624c14731f7b/1040g2sg317ig1g9e0s9g5n3r54e4k1r6joga0f8!nd_dft_wlteh_jpg_3,http://sns-webpic-qc.xhscdn.com/202603270549/57e7d6b6757e30706c4851991420b74a/1040g2sg317ig1g9e0sa05n3r54e4k1r6lgnfblg!nd_dft_wlteh_jpg_3,http://sns-webpic-qc.xhscdn.com/202603270549/27fcd515662ad8b304c5d6f06a369f66/1040g2sg317ig1g9e0sag5n3r54e4k1r6oou1pkg!nd_dft_wlteh_jpg_3,http://sns-webpic-qc.xhscdn.com/202603270549/485fa1e6a82c2a367372b722fafe448f/1040g2sg317ig1g9e0sb05n3r54e4k1r68i72i00!nd_dft_wlteh_jpg_3,http://sns-webpic-qc.xhscdn.com/202603270549/62290b58bf2f23a7f062492ac47a43bc/1040g2sg317ig1g9e0sbg5n3r54e4k1r686t4c48!nd_dft_wlteh_jpg_3,http://sns-webpic-qc.xhscdn.com/202603270549/2c8685d2fe6ffc91f6839ea6f360ca58/1040g2sg317ig1g9e0sc05n3r54e4k1r684h7uf0!nd_dft_wlteh_jpg_3,http://sns-webpic-qc.xhscdn.com/202603270549/23f54bd0661dc937e834b30618c0ce6d/1040g2sg317ig1g9e0scg5n3r54e4k1r63d1k6mo!nd_dft_wlteh_jpg_3,http://sns-webpic-qc.xhscdn.com/202603270549/85ede4b0e0c90825efa87fbece2a7aeb/1040g2sg317ig1g9e0sd05n3r54e4k1r69abcq3o!nd_dft_wlteh_jpg_3,http://sns-webpic-qc.xhscdn.com/202603270549/04a36fbc4ea72ee7ee20b81623f264d4/1040g2sg317ig1g9e0sdg5n3r54e4k1r6og52isg!nd_dft_wlteh_jpg_3,http://sns-webpic-qc.xhscdn.com/202603270549/37f68329c38b70f5bdfccb20bfd6c842/1040g2sg317ig1gag0s705n3r54e4k1r65rnfv2g!nd_dft_wlteh_jpg_3,http://sns-webpic-qc.xhscdn.com/202603270549/a711cdac6132d9bc5bf721e3187e6a08/1040g2sg317ig1gag0s7g5n3r54e4k1r67is10e0!nd_dft_wlteh_jpg_3,http://sns-webpic-qc.xhscdn.com/202603270549/8a8f070499bd101fa59f450f74be1b99/1040g2sg317ig1gag0s805n3r54e4k1r6ig1ifmg!nd_dft_wlteh_jpg_3,http://sns-webpic-qc.xhscdn.com/202603270549/5148f4eb69726876d0ad0681dc2b1e9b/1040g2sg317ig1gag0s8g5n3r54e4k1r6aqgcj3o!nd_dft_wlteh_jpg_3","公园,旅游,成都,成都旅游,成都旅游攻略,国内旅游日常,人民公园",1774561899443,https://www.xiaohongshu.com/explore/66e00fa9000000001201332d?xsec_token=AB5O5o0OTrFv8FHDGMLxX8LjFi_V5ZefgHfTMgIMvWd7Q=&xsec_source=pc_search,成都人民公园打卡,AB5O5o0OTrFv8FHDGMLxX8LjFi_V5ZefgHfTMgIMvWd7Q=
68a19771000000001d01fb66,video,人民公园一日游，成都人还是太懂生活了！,喝茶、逛相亲角、围观打牌……成都真是松弛感的神！#外国人在中国[话题]# #人民公园[话题]# #公园20分钟效应[话题]#,,1755420530000,1755422215000,6796f377000000000e01db84,JigglyBoy,https://sns-avatar-qc.xhscdn.com/avatar/1040g2jo31d53mph70m005psmudrjjms42b6uhd0,7972,285,526,363,,http://sns-webpic-qc.xhscdn.com/202603270549/19a959aa09ad0de712de409fdfef90ab/1040g2sg31l9fu6l45o005psmudrjjms4p3dkurg!nd_dft_wlteh_jpg_3,"外国人在中国,人民公园,公园20分钟效应",1774561899443,https://www.xiaohongshu.com/explore/68a19771000000001d01fb66?xsec_token=ABSQ4WKMYE2Y2wtcMiLks81NSmqWbBKFf-O1jhzu_3Rlg=&xsec_source=pc_search,成都人民公园打卡,ABSQ4WKMYE2Y2wtcMiLks81NSmqWbBKFf-O1jhzu_3Rlg=
66075c7a0000000013024df1,normal,成都人民公园鹤鸣茶社｜来喝茶🫖🍵,"感受成都人民的慢节奏生活 好悠闲。
下午三点到的，排队二十分钟左右
好的位置要靠运气😁
	
#成都[话题]# #成都人民公园[话题]# #喝茶[话题]# #鹤鸣茶社[话题]# #成都拍照[话题]#",,1711758458000,1711758831000,57bbfccd5e87e729f8c63468,Rosie W,https://sns-avatar-qc.xhscdn.com/avatar/1040g2jo31tcj7k6n5s0048lelducqd38ke902go,6082,3436,81,5357,,"http://sns-webpic-qc.xhscdn.com/202603270549/51ee7ca322c2b8d8e8f26913f3c3bfee/1040g2sg310us8sqk6o0048lelducqd38el8vkeo!nd_dft_wlteh_jpg_3,http://sns-webpic-qc.xhscdn.com/202603270549/7bf78b8bef8d3995ca7160ed319be07e/1040g2sg310us8sqk6o0g48lelducqd3836565q0!nd_dft_wlteh_jpg_3,http://sns-webpic-qc.xhscdn.com/202603270549/b3f6b0f323abf26b67929ac27ab0e94e/1040g2sg310us8sqk6o1048lelducqd38kv5bq4o!nd_dft_wlteh_jpg_3,http://sns-webpic-qc.xhscdn.com/202603270549/90ea7b0ca78136d018748b0c4602c30d/1040g2sg310us8sqk6o1g48lelducqd384vebra8!nd_dft_wlteh_jpg_3,http://sns-webpic-qc.xhscdn.com/202603270549/7708bdb6c2c986ebdbed3e56b8a7ae6e/1040g2sg310us8sqk6o2048lelducqd38444638o!nd_dft_wlteh_jpg_3,http://sns-webpic-qc.xhscdn.com/202603270549/f6f0191154fb535814b16989a561789c/1040g2sg310us8sqk6o4048lelducqd384afr550!nd_dft_wlteh_jpg_3,http://sns-webpic-qc.xhscdn.com/202603270549/1722586e1cc5ac9e137ac21ac85ea505/1040g2sg310us8sqk6o6048lelducqd38a22tis8!nd_dft_wlteh_jpg_3,http://sns-webpic-qc.xhscdn.com/202603270549/26c2eb9f96a356d26420599c7894245c/1040g2sg310us8ssd6e1g48lelducqd3886egkto!nd_dft_wlteh_jpg_3,http://sns-webpic-qc.xhscdn.com/202603270549/344fac5d262d34264d418c4796ff8c17/1040g2sg310us8ssd6e0g48lelducqd38v36upt0!nd_dft_wlteh_jpg_3,http://sns-webpic-qc.xhscdn.com/202603270549/45cb107be41ddb0857f48784264890b3/1040g2sg310us8ssd6e1048lelducqd38k737tao!nd_dft_wlteh_jpg_3,http://sns-webpic-qc.xhscdn.com/202603270549/cf7b2ef478022d233096d8696218f0ae/1040g2sg310us8sqk6o6g48lelducqd38kfrhg60!nd_dft_wlteh_jpg_3,http://sns-webpic-qc.xhscdn.com/202603270549/168158bcefba5cffbcf245b5172bb91a/1040g2sg310us8ssd6e0048lelducqd3816h3kn8!nd_dft_wlteh_jpg_3,http://sns-webpic-qc.xhscdn.com/202603270549/6e66b7cbf5a1b8794b41aaa734a8003c/1040g2sg310us8sqk6o2g48lelducqd38egmriog!nd_dft_wlteh_jpg_3,http://sns-webpic-qc.xhscdn.com/202603270549/89c5e96083047abefe83134f2162292c/1040g2sg310us8sqk6o3048lelducqd38igc8m40!nd_dft_wlteh_jpg_3,http://sns-webpic-qc.xhscdn.com/202603270549/7fddf9c90ea0e4dba6808cb0ed04af40/1040g2sg310us8sqk6o3g48lelducqd38st67av8!nd_dft_wlteh_jpg_3,http://sns-webpic-qc.xhscdn.com/202603270549/06e9c6e06e4efb85d201d0c5a9a81379/1040g2sg310us8sqk6o4g48lelducqd3869689bg!nd_dft_wlteh_jpg_3","成都,成都人民公园,喝茶,鹤鸣茶社,成都拍照",1774561899443,https://www.xiaohongshu.com/explore/66075c7a0000000013024df1?xsec_token=ABqg417pXuZRm0i4huSKNXo37ja_LTCMbMtvBPPFI9z_U=&xsec_source=pc_search,成都人民公园打卡,ABqg417pXuZRm0i4huSKNXo37ja_LTCMbMtvBPPFI9z_U=
6981762e000000001a03628e,normal,成都必打卡人民公园相亲角,"成都必打卡人民公园相亲角
可以大声蛐蛐的好地方
#成都人民公园[话题]# #成都人民公园相亲角[话题]# #成都必打卡[话题]#",,1770092078000,1770092079000,5aeeb3874eacab5552ad2a1a,杏儿,https://sns-avatar-qc.xhscdn.com/avatar/1040g2jo31l893uq15o004a53dtpoeagq6umcno8,5933,1048,4697,6134,,"http://sns-webpic-qc.xhscdn.com/202603270550/1ed0cf4052379dafe988cfbdc8f0f49d/notes_pre_post/1040g3k031s43rug85s004a53dtpoeagq6tu3n70!nd_dft_wlteh_jpg_3,http://sns-webpic-qc.xhscdn.com/202603270550/d2bd7340013474fc983eb1c88516268d/notes_pre_post/1040g3k031s43rug85s0g4a53dtpoeagqa977atg!nd_dft_wlteh_jpg_3,http://sns-webpic-qc.xhscdn.com/202603270550/9a856db518d6d0f9a11f61000a61dc3e/notes_pre_post/1040g3k031s43rug85s104a53dtpoeagqq8s8r20!nd_dft_wlteh_jpg_3,http://sns-webpic-qc.xhscdn.com/202603270550/6fc2039c2e6b62a9162c06e80216d6e3/notes_pre_post/1040g3k031s43rug85s1g4a53dtpoeagql6hamv0!nd_dft_wlteh_jpg_3,http://sns-webpic-qc.xhscdn.com/202603270550/364068c34dc1102018ef0cd8e3dd0d28/notes_pre_post/1040g3k031s43rug85s204a53dtpoeagqaq788h8!nd_dft_wlteh_jpg_3,http://sns-webpic-qc.xhscdn.com/202603270550/a28c3fbcaa89e3d53a34a93daf54f71d/notes_pre_post/1040g3k031s43rug85s2g4a53dtpoeagqq8ocfso!nd_dft_wgth_jpg_3","成都人民公园,成都人民公园相亲角,成都必打卡",1774561899444,https://www.xiaohongshu.com/explore/6981762e000000001a03628e?xsec_token=AB-SRS7bO7sGUWKnnNRgoCKhNbO5-Oi0DpXQb1zb6swEQ=&xsec_source=pc_search,成都人民公园打卡,AB-SRS7bO7sGUWKnnNRgoCKhNbO5-Oi0DpXQb1zb6swEQ=
69801315000000001a02dd7c,normal,必看节目：成都人民公园相亲角,每次去人民公园必去相亲角，比短视频还精彩#成都人民公园[话题]# #成都人民公园相亲角[话题]#,,1770001173000,1770001173000,61d0751f000000002102b75d,芒果不甜什么甜,https://sns-avatar-qc.xhscdn.com/avatar/1040g2jo30r8mt78ihm5g5oegekfoddqtj9k28do,3953,615,1510,2812,,"http://sns-webpic-qc.xhscdn.com/202603270550/b138238c77609f9459413d71588122dd/notes_uhdr/1040g3qg31s2odq2mk8dg5oegekfoddqtb06j0j8!nd_dft_wlteh_jpg_3,http://sns-webpic-qc.xhscdn.com/202603270550/ea3588b4836213fcd1d59e986de20bb8/notes_uhdr/1040g3qg31s2odq2mk8d05oegekfoddqt4h93fd8!nd_dft_wlteh_jpg_3,http://sns-webpic-qc.xhscdn.com/202603270550/3fb8e682f7019cd88017d0a23622a477/notes_uhdr/1040g3qg31s2odq2mk8905oegekfoddqt98ipmc0!nd_dft_wlteh_jpg_3,http://sns-webpic-qc.xhscdn.com/202603270550/fdf9a6793c525652058e2073d4e72e04/notes_uhdr/1040g3qg31s2odq2mk88g5oegekfoddqtgp0p7bg!nd_dft_wlteh_jpg_3,http://sns-webpic-qc.xhscdn.com/202603270550/1a4f592c114224dd977244c51cb36c48/notes_uhdr/1040g3qg31s2odq2mk8bg5oegekfoddqteti10g8!nd_dft_wlteh_jpg_3,http://sns-webpic-qc.xhscdn.com/202603270550/e8fd05cf435d0857d28e63037e2dc8a9/notes_uhdr/1040g3qg31s2odq2mk8c05oegekfoddqtig39fs8!nd_dft_wlteh_jpg_3,http://sns-webpic-qc.xhscdn.com/202603270550/4811f34c3a259962358796aebdfeaf63/notes_uhdr/1040g3qg31s2odq2mk8a05oegekfoddqtp5ncvjo!nd_dft_wlteh_jpg_3,http://sns-webpic-qc.xhscdn.com/202603270550/275affdb3f7bd857a3668dbcc18c8c2d/notes_uhdr/1040g3qg31s2odq2mk8ag5oegekfoddqt85h040o!nd_dft_wlteh_jpg_3,http://sns-webpic-qc.xhscdn.com/202603270550/ff1c691ca9f77a8f41eaa89be3b88323/notes_uhdr/1040g3qg31s2odq2mk8cg5oegekfoddqtpfp3j08!nd_dft_wlteh_jpg_3","成都人民公园,成都人民公园相亲角",1774561899444,https://www.xiaohongshu.com/explore/69801315000000001a02dd7c?xsec_token=ABaF37QTJSOQgnIxvZeludHE6lyZCnYYFe5T2diW9mf2U=&xsec_source=pc_search,成都人民公园打卡,ABaF37QTJSOQgnIxvZeludHE6lyZCnYYFe5T2diW9mf2U=
68cd4426000000000e021b0b,video,成都citywalk必打卡拍照机位+拍照攻略📸,"来成都旅行的姐妹们，快码住这几个神仙机位！
不排队！好看又出片！！国庆出游快快码住～
	
📸拍照机位
1️⃣IFS大熊猫：春熙路地铁站C口出来，走到IFS楼下侧面栏杆的位置
2️⃣IFS正面大熊猫：坐电梯到ifs的7楼屋顶花园，玻璃墙前面的位置
3️⃣东郊记忆成都红墙：东郊记忆北门进去，看到演艺中心往左走
4️⃣人民公园：如果鹤鸣茶社人太多，可以去旁边的少城茶庄
5️⃣路上大熊猫：宽窄巷子52TOYS
（成都很多地方路上都有好看的大熊猫，宽窄巷子、熊猫局、镗钯街）
6️⃣都江堰仰天窝大熊猫：离堆公园站出来，定位仰天窝广场就是啦
	
#成都旅游[话题]# #成都旅游攻略[话题]#  #成都ifs[话题]# #旅游拍照[话题]# #国庆旅游[话题]# #拍照姿势[话题]# #citywalk[话题]# #来拍照了[话题]#  #大熊猫[话题]# #旅游[话题]#",,1758282790000,1758293144000,5b19daad11be104fa7293b1d,XUANER,https://sns-avatar-qc.xhscdn.com/avatar/1040g2jo30vemi06km20g4a61rsdaqeotgr2lato,3569,3551,9,1431,,http://sns-webpic-qc.xhscdn.com/202603270550/df147637b0b2dd6182771284aebc673b/1040g00831mk2i1o16g004a61rsdaqeotlelenc8!nd_dft_wlteh_jpg_3,"成都旅游,成都旅游攻略,成都ifs,旅游拍照,国庆旅游,拍照姿势,citywalk,来拍照了,大熊猫,旅游",1774561899444,https://www.xiaohongshu.com/explore/68cd4426000000000e021b0b?xsec_token=ABU6EuvpKrSGCm2M3F7nveqlK6cdiDmfAHPt7ntWct-Bk=&xsec_source=pc_search,成都人民公园打卡,ABU6EuvpKrSGCm2M3F7nveqlK6cdiDmfAHPt7ntWct-Bk=
6728acea000000001a037122,video,这光好像神女降临,"拍到了很绝的阳光
在人民公园的鹤鸣茶社
十分钟火速拍的
成都冬天太难出太阳了[哭惹R]
	
#我的日常[话题]# #来拍照了[话题]# #拍出氛围感[话题]# #成都拍照[话题]# #发光发丝[话题]# #新中式穿搭[话题]# #阳光下拍照[话题]#",,1730718954000,1730718954000,601a657b000000000100850c,一枝小乙,https://sns-avatar-qc.xhscdn.com/avatar/1040g2jo31qsdi30i7o005o0qcltg918ciokqfp8,3466,547,41,131,,http://sns-webpic-qc.xhscdn.com/202603270550/24491fa1693d8cb6deffa8e72230ce85/1040g2sg319pdb64s7g705o0qcltg918c1pda848!nd_dft_wlteh_jpg_3,"我的日常,来拍照了,拍出氛围感,成都拍照,发光发丝,新中式穿搭,阳光下拍照",1774561899444,https://www.xiaohongshu.com/explore/6728acea000000001a037122?xsec_token=ABYyCMFvKg5WsUUTTm1Une_JMx-fYhe0YpNb8spXmYWIU=&xsec_source=pc_search,成都人民公园打卡,ABYyCMFvKg5WsUUTTm1Une_JMx-fYhe0YpNb8spXmYWIU=
63317d7200000000180031cc,normal,来成都一定要去人民公园,#喝茶[话题]# #成都公园[话题]# 环境太棒了，熊猫汤圆也很好吃,,1664187762000,1664187763000,62092a080000000010006087,kxxx52,https://sns-avatar-qc.xhscdn.com/avatar/1040g2jo3109a5bqtmo0g5og958440o47h84fkso,3011,436,337,237,,"http://sns-webpic-qc.xhscdn.com/202603270550/57a27eb7831e8a093b01e0bd304be713/03029q01kth6vgxfczr0113e2710p61hkd!nd_dft_wlteh_jpg_3,http://sns-webpic-qc.xhscdn.com/202603270550/6f9ec052ab9dfbdf5bbfb4e2824c5e31/03029q01kth6vgxfczr0113e27110afm5g!nd_dft_wlteh_jpg_3,http://sns-webpic-qc.xhscdn.com/202603270550/732b33c929484530346377b2c0503743/03029q01kth6vgxfczr0113e2712gw0bv4!nd_dft_wlteh_jpg_3,http://sns-webpic-qc.xhscdn.com/202603270550/f837afb3f7682ff06ea79dc06ac3e837/03029q01kth6vgxfczr0113e2713jzdp7l!nd_dft_wlteh_jpg_3","喝茶,成都公园",1774561899445,https://www.xiaohongshu.com/explore/63317d7200000000180031cc?xsec_token=ABD_9EVmROUH4mSpVIOqcXUxHrYACMdPr0lj3Se-LqEeI=&xsec_source=pc_search,成都人民公园打卡,ABD_9EVmROUH4mSpVIOqcXUxHrYACMdPr0lj3Se-LqEeI=
67e773a0000000001c03058c,normal,成都慢生活，从人民公园喝茶开始🍵（附攻略）,"[种草R]来成都必打卡！点一杯盖碗茶，在湖边坐一坐感受一下属于成都人民的慢生活
-
📍 定位：成都·人民公园·鹤鸣茶社
💰 人均：20-50元（喝茶+小吃）
⏰ 最佳时间：上午9:00前 or 下午4:00后（避开人潮）
-
✅交通小贴士
🚇 地铁：2号线【人民公园站】B口出，步行200米，5分钟直达
🚖 打车：定位“人民公园东门”，下车就是茶社入口
🚌公交到“人民公园”站下车即可
-
🍃选位置坐下后就会有阿姨来找你点茶。浅蓝色衣服是点茶的，深蓝色衣服是点吃的~
-
✅点茶指南：
初次尝试可选""花毛峰""（25元/杯）
老茶客推荐""三级茉莉花茶""（18元/杯）
还可以体验“蒙顶黄芽”（非遗名茶，温润醇厚）
🍃隐藏服务：
免费续热水服务
可自带茶叶（收取10元座位费）
-
🍃没看到阿姨的话，可以去旁边的钟水饺点套餐，我这个是 88的套餐，点完会有阿姨直接送到你坐的位置上
-
🍃tips:
建议早点去，可以选个好位置！我们是工作日的早上九点到的，已经没什么靠湖边的位置了，不过还是等到了，湖边的位置确实很难等到，建议就先坐在旁边喝着，等有位置了再挪过去～[暗中观察R]
-
✅隐藏玩法
✨ 采耳体验：30元/10分钟，听铜铃叮当响，酥麻到头皮发颤！
✨ 免费听戏：每周六下午2点有川剧表演（靠近湖心亭位置视野最佳）
✨ 暗号点茶：茶盖斜放=要加水，盖碗倒扣=喝完了，秒变老成都！[偷笑R]
-
❌ 别选周末中午：人扎堆，根本抢不到任何座位！
❌ 别外带奶茶：传统茶馆谢绝外来饮品（但可以点公园内小吃）
❌ 别穿高跟鞋：青石板路+竹椅，舒适平底鞋才是王道
-
✅休闲一日游路线
🍃上午：鹤鸣茶社 → 人民公园划船 → 钟水饺吃午饭
🍃下午：步行15分钟到宽窄巷子 → 泡桐树街喝咖啡
🍃晚上：吃火锅
🌟步行15分钟可至四川美术馆或成都博物馆[赞R]
🌟也可以结合宽窄巷子安排半日游（距公园1.2公里步行15分钟可达）[赞R]
#周末去哪儿[话题]# #人民公园[话题]# #成都人民公园喝茶[话题]# #鹤鸣茶社[话题]# #老成都[话题]# #宽窄巷子[话题]# #盖碗茶[话题]# #成都攻略[话题]# #成都拍照[话题]# #成都探店[话题]#",,1743221664000,1743476149000,5a6d65344eacab1f9ac03273,夹心栗子糕,https://sns-avatar-qc.xhscdn.com/avatar/1040g2jo31ihq2rq0ns004a14h3ij8cjjeblebh0,2873,2341,60,2136,,"http://sns-webpic-qc.xhscdn.com/202603270551/068e726e73f5af84e835b6e5c9af4968/1040g2sg31fjn3cuhne704a14h3ij8cjj47bpbpg!nd_dft_wlteh_jpg_3,http://sns-webpic-qc.xhscdn.com/202603270551/9f7c8b6739528004bafb72919cbbbca2/1040g2sg31fjn3cuhne7g4a14h3ij8cjjn8qa8co!nd_dft_wlteh_jpg_3,http://sns-webpic-qc.xhscdn.com/202603270551/6ecdd542118cb55e180c0669e4068f2e/1040g2sg31fjn3cuhne804a14h3ij8cjj8fd7sug!nd_dft_wlteh_jpg_3,http://sns-webpic-qc.xhscdn.com/202603270551/91c066e107a4cc8de15ce3af069e51ad/1040g2sg31fjn3cuhne8g4a14h3ij8cjj5b21es0!nd_dft_wlteh_jpg_3,http://sns-webpic-qc.xhscdn.com/202603270551/a5c18e7a708b09d0b1e6f68d4aa897a2/1040g2sg31fjn3cuhne904a14h3ij8cjj73n40ng!nd_dft_wlteh_jpg_3,http://sns-webpic-qc.xhscdn.com/202603270551/08b3befc1c067ef381e90b89b404e9e3/1040g2sg31fjn3cuhne9g4a14h3ij8cjj3sucq80!nd_dft_wlteh_jpg_3,http://sns-webpic-qc.xhscdn.com/202603270551/8a3f820be82e996735e77a3063e71783/1040g2sg31fjn3cuhnea04a14h3ij8cjjot23p3o!nd_dft_wlteh_jpg_3,http://sns-webpic-qc.xhscdn.com/202603270551/e28454003c3de59a5e44c7cf32fc801b/1040g2sg31fjn3cuhneag4a14h3ij8cjj1jc5v1o!nd_dft_wlteh_jpg_3,http://sns-webpic-qc.xhscdn.com/202603270551/beb58b8ad2508c98f880d16720ac7dda/1040g2sg31fjn3cuhneb04a14h3ij8cjj7bdjjt0!nd_dft_wlteh_jpg_3,http://sns-webpic-qc.xhscdn.com/202603270551/3279c8c87c40c79ce2d1b63aba50449f/1040g2sg31fjn3cuhnebg4a14h3ij8cjj3pknq3o!nd_dft_wlteh_jpg_3,http://sns-webpic-qc.xhscdn.com/202603270551/b9595253bd3a1976359ee7e333073054/1040g2sg31fjn3cuhnec04a14h3ij8cjjnt9ior8!nd_dft_wlteh_jpg_3,http://sns-webpic-qc.xhscdn.com/202603270551/7012aa47ae3ca9dec88a2be2af851412/1040g2sg31fjn3cuhnecg4a14h3ij8cjj1h5so3g!nd_dft_wlteh_jpg_3","周末去哪儿,人民公园,成都人民公园喝茶,鹤鸣茶社,老成都,宽窄巷子,盖碗茶,成都攻略,成都拍照,成都探店",1774561899445,https://www.xiaohongshu.com/explore/67e773a0000000001c03058c?xsec_token=ABfr414G8whgpyaLsGqC-YgLJKCuLBCsJLlt9HvhFTWQ0=&xsec_source=pc_search,成都人民公园打卡,ABfr414G8whgpyaLsGqC-YgLJKCuLBCsJLlt9HvhFTWQ0=
681570140000000023013445,video,成都人民公园果然高手如云,一位活泼可爱，自信洒脱的人。#人民公园[话题]# #成都[话题]#  #你大爷还是你大爷[话题]#,,1746235412000,1746235412000,57214af24775a773327fdbb8,珺瑶,https://sns-avatar-qc.xhscdn.com/avatar/62bee2ad43ae2346a51c00c2.jpg,2132,159,310,956,,http://sns-webpic-qc.xhscdn.com/202603270551/5ad30df59cdeab28e547f5d4a770ba79/1040g2sg31h0k3lo0j93048b5sd5f5mtonjvpvbg!nd_dft_wlteh_jpg_3,"人民公园,成都,你大爷还是你大爷",1774561899445,https://www.xiaohongshu.com/explore/681570140000000023013445?xsec_token=ABtvTH5ONrmU2HxVR1G2eErtKr-JrpRw9ioTuYDzq3zoU=&xsec_source=pc_search,成都人民公园打卡,ABtvTH5ONrmU2HxVR1G2eErtKr-JrpRw9ioTuYDzq3zoU=
671a26bd000000001602122e,video,烟火人间一盏茶 🍵,"在人民公园喝茶
和@燕燕有梨涡
	
#低头拍了拍秋天[话题]# #来拍照了[话题]# #拍出氛围感[话题]# #记录吧就现在[话题]# #live[话题]# #我眼中的秋天[话题]# #用一张图形容秋天[话题]# #人民公园[话题]# #拍照姿势不重样[话题]# #成都拍照[话题]#",,1729767102000,1729788989000,5c45eeb100000000110068bd,柏栀子,https://sns-avatar-qc.xhscdn.com/avatar/628e2b928bdd1d102ea969fa.jpg,1881,371,15,165,,http://sns-webpic-qc.xhscdn.com/202603270551/e9df0bb8af1ecd5ab50cbeb936626595/1040g008319bht3mk6c005n25tqok8q5tv1dgggg!nd_dft_wlteh_jpg_3,"低头拍了拍秋天,来拍照了,拍出氛围感,记录吧就现在,live,我眼中的秋天,用一张图形容秋天,人民公园,拍照姿势不重样,成都拍照",1774561899446,https://www.xiaohongshu.com/explore/671a26bd000000001602122e?xsec_token=ABkgzH0BwmAWB8zhfU-BkXLbkkV1QR9eeRmjc6kQgSmgE=&xsec_source=pc_search,成都人民公园打卡,ABkgzH0BwmAWB8zhfU-BkXLbkkV1QR9eeRmjc6kQgSmgE=
67de5f9f000000001a006b80,video,来成都旅行🌳怎么能不去人民公园逛逛呢～,"在成都生活了30多年，
我劝你千万别错过人民公园。
来一杯盖碗茶，坐在湖边，晒着太阳，
吹着微风，吃点成都特色小吃，
再体验一下特色采耳，
感受老成都的烟火气和惬意的慢生活。
🌿具体路线如下，来成都旅游不要错过啦～
鹤鸣茶社—钟水饺—划船—儿童游乐园—相亲角—保路运动纪念碑
#人民公园[话题]# #成都旅行[话题]# #春天就要上春山[话题]# #遛娃好去处[话题]# #周末出游[话题]# #成都人民公园[话题]# #出行必备好物[话题]# #成都亲子游[话题]# #逛公园才是正经[话题]# #公园城市幸福成都[话题]#",,1742627911000,1745306510000,599529b682ec392df48fbf83,团子E菲🍡,https://sns-avatar-qc.xhscdn.com/avatar/1040g2jo31m2bsclg680049o5brkrdfs3stg8f2o,1022,239,21,26,,http://sns-webpic-qc.xhscdn.com/202603270558/f7d03d3fee37ae8c51b39570bd8d6713/1040g00831gip7ms9jq0049o5brkrdfs3r1jj7mg!nd_dft_wlteh_jpg_3,"人民公园,成都旅行,春天就要上春山,遛娃好去处,周末出游,成都人民公园,出行必备好物,成都亲子游,逛公园才是正经,公园城市幸福成都",1774562536340,https://www.xiaohongshu.com/explore/67de5f9f000000001a006b80?xsec_token=AB_mBwLTNnhuxsJjZwo2LgK7cRWBCXBoPDHPn5Qiob2x0=&xsec_source=pc_search,成都人民公园打卡,AB_mBwLTNnhuxsJjZwo2LgK7cRWBCXBoPDHPn5Qiob2x0=
6651bd26000000001303f427,video,遇见你的眉眼,🍃#我的日常[话题]# #来拍照了[话题]# #拍照姿势[话题]# #公园拍照[话题]# #人民公园[话题]# #成都拍照[话题]# #氛围感[话题]# #随手拍[话题]##BEQUEENSTORY[话题]#,,1716632870000,1717386319000,5cfe71fb000000001103a895,6liu1,https://sns-avatar-qc.xhscdn.com/avatar/1040g2jo31l1hdip630005n7ue7tkfa4lu14orb0,788,172,9,70,,http://sns-webpic-qc.xhscdn.com/202603270558/d1e264fb2aaa00322e87b56690b72fd5/1040g2sg3137gibiog6705n7ue7tkfa4lg84sg40!nd_dft_wlteh_jpg_3,"我的日常,来拍照了,拍照姿势,公园拍照,人民公园,成都拍照,氛围感,随手拍,BEQUEENSTORY",1774562536343,https://www.xiaohongshu.com/explore/6651bd26000000001303f427?xsec_token=ABrwt1cvKappHCZ5H3rL4YtvFIKFwxCqBjDNNzydX9uio=&xsec_source=pc_search,成都人民公园打卡,ABrwt1cvKappHCZ5H3rL4YtvFIKFwxCqBjDNNzydX9uio=
68c05849000000001b01c27c,normal,终于知道为什么要去人民公园了！攻略来啦,"📍地址：成都市青羊区小南街8号
🎫门票：免费
🕙开放时间：6：30-22：00
🚇交通：地铁2号线人民公园站B口出站
✅必打卡景点
辛亥秋保路死事纪念碑：为纪念保路运动死难同胞而建，碑体四面刻有不同字体碑文，是全国重点文物保护单位。
​鹤鸣茶社：百年茶馆，来一杯盖碗茶，再体验下采耳，巴适得板。
​相亲角：超热闹！挂满相亲资料，现实版“非诚勿扰”。
​人工湖：租船泛舟，感受悠闲时光。
	
🧚‍♀️游玩路线
人文历史路线：正大门→辛亥秋保路纪念广场→辛亥秋保路死事纪念碑→通俗教育馆旧址→成都1号防空洞。
​风景游玩路线：正大门→盆景园→兰草园→东山彩叶植物景观→鹤鸣茶社→人工湖→相亲角。
	
🍜美食推荐
钟水饺：特色小吃，配上特制红油，一口爱上。
​蛋烘糕：多种口味可选，甜咸都有，碳水脑袋冲。
📌游玩小贴士
想在鹤鸣茶社坐湖边位置，建议上午早点来哦。
​划船中午前不排队还不晒，下午人多还热#人类需要公园[话题]# #人民公园[话题]# #成都旅游攻略[话题]# #成都[话题]# #成都人民公园[话题]# #逛公园[话题]# #拍照[话题]#",,1757435977000,1757435977000,5e57bb9b0000000001005972,蘸可乐__,https://sns-avatar-qc.xhscdn.com/avatar/1040g2jo31pti09bqkmdg5ninnedg8mbipqc2uvg,782,543,14,411,,"http://sns-webpic-qc.xhscdn.com/202603270558/128af76e249f7cbe68ecd5f009a25e55/notes_pre_post/1040g3k831m7gr0a6mc005ninnedg8mbi41vb3go!nd_dft_wlteh_jpg_3,http://sns-webpic-qc.xhscdn.com/202603270558/59fb6ed38ac417a003bd17ea0eda1035/notes_pre_post/1040g3k831m7gr0ffmcl05ninnedg8mbir445neg!nd_dft_wlteh_jpg_3,http://sns-webpic-qc.xhscdn.com/202603270558/906ffa6bd1969e979d5c3a25a99db0ab/notes_pre_post/1040g3k831m7gr1dr6c005ninnedg8mbi9pctaso!nd_dft_wlteh_jpg_3,http://sns-webpic-qc.xhscdn.com/202603270558/3c8d7911848c65fb9a9aa22e020c9e4c/notes_pre_post/1040g3k831m7gr1c568005ninnedg8mbihmau3s8!nd_dft_wlteh_jpg_3,http://sns-webpic-qc.xhscdn.com/202603270558/d0b07987fb73d6ea02e3b8a8b75d8dc0/notes_pre_post/1040g3k831m7gr1ael8005ninnedg8mbi3rm1tng!nd_dft_wlteh_jpg_3,http://sns-webpic-qc.xhscdn.com/202603270558/83ba2bde5f902f5f77fe096f2781042d/notes_pre_post/1040g3k831m7gr18bmc005ninnedg8mbi2bmmutg!nd_dft_wlteh_jpg_3,http://sns-webpic-qc.xhscdn.com/202603270558/c9ef001c836c950f2d36be3f7afe4a88/notes_pre_post/1040g3k831m7gr15slm005ninnedg8mbipo08288!nd_dft_wlteh_jpg_3,http://sns-webpic-qc.xhscdn.com/202603270558/0df237bac34f59f8db29d879140cac6e/notes_pre_post/1040g3k831m7gr12t5i005ninnedg8mbifrgm72o!nd_dft_wlteh_jpg_3,http://sns-webpic-qc.xhscdn.com/202603270558/2b54ddb6cfd74f58f336adcf246bdb67/notes_pre_post/1040g3k831m7gr10ilm005ninnedg8mbig5dl87o!nd_dft_wlteh_jpg_3,http://sns-webpic-qc.xhscdn.com/202603270558/3fb92d437d1f2caedae7a84184f4eb65/notes_pre_post/1040g3k831m7gr0udlm705ninnedg8mbihlcu53o!nd_dft_wlteh_jpg_3,http://sns-webpic-qc.xhscdn.com/202603270558/b3bb7a4325f996299de182099d31b029/notes_pre_post/1040g3k831m7gr0rc58005ninnedg8mbirpra5ko!nd_dft_wlteh_jpg_3,http://sns-webpic-qc.xhscdn.com/202603270558/c269d361434af772c726c9ca56f0d1d2/notes_pre_post/1040g3k831m7gr0kg6c005ninnedg8mbig2dutlg!nd_dft_wlteh_jpg_3","人类需要公园,人民公园,成都旅游攻略,成都,成都人民公园,逛公园,拍照",1774562536344,https://www.xiaohongshu.com/explore/68c05849000000001b01c27c?xsec_token=ABQeqln5JRiDbtCEmUgpLUuaNm4A0S9LD8eTNC_JV2zqg=&xsec_source=pc_search,成都人民公园打卡,ABQeqln5JRiDbtCEmUgpLUuaNm4A0S9LD8eTNC_JV2zqg=
69b4019e0000000021010b75,normal,（成都）人民公园这一家可以给到夯！！！！,"人民公园这家真的是本地人不说
外地人又不知道
开了都有20多年了
味道真的可以给到夯
点了柠檬草牛胸膘，吃起来奶香混着柠檬的香气，简直是肉届提拉米苏
还吃了爆炒茶香鸭，怪味里脊，芥末虾球……
都很下饭，真心觉得不错，吃完还可以逛人民公园～
#成都美食[话题]##大声安利本地美食[话题]##成都川菜[话题]##人民公园[话题]##本地人爱吃的店[话题]# #成都川菜[话题]# #成都旅游[话题]# #本地人推荐[话题]#",,1773480275000,1773404574000,5b6bd0e6d3733a0001e2c827,包子yumi💗,https://sns-avatar-qc.xhscdn.com/avatar/6240a4cc324ed5d062d031d6.jpg,555,576,34,418,四川,"http://sns-webpic-qc.xhscdn.com/202603270558/d8849cfbb9fc54a7c266586330adf2e1/note_pre_post_uhdr/1040g3r031tldmrstne6g4abicf8edi17obsrm7g!nd_dft_wlteh_jpg_3,http://sns-webpic-qc.xhscdn.com/202603270558/28c789082ce3bedf28bdde4f14315a13/notes_pre_post/1040g3k031tldijs8n21g4abicf8edi17b04ds1g!nd_dft_wlteh_jpg_3,http://sns-webpic-qc.xhscdn.com/202603270558/14529c3eafddcbc1a0d6e4dbed79f6e6/note_pre_post_uhdr/1040g3r031tlfc8irn20g4abicf8edi17d78e688!nd_dft_wlteh_jpg_3,http://sns-webpic-qc.xhscdn.com/202603270558/aadf1536f8cec446eed82f03734b385d/notes_pre_post/1040g3k031tldijs8n2204abicf8edi17bh0h670!nd_dft_wlteh_jpg_3,http://sns-webpic-qc.xhscdn.com/202603270558/4ff9d46279cc9e40ec5a831af59105e8/note_pre_post_uhdr/1040g3r031tlfc8irn2104abicf8edi17j41tvjo!nd_dft_wlteh_jpg_3,http://sns-webpic-qc.xhscdn.com/202603270558/adaaf5bca041ed88f435c00e8d3fb6b8/note_pre_post_uhdr/1040g3r031tlfc8irn21g4abicf8edi17q6k6q8g!nd_dft_wlteh_jpg_3,http://sns-webpic-qc.xhscdn.com/202603270558/cc3c9c3f40693e797788f173bc2fad83/note_pre_post_uhdr/1040g3r031tlfc8irn2004abicf8edi17prs1kfo!nd_dft_wlteh_jpg_3,http://sns-webpic-qc.xhscdn.com/202603270558/0e0cf39fa0772eaa83814f35cb89d4b2/note_pre_post_uhdr/1040g3r031tlfc8irn2204abicf8edi17mfr4md8!nd_dft_wlteh_jpg_3,http://sns-webpic-qc.xhscdn.com/202603270558/c01d261ef1c604f3272bbef3e34755b1/note_pre_post_uhdr/1040g3r031tlfc8irn22g4abicf8edi17dnp9t0o!nd_dft_wlteh_jpg_3,http://sns-webpic-qc.xhscdn.com/202603270558/6cd49c8e3fe964a1502ae69e9ff86d0e/note_pre_post_uhdr/1040g3r031tlfc8irn2304abicf8edi17mtfg6ao!nd_dft_wlteh_jpg_3","成都美食,大声安利本地美食,成都川菜,人民公园,本地人爱吃的店,成都旅游,本地人推荐",1774562536346,https://www.xiaohongshu.com/explore/69b4019e0000000021010b75?xsec_token=ABotJg8OPw8LTS-FdBeQBBaqWlIgGxizGqGYN8sxsOHdU=&xsec_source=pc_search,成都人民公园打卡,ABotJg8OPw8LTS-FdBeQBBaqWlIgGxizGqGYN8sxsOHdU=
5f956c13000000000100b5c1,video,成都旅游好去处｜来成都一定要去的那些地方,"来成都必去的地方👇
⛳️>位置（视频）
成都锦里 #锦里古街[地点]#
🚗>交通
1.🚌公交1/57/58/335至武侯祠站
2.🚇地铁3号线，到高升桥地铁站下车
3.打车
♨️〉景点介绍
1.门票🎫：免费
2.开放时间🕙：全天
3.锦里素有“成都版清明上河图”“西蜀第一街”之称，夜景非常美，有戏曲表演，有各种成都名小吃，特别推荐波丝糖和张飞牛肉，😋巨好吃！！进古街有一段路就能看见，两个地方挨在一起，很好找～
	
除了视频里的锦里，成都市内其他必去的地方⛳️
📍>地点
1. #春熙路[地点]#
🌈商圈集购物与美食一体，成都的地标，到处都是各种热门火锅、小吃。🚇可乘坐地铁二号线，到春熙路站下车，🚌公交可乘坐43/47/298号，至春熙路南口站下车
2. #成都远洋太古里[地点]#
🌈时尚弄潮的聚集地，大牌奢侈品、街拍都在这里，喜欢各种大牌、奢侈品的必去
⛳️就在春熙路附近，挨得很近
3. #武侯祠[地点]#
🌈最出名的就是红墙竹影，网红打卡地，非常适合拍照。此外，可以感受满满的三国文化
⛳️位置就在锦里旁边，门票60元/位
4.#宽窄巷子[地点]#
🌈成都的著名街巷，可以看到很多历史建筑，喜欢川剧、变脸表演的可以点碗茶，在这里也体验慢节奏的生活，晚上非常热闹，有很多酒吧。
🚇可乘坐地铁二号线至人民公园站和通惠门站
5. #成都市人民公园[地点]#
🌈很有意思的一个地方，几乎全是老大爷和老太太，在这里喝茶晒太阳，在这里可以完全沉浸式感受成都本地人的慢生活
🚇地铁2号线人民公园D2出口
	
💆>采耳
来成都必采耳，锦里人民公园都有，但不建议在这些地方做，推荐去专业的采耳店，景区里的采耳太敷衍了，40块五分钟，感觉还没开始就已经结束了，而且采完以后耳朵会痛，建议大众点评找找，专业店采耳很舒服，采完神清气爽
	
😋〉美食
1.🍲火锅
大众点评可搜，但我个人觉得成都的火锅不管大小味道都差不多，都很好吃，有些热门店人太多了，等不了也可以去周边的火锅店吃
2.🍢串串
最能代表成都味道的大概就是串串，路边随便一家都巨好吃！
3.🐰手撕烤兔/麻辣兔头
我个人不会吃，毕竟… 兔兔太可爱了[萌萌哒R]但成都人巨爱吃，喜欢的朋友也可以去感受一下
4.🥟抄手/担担面/钵钵鸡/甜水面/钟水饺",,1603628051000,1603628128000,5dfee0710000000001009c9b,李可乐漂流记,https://sns-avatar-qc.xhscdn.com/avatar/1040g2jo31n2k7riv6g005nfus1og974rqbh3lko,455,200,16,63,,http://sns-webpic-qc.xhscdn.com/202603270558/5719b61823a593914542d6bebcee081f/9f24cfe5-65d6-38a5-b3cb-9846248f3593!nd_dft_wlteh_jpg_3,,1774562536347,https://www.xiaohongshu.com/explore/5f956c13000000000100b5c1?xsec_token=ABmUq1chnE-MqxpxNe2PV-0ysc4cNMVwuJPhnOMfOr6XU=&xsec_source=pc_search,成都人民公园打卡,ABmUq1chnE-MqxpxNe2PV-0ysc4cNMVwuJPhnOMfOr6XU=
69170831000000000700bcf0,video,我在成都人民公园找路人拍照,#给路人拍照[话题]# #给陌生人拍照[话题]#,,1763117105000,1763117105000,5d1dd1ed0000000010023a9d,青子wj,https://sns-avatar-qc.xhscdn.com/avatar/1040g2jo31j8nhmopia705n8tq7mk4ektvmcelvg,436,10,35,7,,http://sns-webpic-qc.xhscdn.com/202603270559/d11443c40cbde974568d6f399c596780/1040g00831os5vcim12005n8tq7mk4ektm2qnkc8!nd_dft_wlteh_jpg_3,"给路人拍照,给陌生人拍照",1774562536349,https://www.xiaohongshu.com/explore/69170831000000000700bcf0?xsec_token=ABk_-sY_etQ7iBHrtdaPE-J_Uh-SCUh_DSD2h2VkfvfY8=&xsec_source=pc_search,成都人民公园打卡,ABk_-sY_etQ7iBHrtdaPE-J_Uh-SCUh_DSD2h2VkfvfY8=
698b44fe000000000a031839,normal,我爱成都！！！,"来人民公园喝茶喃
拍出来的照片都一股“川味”
成都的幸福感是闻着火锅香找茶馆
烟火气与安静在这里从不打架
幸福到不想走啦🥺🍃🐦‍⬛🫖💛
	
#冬天的幸福是煮茶给的[话题]# #成都[话题]# #我的日常[话题]# #来喝茶了[话题]# #发点生活边角料[话题]# #人民公园拍照[话题]# #鹤鸣茶社[话题]#",,1770734846000,1770734847000,5cf61d010000000012031f32,oni_jiin,https://sns-avatar-qc.xhscdn.com/avatar/1040g2jo31gqrcs3s3a0g5n7m3k0km7pi1r1p7ig,432,108,48,108,,"http://sns-webpic-qc.xhscdn.com/202603270559/b007311f435ed309c748556af3c63db2/notes_pre_post/1040g3k031sdm654ble505n7m3k0km7piu598gu8!nd_dft_wlteh_jpg_3,http://sns-webpic-qc.xhscdn.com/202603270559/6f386284354bb6a438260b23ef9c193e/notes_pre_post/1040g3k031sdm654ble5g5n7m3k0km7pi1oq4u00!nd_dft_wlteh_jpg_3,http://sns-webpic-qc.xhscdn.com/202603270559/79c9b9f51ba4f844a491c4e25290ec33/notes_pre_post/1040g3k031sdm654ble605n7m3k0km7pillqap08!nd_dft_wlteh_jpg_3,http://sns-webpic-qc.xhscdn.com/202603270559/3dd5e2a255724f105c98eca0007f2790/notes_pre_post/1040g3k031sdm654ble6g5n7m3k0km7piqumo900!nd_dft_wlteh_jpg_3,http://sns-webpic-qc.xhscdn.com/202603270559/951b440fb9c83b342dafbf66466db949/notes_pre_post/1040g3k831sdmd6rh58705n7m3k0km7pii4ffkio!nd_dft_wlteh_jpg_3,http://sns-webpic-qc.xhscdn.com/202603270559/e92bc4dd7b8fb89068e51701e7a555ce/notes_pre_post/1040g3k831sdmd6rh587g5n7m3k0km7pivmo0358!nd_dft_wlteh_jpg_3,http://sns-webpic-qc.xhscdn.com/202603270559/128432be18fa99fcc2d330bad6660404/notes_pre_post/1040g3k831sdmd6rh58805n7m3k0km7pimqplpb8!nd_dft_wlteh_jpg_3,http://sns-webpic-qc.xhscdn.com/202603270559/b9e75737cfb5ab3085d66c5e3014fe32/notes_pre_post/1040g3k831sdmd6rh588g5n7m3k0km7pid2k3su8!nd_dft_wlteh_jpg_3,http://sns-webpic-qc.xhscdn.com/202603270559/ba9b069f7b19cf0584ce8bb82edb3ed8/note_pre_post_uhdr/1040g3r831sdm63ccl6805n7m3k0km7pioid1vao!nd_dft_wlteh_jpg_3,http://sns-webpic-qc.xhscdn.com/202603270559/1de7159bd06d70d0abbd3f245cebc041/note_pre_post_uhdr/1040g3r831sdm63ccl6905n7m3k0km7pism0i1tg!nd_dft_wlteh_jpg_3,http://sns-webpic-qc.xhscdn.com/202603270559/183931c0dc3cb5025b264beecbad1836/note_pre_post_uhdr/1040g3r831sdm63ccl68g5n7m3k0km7pi6s7tbco!nd_dft_wlteh_jpg_3,http://sns-webpic-qc.xhscdn.com/202603270559/94102508ef38cc3356dc3ee1d343b778/notes_pre_post/1040g3k831sdmd6rh58905n7m3k0km7pi2fm6760!nd_dft_wlteh_jpg_3,http://sns-webpic-qc.xhscdn.com/202603270559/3f8a474356a7af29de091620d3943206/notes_pre_post/1040g3k831sdmd6rh589g5n7m3k0km7piha5ega0!nd_dft_wlteh_jpg_3","冬天的幸福是煮茶给的,成都,我的日常,来喝茶了,发点生活边角料,人民公园拍照,鹤鸣茶社",1774562536350,https://www.xiaohongshu.com/explore/698b44fe000000000a031839?xsec_token=AB56DSRl70nswWxk8xJjZO6o2YSpjM4nrPnqF0hKXlNGw=&xsec_source=pc_search,成都人民公园打卡,AB56DSRl70nswWxk8xJjZO6o2YSpjM4nrPnqF0hKXlNGw=
66f4e151000000002c01547f,normal,来成都，你要去逛📸人民公园,"来成都一定不能错过的打卡地‼️
🔵人民公园
体验成都休闲生活的不二选择✔️
	
🅿️交通：直接导航人民公园，
公交🚍地铁🚇都很方便，直达
	
🌈费用：免费，无门票🎫
	
划船🚣‍♂️/喂鱼：不推荐，体验一般，拍照📸就在旁边桥上拍也很漂亮。如果有小朋友可以体验一下。
推荐打卡地：
1️⃣辛亥秋保路死事纪念碑
2️⃣盆景园：墙上的窗户很好看，框景
3️⃣少城苑：有个红色木船，很有古风感觉！
4️⃣人工湖：桥上很美哟
5️⃣鹤鸣茶社：感受成都坝坝茶氛围
‼️喝茶（推荐），推荐在少城苑！茶馆，位置宽松环境也很好，还有个红色船小景🔴可以拍照📸。
鹤鸣茶社很火拍照📸好看，但是感觉太拥挤太吵了。
	
‼️tips：
公园里到处都是出入口，第一次去的朋友可以拍📸张导览图存📱。
	
👉公园里有小吃：
1️⃣有名的钟水饺，挨着鹤鸣茶社的
2️⃣进门右手边有个小吃集市
	
👉成都特产：
少城有礼（进门右手边广场处）
	
❤️❤️可以自己带点水果小吃，在公园里找个凳子坐一下，很安静舒服哟[害羞R][害羞R]
公园20分钟效应真的有用！！
#成都[话题]# #成都旅游[话题]# #成都小众拍照打卡地[话题]# #人民公园[话题]# #成都拍照[话题]# #成都旅游攻略[话题]# #成都周末去哪儿[话题]# #成都旅游打卡[话题]# #日常拍照[话题]#",,1727324497000,1769171967000,638988cc0000000023026756,我是木子,https://sns-avatar-qc.xhscdn.com/avatar/1040g2jo31nkcvhg6mm605os9h368spqmugon9ug,373,197,12,220,,"http://sns-webpic-qc.xhscdn.com/202603270559/efd7a292c5024637696bdc84a34f1570/1040g0083186qnmdkk66g5os9h368spqmn1boklg!nd_dft_wlteh_jpg_3,http://sns-webpic-qc.xhscdn.com/202603270559/988cd752b552b0e9a79e6510cb783d15/1040g0083186qnmdkk6105os9h368spqmfhjpiqo!nd_dft_wlteh_jpg_3,http://sns-webpic-qc.xhscdn.com/202603270559/813a854f8aeb94e8d0b8810fb61e1468/1040g0083186qnmdkk64g5os9h368spqma8dk3to!nd_dft_wlteh_jpg_3,http://sns-webpic-qc.xhscdn.com/202603270559/cffebab37a117597a31f59f887553f94/1040g0083186qnmdkk6405os9h368spqmi3r0es0!nd_dft_wlteh_jpg_3,http://sns-webpic-qc.xhscdn.com/202603270559/b6367852f9f45a33d95adb268e8c6c28/1040g0083186qnmdkk6505os9h368spqm24hq618!nd_dft_wlteh_jpg_3,http://sns-webpic-qc.xhscdn.com/202603270559/4910faaa5448b143bf4f292718d1d33e/1040g0083186qnmdkk6205os9h368spqm3ov3jto!nd_dft_wlteh_jpg_3,http://sns-webpic-qc.xhscdn.com/202603270559/d25a232b9b47e647c1230a2be1aba541/1040g0083186qnmdkk61g5os9h368spqm7utv7eg!nd_dft_wlteh_jpg_3,http://sns-webpic-qc.xhscdn.com/202603270559/b3521dacbcc7a03f680e668592ce0978/1040g0083186qnmdkk6305os9h368spqmlm5qnf0!nd_dft_wlteh_jpg_3,http://sns-webpic-qc.xhscdn.com/202603270559/e34d26aee4a0532417dbab046cb726b2/1040g0083186qnmdkk60g5os9h368spqmqpfhpp8!nd_dft_wlteh_jpg_3,http://sns-webpic-qc.xhscdn.com/202603270559/0554f6b1d17f04e9e06c36541df18e5e/1040g2sg3186qnug2k4dg5os9h368spqm5r7acg8!nd_dft_wlteh_jpg_3,http://sns-webpic-qc.xhscdn.com/202603270559/e787c756ed47d526102fb123199efd3a/1040g0083186qnmdkk6005os9h368spqmjqujdlo!nd_dft_wlteh_jpg_3,http://sns-webpic-qc.xhscdn.com/202603270559/9548a255cf44ac18abf0336d4d8ac32d/1040g2sg3186qnug2k4b05os9h368spqmbund5gg!nd_dft_wlteh_jpg_3,http://sns-webpic-qc.xhscdn.com/202603270559/19056c8b5c59c3d68cf4aa98c4f99900/1040g0083186qnmdkk6605os9h368spqmsalgtoo!nd_dft_wlteh_jpg_3,http://sns-webpic-qc.xhscdn.com/202603270559/0d1c74541693740be06e7979245063bd/1040g0083186qnmdkk63g5os9h368spqm4v7o7e0!nd_dft_wlteh_jpg_3,http://sns-webpic-qc.xhscdn.com/202603270559/b7a93058230f0b2ab0e7860414908554/1040g2sg3186qnug2k4ag5os9h368spqm7j46rv8!nd_dft_wlteh_jpg_3,http://sns-webpic-qc.xhscdn.com/202603270559/f3f466e20f33d28cc6605ff4c8c4a17c/1040g2sg3186qnug2k4bg5os9h368spqmgkieano!nd_dft_wlteh_jpg_3,http://sns-webpic-qc.xhscdn.com/202603270559/c8ac86788291c81f5ee246403defbab9/1040g0083186qnmdkk62g5os9h368spqm80964ao!nd_dft_wlteh_jpg_3","成都,成都旅游,成都小众拍照打卡地,人民公园,成都拍照,成都旅游攻略,成都周末去哪儿,成都旅游打卡,日常拍照",1774562536351,https://www.xiaohongshu.com/explore/66f4e151000000002c01547f?xsec_token=ABFT09sBfsZVjJvNQHIahrw-g0UxiSFU2ujGiPO1HrFgk=&xsec_source=pc_search,成都人民公园打卡,ABFT09sBfsZVjJvNQHIahrw-g0UxiSFU2ujGiPO1HrFgk=
660aa5f8000000001b0124fd,normal,读懂了“绿茶”🍵就读懂了成都的安逸。,"成都这几天艳阳高照，天气好得不行，成都人堪称向日葵🌻当然要出来晒一晒🔥
坝坝茶馆都是交完钱，自己领上茶叶、盖碗和开水，找个位置坐下，互不打扰。顶多开水没了，招呼茶博士帮你换一壶水即可，可以自带瓜子水果，现场也有零食铺可以买，价格略贵一些💰
珍藏！☀成都市区10家必打卡坝坝茶！！
太阳出来，成都的打开方式必须是“坝坝茶”，一群人二十块钱坐一下午，一壶茶，一包瓜子，一副牌，安逸惨咯！
1⃣📍人民公园 - 鹤鸣茶社[点赞R][点赞R][点赞R]
-交通：地铁2号线人民公园站B口步行370m
-时间：8.00-22.00
-价格：30-50/人
号称成都最大茶馆，保留百年前风貌。茶壶，竹桌椅一起氛围感max
2⃣📍东门市井 - 菱窠茶社[点赞R][点赞R]
-交通：地铁7号线狮子山站A1口步行450m
-时间：9.00-18.00
-价格：20-30/人
翻新的老成都市井街区。本地人爱去💖
3⃣📍铁像寺 - 陈锦茶铺
-交通：地铁5号线锦城湖站C口步行800m
-时间：10.00-22.00
-价格：30-50/人
综艺拍摄地！摄影师开的茶铺，还原老成都茶馆原貌，戏台作为背景很出片[看R]！
4⃣📍双流彭镇 - 观音阁茶馆
-交通：建yi打车前往。市区前往30-40分钟。马市坝街62号
-时间：12.00-18.00
-价格：10-20/人
这几年火起来的网红摄影圣地，虽然。。但很多茶社还是保留了原来的样子，小镇很有烟火气。小镇茶社多，可根据环境选择
5⃣📍太古里 - 大慈茶社💰💰💰
-交通：地铁2号线春熙路站步行150m
-时间：8.00-21.00
-价格：30-50/人
就在市中心，寺庙里的茶社。
6⃣📍浣花溪 - 川西茶廊
-交通：地铁5号线/）省骨科医院A口1.7km
-时间：8.30-18.00
-价格：10-30/人
杜甫草堂旁，浣花溪内，清水河畔。生态和人文绝佳结合。
7⃣📍天府公园 - 惬意天府茶铺
-交通：地铁1号线天府公园站步行980m
-时间：9.00-21.00
-价格：30-50/人
秦皇湖畔，一线湖景。新晋年轻人最爱。
8⃣📍西村大院
-交通：地铁7号线文化宫站E口步行700m
-时间：10.00-22.00
-价格：20-50/人
竹林，现代，古朴风格都有。建筑大师出品，本地居民多，很多人在这里跑步踢球运动，生活气息很浓
9⃣📍望江楼公园
-交通：近四川大学东门
-时间：9.00-18.00
-价格：10-30/人
位于老牌公园内，竹林下的茶社，氛围好。",,1711973880000,1711973968000,64846a2d000000001f004440,旅途愉快小全,https://sns-avatar-qc.xhscdn.com/avatar/1040g2jo318frndisk66g5p44d8mnoh20ujcbp78,351,207,9,54,,"http://sns-webpic-qc.xhscdn.com/202603270559/55cd4504175d385495ac136de0751019/1040g2sg3112302rhmi605p44d8mnoh20fh07bp0!nd_dft_wlteh_jpg_3,http://sns-webpic-qc.xhscdn.com/202603270559/910445db2a89fcc4666dcd9784f9e9cd/1040g2sg3112302rhmi6g5p44d8mnoh20iqc9lm0!nd_dft_wlteh_jpg_3,http://sns-webpic-qc.xhscdn.com/202603270559/8cc80d398203a4b7f08912642a5f11b3/1040g2sg3112302rhmi5g5p44d8mnoh20474j6ao!nd_dft_wlteh_jpg_3,http://sns-webpic-qc.xhscdn.com/202603270559/7b7bdec46ffc72a4229a12deb54b8c23/1040g2sg3112302rhmi505p44d8mnoh20pjq7q90!nd_dft_wlteh_jpg_3,http://sns-webpic-qc.xhscdn.com/202603270559/15eee0dd77a5710a4d68e0c319b833ca/1040g2sg3112302rhmi305p44d8mnoh20hj9pbj0!nd_dft_wlteh_jpg_3,http://sns-webpic-qc.xhscdn.com/202603270559/95bdfcf618c51f5bd30b3c3f51d3ec9f/1040g2sg3112302rhmi405p44d8mnoh2082it6o0!nd_dft_wlteh_jpg_3,http://sns-webpic-qc.xhscdn.com/202603270559/a3e5ade891d5a7d1ec96f2f484c68c49/1040g2sg3112302rhmi3g5p44d8mnoh20c13eodg!nd_dft_wlteh_jpg_3",,1774562536352,https://www.xiaohongshu.com/explore/660aa5f8000000001b0124fd?xsec_token=ABM_xU2v-pKYDZLtfYbA-cnC3ikYCcwHfyWhujArCMuiI=&xsec_source=pc_search,成都人民公园打卡,ABM_xU2v-pKYDZLtfYbA-cnC3ikYCcwHfyWhujArCMuiI=
69b68a610000000023021b4b,normal,研三｜周末去成都人民公园爬山₍˄·͈༝·͈˄*₎◞,"春天就是要多出去走走呀～[派对R]
周末不去实验室，去成都的人民公园[害羞R]
看看川剧变脸，喝茶🍵真的好安逸～
还看了一眼相亲角，好热闹[赞R]
	
运动一下锻炼身体！好喜欢去公园呼吸新鲜空气
lulu真的好好穿！
	
#春天就要逛公园[话题]# #户外徒步[话题]# #户外穿搭[话题]# #plog[话题]##爬山[话题]#  #ootdinspo[话题]# #研究生日常[话题]# #一个人爬山[话题]# #人民公园[话题]# #交换春天[话题]#",,1773570657000,1773570657000,5adb18a4e8ac2b465ba0f4a7,卷心茄子,https://sns-avatar-qc.xhscdn.com/avatar/1040g2jo31h3k3orq380g4a4n7vca9t57ng69df0,333,48,29,18,四川,"http://sns-webpic-qc.xhscdn.com/202603270600/47dcd87cfbe747aa5854a8f8548896e0/notes_pre_post/1040g3k031tnukb2qmq204a4n7vca9t57o5rt0m0!nd_dft_wlteh_jpg_3,http://sns-webpic-qc.xhscdn.com/202603270600/d970c215fc37d81611c83bdef1518f9b/notes_pre_post/1040g3k031tnukb2qmq0g4a4n7vca9t57i6e1o4g!nd_dft_wlteh_jpg_3,http://sns-webpic-qc.xhscdn.com/202603270600/f4a3ec5b42a459cd7414579d931c2f91/notes_pre_post/1040g3k031tnukb2qmq1g4a4n7vca9t57f7pn87g!nd_dft_wlteh_jpg_3,http://sns-webpic-qc.xhscdn.com/202603270600/ed8af6bc2fd7d081998aa141504c8e60/notes_pre_post/1040g3k031tnukb2qmq104a4n7vca9t57opu4qdg!nd_dft_wlteh_jpg_3,http://sns-webpic-qc.xhscdn.com/202603270600/ad52602b4815ac1a49e6d484125c1fb0/notes_pre_post/1040g3k031tnukb2qmq2g4a4n7vca9t570ud4k4o!nd_dft_wlteh_jpg_3,http://sns-webpic-qc.xhscdn.com/202603270600/66cfe606f316c885e76539bb0a037418/note_pre_post_uhdr/1040g3r031tnuk9cemq004a4n7vca9t574emq61g!nd_dft_wlteh_jpg_3,http://sns-webpic-qc.xhscdn.com/202603270600/6a927b9bdf1aca499c2dd053a35e5153/note_pre_post_uhdr/1040g3r031tnuh0lk6i604a4n7vca9t57dii5q7o!nd_dft_wlteh_jpg_3,http://sns-webpic-qc.xhscdn.com/202603270600/66ff564888b3e60705a8276b9eb482e1/note_pre_post_uhdr/1040g3r031tnuh0lk6i6g4a4n7vca9t573104ed0!nd_dft_wlteh_jpg_3,http://sns-webpic-qc.xhscdn.com/202603270600/48045f0874587651932ed848fb42a373/note_pre_post_uhdr/1040g3r031tnuk9cemq0g4a4n7vca9t57kjh01vg!nd_dft_wlteh_jpg_3,http://sns-webpic-qc.xhscdn.com/202603270600/cc27a47aef398dcab662a923ebf6a501/note_pre_post_uhdr/1040g3r031tnuk9cemq104a4n7vca9t5725ki18o!nd_dft_wlteh_jpg_3","春天就要逛公园,户外徒步,户外穿搭,plog,爬山,ootdinspo,研究生日常,一个人爬山,人民公园,交换春天",1774562536353,https://www.xiaohongshu.com/explore/69b68a610000000023021b4b?xsec_token=ABKf3bOzGZ2H0KPgDgFjMHgc5O_P0DHqoE4d9WaqoMBYI=&xsec_source=pc_search,成都人民公园打卡,ABKf3bOzGZ2H0KPgDgFjMHgc5O_P0DHqoE4d9WaqoMBYI=
6889cdee00000000220381be,normal,存一些成都鹤鸣茶社拍照姿势🍵,"来成都旅游一定要来人民公园喝喝茶🍵
我们点的88💰的套餐还加了两碗盖碗茶
	
下午两点去滴 等了一会河边才有位 （下午人好多 大家一定要小心 朋友没看到把热水壶撞倒了 把我脚烫伤的特别疼TT）
#甜妹[话题]# #来拍照了[话题]##成都[话题]# #鹤鸣茶社[话题]# #fyp[话题]# #flowfit[话题]# #翻红吧衣橱[话题]# #小红书RFL时尚轻单[话题]# #小红书兴趣季[话题]#",,1753866126000,1753945340000,5b0a35ff11be10574da9e321,好想喝奶茶啊,https://sns-avatar-qc.xhscdn.com/avatar/603913a1ce2b8edd99bbf429.jpg,297,126,9,79,,"http://sns-webpic-qc.xhscdn.com/202603270600/3f9e3eb60777c78e4cde15a6b99f6b50/notes_pre_post/1040g3k031ki8jnoqj00g4a5mguqvvop1b6kppe8!nd_dft_wlteh_jpg_3,http://sns-webpic-qc.xhscdn.com/202603270600/67d6e04bffde3406bac95ea96a1f66e8/notes_pre_post/1040g3k031ki8jnoqj0104a5mguqvvop1qbvlpb0!nd_dft_wlteh_jpg_3,http://sns-webpic-qc.xhscdn.com/202603270600/9d5f5dafd4c16cf70a66ce3fdce666f1/notes_pre_post/1040g3k031ki8jnoqj01g4a5mguqvvop12u3j82g!nd_dft_wlteh_jpg_3,http://sns-webpic-qc.xhscdn.com/202603270600/bc60f92776c72001ca53415fc4e07c00/notes_pre_post/1040g3k031ki8jnoqj0004a5mguqvvop1m7nv3io!nd_dft_wlteh_jpg_3,http://sns-webpic-qc.xhscdn.com/202603270600/17c06654a87f16a0144f09657ccf5e9b/notes_pre_post/1040g3k031ki8jnoqj0204a5mguqvvop1cccm9d8!nd_dft_wlteh_jpg_3,http://sns-webpic-qc.xhscdn.com/202603270600/5cc2e2d6a57dfa21da6ab96537517a74/notes_pre_post/1040g3k031ki8jnoqj02g4a5mguqvvop1vp1vff8!nd_dft_wlteh_jpg_3,http://sns-webpic-qc.xhscdn.com/202603270600/571930a2554c46bf268a27be5bf7017e/notes_pre_post/1040g3k031ki8jnoqj0304a5mguqvvop18m9n740!nd_dft_wlteh_jpg_3,http://sns-webpic-qc.xhscdn.com/202603270600/973c1836e69c64353c9ee39752d9236c/notes_pre_post/1040g3k031ki8jnoqj03g4a5mguqvvop1j5l7kog!nd_dft_wlteh_jpg_3,http://sns-webpic-qc.xhscdn.com/202603270600/e23b1ab66fc931b3ec120ba972ad4591/notes_pre_post/1040g3k031ki8jnoqj0404a5mguqvvop16b8jsbg!nd_dft_wlteh_jpg_3,http://sns-webpic-qc.xhscdn.com/202603270600/b34ad2cad5a587de71fc6b0a3073e244/notes_pre_post/1040g3k031ki8jnoqj04g4a5mguqvvop10uhjf8g!nd_dft_wlteh_jpg_3,http://sns-webpic-qc.xhscdn.com/202603270600/e4e7cab95d85b5feaddd9fd084a742de/notes_pre_post/1040g3k031ki8jnoqj0504a5mguqvvop18a8icjg!nd_dft_wlteh_jpg_3,http://sns-webpic-qc.xhscdn.com/202603270600/5f4ab57a4558d4654b2a1d2f04a93790/notes_pre_post/1040g3k031ki8jnoqj05g4a5mguqvvop1i9iv530!nd_dft_wlteh_jpg_3","甜妹,来拍照了,成都,鹤鸣茶社,fyp,flowfit,翻红吧衣橱,小红书RFL时尚轻单,小红书兴趣季",1774562536354,https://www.xiaohongshu.com/explore/6889cdee00000000220381be?xsec_token=ABw53U0NiP2_bXF80OmCVJLdVmqVVbdhGu2LsUx-jx6qg=&xsec_source=pc_search,成都人民公园打卡,ABw53U0NiP2_bXF80OmCVJLdVmqVVbdhGu2LsUx-jx6qg=
69094a3f0000000005013fa5,video,成都菊花展的天花板！,"谁说今年菊花展不好看？我咋觉得今年特别惊艳！
	
共有五题景观，分别在五个点位，别漏了！
	
#成都 #人民公园菊花展 #成都菊花天花板 #秋天赏菊 #菊花拍摄
	
交通：地铁2号线人民公园站b口出",,1762216511000,1762216511000,5f2f6291000000000100006a,成都印象,https://sns-avatar-qc.xhscdn.com/avatar/1040g2jo31ofkddh46gdg5npfca8g803afpene18,231,36,90,189,,http://sns-webpic-qc.xhscdn.com/202603270600/fced8ce0a2c04db612a6fa1b9041bcea/1040g2sg31oeof3dug6kg5npfca8g803abr3s82o!nd_dft_wlteh_jpg_3,,1774562536356,https://www.xiaohongshu.com/explore/69094a3f0000000005013fa5?xsec_token=ABBgFDwuwfTqHdtWwEv6BvOk-VGic-Taa_0wiHM0QERYQ=&xsec_source=pc_search,成都人民公园打卡,ABBgFDwuwfTqHdtWwEv6BvOk-VGic-Taa_0wiHM0QERYQ=
69b8d4550000000023014677,normal,成都茶馆｜感受慢生活～🍵🍃,"烟火入茶，岁月生香，在成都茶馆遇见慢生活🍃
#分享图片[话题]# #茶馆[话题]# #茶系慢生活[话题]# #成都鹤鸣茶楼[话题]# #成都网红茶馆推荐[话题]# #成都人民公园[话题]#",,1773720661000,1773746029000,5a0f892411be100149a935ab,WMIAO,https://sns-avatar-qc.xhscdn.com/avatar/1040g2jo313d45hnn7q0g49vm8h4i8ddbnj3mffg,231,58,5,8,黑龙江,"http://sns-webpic-qc.xhscdn.com/202603270600/be385f7956d5eafad6bf2063ff8d728f/notes_pre_post/1040g3k031tq5td2nn24g49vm8h4i8ddbhj6ii4o!nd_dft_wlteh_jpg_3,http://sns-webpic-qc.xhscdn.com/202603270600/6dea525b066dd9e0dd08b32806ba705d/notes_pre_post/1040g3k031tq5td2nn25049vm8h4i8ddb4if8e90!nd_dft_wlteh_jpg_3,http://sns-webpic-qc.xhscdn.com/202603270600/d794574682ec12def5eecebccaff72e7/note_pre_post_uhdr/1040g3r031tq5tcev7e1g49vm8h4i8ddbnfctggo!nd_dft_wlteh_jpg_3,http://sns-webpic-qc.xhscdn.com/202603270600/601fb3d5ab6ce53fe83da2074676eb61/notes_pre_post/1040g3k031tq5td2nn25g49vm8h4i8ddboekdm2o!nd_dft_wlteh_jpg_3,http://sns-webpic-qc.xhscdn.com/202603270600/371e3aa6715538283eaa1877c6ffe3ca/note_pre_post_uhdr/1040g3r031tq5tcev7e2049vm8h4i8ddbv3p5ggg!nd_dft_wlteh_jpg_3,http://sns-webpic-qc.xhscdn.com/202603270600/b8faa9e8a1671a0b0636e2eb09f985c8/notes_pre_post/1040g3k031tq5td2nn26049vm8h4i8ddbtue3ng0!nd_dft_wlteh_jpg_3,http://sns-webpic-qc.xhscdn.com/202603270600/bf6d9b6dd3148c430214d89aecb1cec2/note_pre_post_uhdr/1040g3r031tq5tcev7e2g49vm8h4i8ddb1l9v4n0!nd_dft_wlteh_jpg_3,http://sns-webpic-qc.xhscdn.com/202603270600/5f165628ec1515b3a735a3f7d536d849/notes_pre_post/1040g3k031tq5td2nn26g49vm8h4i8ddbnid6kqo!nd_dft_wlteh_jpg_3,http://sns-webpic-qc.xhscdn.com/202603270600/9af2087d5b4038a72b1c05e2580ebdc1/notes_pre_post/1040g3k031tq61u4u7e0049vm8h4i8ddbk8hbn7g!nd_dft_wlteh_jpg_3,http://sns-webpic-qc.xhscdn.com/202603270600/c534bd21599e02c05f7e7f87411f37d1/notes_pre_post/1040g3k031tq61u4u7e0g49vm8h4i8ddb0ovsc1o!nd_dft_wlteh_jpg_3,http://sns-webpic-qc.xhscdn.com/202603270600/784210827fd76c6ad088cc663457e63d/notes_pre_post/1040g3k031tq61u4u7e1g49vm8h4i8ddbhbsojko!nd_dft_wgth_jpg_3","分享图片,茶馆,茶系慢生活,成都鹤鸣茶楼,成都网红茶馆推荐,成都人民公园",1774562536356,https://www.xiaohongshu.com/explore/69b8d4550000000023014677?xsec_token=ABbNAo60oRbYNE0aFeUHdaxr_XLFjb3uRY9VvVkHwoivo=&xsec_source=pc_search,成都人民公园打卡,ABbNAo60oRbYNE0aFeUHdaxr_XLFjb3uRY9VvVkHwoivo=
68bec1c3000000001d00ef66,video,来人民公园茶社喝茶啦🍵,"好喜欢成都的城市氛围
都好有生活气息
节奏好慢
嗑一下午的瓜子
喝一下午的茶
好巴适
#氛围感拍照[话题]# #来拍照了[话题]# #茶馆[话题]# #喝茶[话题]# #成都拍照[话题]# #鹤鸣茶社[话题]# #茶社[话题]# #生活感拍照[话题]#",,1757331907000,1757333991000,58677fb450c4b40a9bffc5ef,葫芦小金刚,https://sns-avatar-qc.xhscdn.com/avatar/1040g2jo3117h8gif6e00490ivevr9hffvr2p8io,220,34,9,10,,http://sns-webpic-qc.xhscdn.com/202603270600/e3e70fd2effdac41fba4f4b46d0d2971/1040g00831m60bp9uku00490ivevr9hffrdeng2g!nd_dft_wlteh_jpg_3,"氛围感拍照,来拍照了,茶馆,喝茶,成都拍照,鹤鸣茶社,茶社,生活感拍照",1774562536358,https://www.xiaohongshu.com/explore/68bec1c3000000001d00ef66?xsec_token=ABnHkg3mlLQT9jIe1xTjKKqih1ogXwd_2W6Xs8uc-FtsM=&xsec_source=pc_search,成都人民公园打卡,ABnHkg3mlLQT9jIe1xTjKKqih1ogXwd_2W6Xs8uc-FtsM=
69bba9c90000000023020c25,video,太巴适了‼️当外国人体验一天成都慢生活～,都说成都有一种魔法，能让全世界最着急的人都慢下来……上次来四川，我去了川西看雪山，这次我要沉浸式体验一下成都人慢生活的一天。#chinatravel[话题]# #外国人在中国[话题]# #成都skp[话题]##成都人民公园[话题]# #带外国人体验中国文化[话题]# #vlog[话题]# #旅游编辑部[话题]# #沉浸式旅游[话题]# #成都旅游攻略[话题]#,,1773919502000,1773906377000,5c89dd1f0000000016038c8d,丹妞在中国,https://sns-avatar-qc.xhscdn.com/avatar/1040g2jo31fmm40bpnk0g5n49rkfln34d67it0bg,202,73,8,9,浙江,http://sns-webpic-qc.xhscdn.com/202603270601/0eced66be088a55c72eb149a2ac06b1c/1040g2sg31tsugpu0hae05n49rkfln34duk4f68g!nd_dft_wlteh_jpg_3,"chinatravel,外国人在中国,成都skp,成都人民公园,带外国人体验中国文化,vlog,旅游编辑部,沉浸式旅游,成都旅游攻略",1774562536358,https://www.xiaohongshu.com/explore/69bba9c90000000023020c25?xsec_token=ABIymcHfjsN8w_R-fPqKN0DB8BTuXBP8j2E_xcEjGht8w=&xsec_source=pc_search,成都人民公园打卡,ABIymcHfjsN8w_R-fPqKN0DB8BTuXBP8j2E_xcEjGht8w=
680dc99e000000001c03442b,normal,来成都怎么能不去人民公园,人民公园喝茶的位置非常出片，但是靠近河边的位置需要靠运气，我们下午两点去的人已经非常多了。随便点的套餐，喝点茶水也很惬意#在公园汲取能量[话题]# #成都打卡拍照[话题]# #为了拍照有多拼[话题]#,,1745734046000,1745734046000,5a826bba11be106183512964,不睡了,https://sns-avatar-qc.xhscdn.com/avatar/1040g2jo30t8uhhlo3q0g4a1e6olrkab4ks71fqo,194,48,9,97,,"http://sns-webpic-qc.xhscdn.com/202603270601/a8ffa79a3bafe1c80d0a7358ba556624/1040g2sg31gp535jh34e04a1e6olrkab41ilpa88!nd_dft_wlteh_jpg_3,http://sns-webpic-qc.xhscdn.com/202603270601/24c287429c8f8444dd9f3385065a5594/1040g2sg31gp535jh34eg4a1e6olrkab4vem31qo!nd_dft_wlteh_jpg_3,http://sns-webpic-qc.xhscdn.com/202603270601/0736d5118957f293d3652d55ce135b34/1040g2sg31gp535jh34f04a1e6olrkab4ag1r1n8!nd_dft_wlteh_jpg_3,http://sns-webpic-qc.xhscdn.com/202603270601/07a3aa7cf6c27c41ffcb3c915ad7ccbe/1040g2sg31gp535jh34fg4a1e6olrkab46t0nm40!nd_dft_wlteh_jpg_3,http://sns-webpic-qc.xhscdn.com/202603270601/de64aba34d1ce899ba8e486d56e940bf/1040g2sg31gp535jh34g04a1e6olrkab436udkog!nd_dft_wlteh_jpg_3,http://sns-webpic-qc.xhscdn.com/202603270601/f6950c91436990f665f66759aae329c6/1040g2sg31gp535jh34gg4a1e6olrkab4camcjjo!nd_dft_wlteh_jpg_3,http://sns-webpic-qc.xhscdn.com/202603270601/c9aff4a64ddfcdff13b5930bd0725c95/1040g2sg31gp535jh34h04a1e6olrkab4kmj9qc0!nd_dft_wlteh_jpg_3","在公园汲取能量,成都打卡拍照,为了拍照有多拼",1774562536359,https://www.xiaohongshu.com/explore/680dc99e000000001c03442b?xsec_token=ABP49VEnQMK8l69JIqIYVpW7Zb4IARRW1o2PVakpI8TYo=&xsec_source=pc_search,成都人民公园打卡,ABP49VEnQMK8l69JIqIYVpW7Zb4IARRW1o2PVakpI8TYo=
67361953000000001a01ebed,video,成都鹤鸣茶社好！,"成都人民公园～鹤鸣茶社好！[斜眼R][斜眼R]
来成都喝喝茶，体验成都慢生活！#成都旅游[话题]# #鹤鸣茶社[话题]# #成都喝茶[话题]# #成都旅游攻略[话题]# #成都周边游[话题]# #人民公园[话题]#",,1731598675000,1731598676000,5c827c4b0000000012016498,不做大哥好多年,https://sns-avatar-qc.xhscdn.com/avatar/1040g2jo31a06t23o72005n42fh5kip4o9uon5e0,190,110,7,176,,http://sns-webpic-qc.xhscdn.com/202603270601/fe002c75b9739f632846b17845072d37/1040g00831a6gd8tn7e005n42fh5kip4o7m66te8!nd_dft_wlteh_jpg_3,"成都旅游,鹤鸣茶社,成都喝茶,成都旅游攻略,成都周边游,人民公园",1774562536360,https://www.xiaohongshu.com/explore/67361953000000001a01ebed?xsec_token=AB7IKSxqK71gQdSIpdt1R0lEN_O8PCzs_BwJ00KvMLLs4=&xsec_source=pc_search,成都人民公园打卡,AB7IKSxqK71gQdSIpdt1R0lEN_O8PCzs_BwJ00KvMLLs4=
69b2b6010000000022038225,normal,成都我好想你🫶🏻,成都我好想你[可怜R][可怜R][萌萌哒R]#ootd[话题]# #06[话题]# #发色[话题]# #分享照片[话题]# #拍照姿势[话题]# #成都[话题]# #人民公园[话题]#,,1773319681000,1773365570000,5f35571f000000000101d3ac,什么欣,https://sns-avatar-qc.xhscdn.com/avatar/1040g2jo31n7s118e4q005nplasfgbktcdd9rc3o,189,22,6,6,北京,"http://sns-webpic-qc.xhscdn.com/202603270601/761eb58d321da3204bc5e99f28781183/1040g00831tk6up2qmo005nplasfgbktc0ivrc78!nd_dft_wlteh_jpg_3,http://sns-webpic-qc.xhscdn.com/202603270601/b6f29761af5cdf65d2cea185a3242ff3/1040g00831tk6up2qmo0g5nplasfgbktcj9skuc8!nd_dft_wlteh_jpg_3,http://sns-webpic-qc.xhscdn.com/202603270601/7559819d3a67a64aa1d34203c4f1c00e/notes_uhdr/1040g3qg31tk6t6iu6i005nplasfgbktcsol02q8!nd_dft_wlteh_jpg_3,http://sns-webpic-qc.xhscdn.com/202603270601/147ad57d76ec06ed1e80b505a3241780/1040g00831tk6up2qmo105nplasfgbktc80f9os0!nd_dft_wlteh_jpg_3,http://sns-webpic-qc.xhscdn.com/202603270601/4ff6c1db4ab590b8ffcc84a3884f543c/notes_uhdr/1040g3qg31tk6t6iu6i0g5nplasfgbktcfquk2hg!nd_dft_wlteh_jpg_3,http://sns-webpic-qc.xhscdn.com/202603270601/3132b88d93704f38b6291157feb89389/notes_uhdr/1040g3qg31tk6t6iu6i105nplasfgbktcg9iosi8!nd_dft_wlteh_jpg_3","ootd,06,发色,分享照片,拍照姿势,成都,人民公园",1774562536360,https://www.xiaohongshu.com/explore/69b2b6010000000022038225?xsec_token=ABJ85pZWLhaEJCGmyCMa-_B2JntqVk-oVY-Y4D7LbpSzY=&xsec_source=pc_search,成都人民公园打卡,ABJ85pZWLhaEJCGmyCMa-_B2JntqVk-oVY-Y4D7LbpSzY=
6659fba90000000016010d38,normal,⛲️永远可以相信成都的公园！！！,"巨美的人民公园！！太舒服了！
#周末好去处[话题]# #成都拍照[话题]# #成都小众拍照打卡地[话题]# #成都旅游攻略[话题]# #随手拍[话题]# #我拍到的治愈画面[话题]# #成都公园[话题]# #公园拍照[话题]#",,1717173161000,1717215337000,5dc2b195000000000100449e,钙钙不是盖盖,https://sns-avatar-qc.xhscdn.com/avatar/62d3a0f04cf350db0cce4fe7.jpg,178,90,16,100,,"http://sns-webpic-qc.xhscdn.com/202603270601/9c106143fbae2df376948ab8d1f425e4/1040g008313fhatmp12405ne2m6ag8h4u70j9t20!nd_dft_wlteh_jpg_3,http://sns-webpic-qc.xhscdn.com/202603270601/82128afde4c4c6d60196bd93920fc1fb/1040g2sg313g6adjhg86g5ne2m6ag8h4ustfiso0!nd_dft_wlteh_jpg_3,http://sns-webpic-qc.xhscdn.com/202603270601/fcbe3b1e4fe1e20d9423de55ad97526b/1040g008313fhatmp123g5ne2m6ag8h4ut55ll6o!nd_dft_wlteh_jpg_3,http://sns-webpic-qc.xhscdn.com/202603270601/f8a0822cd1f6e2f67241ced55d043987/1040g008313fhatmp125g5ne2m6ag8h4uacac9eo!nd_dft_wlteh_jpg_3,http://sns-webpic-qc.xhscdn.com/202603270601/56d8a16d3106358d117a827503f7e835/1040g008313fhatmp12605ne2m6ag8h4uui1r1u0!nd_dft_wlteh_jpg_3,http://sns-webpic-qc.xhscdn.com/202603270601/d68e2575ce45bdd5016b1e87eacf86e1/1040g008313fhatmp124g5ne2m6ag8h4u2k6onv0!nd_dft_wlteh_jpg_3,http://sns-webpic-qc.xhscdn.com/202603270601/d8f3b8b7a9e466604f6bf3306865171a/1040g008313fhatmp12505ne2m6ag8h4u8n6peb0!nd_dft_wlteh_jpg_3,http://sns-webpic-qc.xhscdn.com/202603270601/df0ae07aa89f173855173db1596715e6/1040g2sg313fi6ntmi0705ne2m6ag8h4upj9j0e8!nd_dft_wlteh_jpg_3","周末好去处,成都拍照,成都小众拍照打卡地,成都旅游攻略,随手拍,我拍到的治愈画面,成都公园,公园拍照",1774562536361,https://www.xiaohongshu.com/explore/6659fba90000000016010d38?xsec_token=ABVa9xvAFj0XLsuc_tNPoCCqxDRGj-gjpWbVFOb0Dh9jA=&xsec_source=pc_search,成都人民公园打卡,ABVa9xvAFj0XLsuc_tNPoCCqxDRGj-gjpWbVFOb0Dh9jA=
687e47dd0000000015022756,video,下雨天的人民公园，是现实版的言叶之庭,"走进这座藏在市中心的静谧角落，
细雨洒在石桥上，
凉亭静立在绿意中，
窗景里晕开的竹叶与山石。
水面泛着涟漪，锦鲤缓缓游过，
它们也沉醉在这场雨里。
假山的青苔被洗得更翠，
空气里都飘着中式园林的古韵。
没想到在喧嚣城市中，
还有这样一片能“听雨”的地方，
不需要远行，就能遇见一场东方诗意的雨。
	
【设备】
📷相机：SONY A7S3
📷镜头：TAMRON 28-300
📷镜头：SONY 20-70
	
#整点儿摄影节奏[话题]#  #人民公园[话题]# #成都旅游[话题]#  #中式美学[话题]#  #雨天是最好的滤镜[话题]#  #小风光也有自己的旋律[话题]#  #周末去哪儿[话题]# #小众旅行地[话题]# #我拍到的治愈画面[话题]# #小红书影像激励计划[话题]# @薯队长   @视频薯  @摄影薯   @生活薯  @户外薯@户外薯@小红书视频号",,1753142502000,1753269568000,584f50f2a9b2ed6a88f65ce7,麦小兜,https://sns-avatar-qc.xhscdn.com/avatar/5ce568193e33d80001085bce.jpg,174,35,71,34,,http://sns-webpic-qc.xhscdn.com/202603270602/01dbd70a2dee0713bfa8fd76b9022183/1040g00831k9e8ri2j07048v4d68f4n77ddqpi40!nd_dft_wlteh_jpg_3,"整点儿摄影节奏,人民公园,成都旅游,中式美学,雨天是最好的滤镜,小风光也有自己的旋律,周末去哪儿,小众旅行地,我拍到的治愈画面,小红书影像激励计划",1774562536361,https://www.xiaohongshu.com/explore/687e47dd0000000015022756?xsec_token=ABmSyIF0YT55wSODp6mjzqXMKVOBRTyfMlW11s-HKgtPg=&xsec_source=pc_search,成都人民公园打卡,ABmSyIF0YT55wSODp6mjzqXMKVOBRTyfMlW11s-HKgtPg=
683edee7000000001200219f,video,快40岁才第一次来成都，原来成都园林这么美,"端午假期带娃来成都旅行看大熊猫🐼，才知道成都有这么美的园林博物馆，随手拍下了小桥流水，翠竹红墙，精致的盆景，盛开的三角梅，和水边烟火气的茶社，寻一处幽静，品一品不同于江南的园林美景🍵
.
地点：
杜甫草堂
浣花溪公园
人民公园
鹤鸣茶社
文殊院
大慈寺
.
.
.
@生活薯 @VLOG薯 @发发薯 @薯队长 @薯条小助手
#我的博物馆不白逛[话题]# #成都[话题]# #成都旅游[话题]# #成都公园[话题]# #端午[话题]# #端午出游[话题]# #端午假期[话题]# #杜甫草堂[话题]# #人民公园[话题]# #文殊院[话题]# #浣花溪公园[话题]# #大慈寺[话题]# #鹤鸣茶社[话题]# #园林[话题]# #成都旅行[话题]# #成都拍照[话题]# #成都周末遛娃[话题]# #成都亲子游[话题]# #infj的世界[话题]# #拍出氛围感[话题]# #治愈系风景[话题]# #治愈系旅行[话题]#
#我的博物馆不白逛[话题]#",,1748950759000,1748950760000,5a027b7a4eacab345d40881d,KK的小生活,https://sns-avatar-qc.xhscdn.com/avatar/5f1d05c63986f70001b095be.jpg,175,66,17,31,,http://sns-webpic-qc.xhscdn.com/202603270607/d5da22df3dcb40126390a993c6304870/1040g2sg31i90hcp3n0f049v9ahtnl20tdku2feg!nd_dft_wlteh_jpg_3,"我的博物馆不白逛,成都,成都旅游,成都公园,端午,端午出游,端午假期,杜甫草堂,人民公园,文殊院,浣花溪公园,大慈寺,鹤鸣茶社,园林,成都旅行,成都拍照,成都周末遛娃,成都亲子游,infj的世界,拍出氛围感,治愈系风景,治愈系旅行",1774563107515,https://www.xiaohongshu.com/explore/683edee7000000001200219f?xsec_token=ABW95h7mLath4Xzl6Vca89A-25HE7R2pE9Kyx_6l5pDME=&xsec_source=pc_search,成都人民公园打卡,ABW95h7mLath4Xzl6Vca89A-25HE7R2pE9Kyx_6l5pDME=
67e55415000000001201ccbd,video,很安逸 很出片😍 原来这里不只有相qin角‼️,#浪漫生活的记录者[话题]# #笔记灵感[话题]# #马来西亚博主[话题]# #成都[话题]# #成都旅游[话题]# #成都人民公园[话题]# #人民公园[话题]# #成都vlog[话题]#,,1743082517000,1743084944000,5b89f85df7e8b90e400fcb0d,真Kai心,https://sns-avatar-qc.xhscdn.com/avatar/6499e39a683e5665b086474f.jpg,168,42,19,38,,http://sns-webpic-qc.xhscdn.com/202603270607/6832b8f3cee7aa160ede490173a663e0/1040g00831fhlt8b9nq004anf0vs5riodp0d7ago!nd_dft_wlteh_jpg_3,"浪漫生活的记录者,笔记灵感,马来西亚博主,成都,成都旅游,成都人民公园,人民公园,成都vlog",1774563107525,https://www.xiaohongshu.com/explore/67e55415000000001201ccbd?xsec_token=ABD8RoyRa9smNg5RIpsGpb9OXqytAo2ntTmhUNMVNiIBo=&xsec_source=pc_search,成都人民公园打卡,ABD8RoyRa9smNg5RIpsGpb9OXqytAo2ntTmhUNMVNiIBo=
6482e1200000000013010608,video,成都人民公园,来成都人民公园相亲角转了一圈，这些征婚条件，看看你符合吗？#成都人民公园[话题]# #成都人民公园相亲角[话题]#,,1686298913000,1686298913000,592a46556a6a6937d707634a,大霖Darling,https://sns-avatar-qc.xhscdn.com/avatar/5affd7a8b46c5d14fac8059c.jpg,166,29,10,13,,http://sns-webpic-qc.xhscdn.com/202603270607/443e1b645b2ccb8b7e435aff31c897b1/1000g0082ke0qqv2j200049hk1s35aoqamegpmn0!nd_dft_wlteh_jpg_3,"成都人民公园,成都人民公园相亲角",1774563107526,https://www.xiaohongshu.com/explore/6482e1200000000013010608?xsec_token=ABuV0YvzaCQaUUWEkKlxBlhaH8vZIGv2DU5SXZd7K-v4o=&xsec_source=pc_search,成都人民公园打卡,ABuV0YvzaCQaUUWEkKlxBlhaH8vZIGv2DU5SXZd7K-v4o=
69a05cbf000000002602fede,normal,在人民公园喝茶🍃｜才是成都本命松弛感,"终于回川过春天啦！
一落地就直奔人民公园，
晴天+盖碗茶，这才是成都该有的样子🍵
	
竹椅一躺，花茶一泡，
老虎灶冒着热气，耳边全是地道川音，
老成都的安逸，来得这么直接又舒服。
	
本以为工作日人会少，
结果鹤鸣茶社依旧座无虚席，
果然成都人的快乐，从来不分工作日周末🔥
一杯茶，一下午，
不用赶行程，不用赶时间，
这才是回川过春天最正确的打开方式。
	
✨ 实用小tips
• 茶艺、变脸、吐火、折子戏一场40min，茶位费就是门票
• 想看好戏记得早点去占前排
• 随处可见的采耳师傅，一定要体验一次
• 可以自带零食、扑克，摆烂到傍晚
• 旁边就是宽窄巷子、天府广场，顺路逛超方便
• 公园还能划船、看花，顺便逛逛热闹的相亲角
	
📍鹤鸣茶社·老虎灶
🚇地铁2号线人民公园站直达
⏰8:00-22:00
回川过春天，
就从人民公园这碗盖碗茶开始吧🌿
#成都旅游[话题]# #回川过春天[话题]# #人民公园[话题]# #鹤鸣茶社[话题]# #成都早茶[话题]# #老成都松弛感[话题]# #成都吃喝玩乐[话题]#",,1772117183000,1772117184000,56d2da3d4775a753f26a61ab,小婷🦄,https://sns-avatar-qc.xhscdn.com/avatar/1040g2jo30qikbmdlga00466fqhd3qodbt4n02q0,165,89,10,146,四川,"http://sns-webpic-qc.xhscdn.com/202603270608/f7e84a71e4df8305ce0c70967a252e9b/1040g00831t29ecui5a00466fqhd3qodbo2ub7q8!nd_dft_wlteh_jpg_3,http://sns-webpic-qc.xhscdn.com/202603270608/5aa4a2aad13672ddd02bf8ecb415f11e/1040g00831t29ecui5a0g466fqhd3qodbgn93s10!nd_dft_wlteh_jpg_3,http://sns-webpic-qc.xhscdn.com/202603270608/23a1477712ca541a8e623a9c63127231/notes_uhdr/1040g3qg31t29hnqd5e00466fqhd3qodb08mur6o!nd_dft_wlteh_jpg_3,http://sns-webpic-qc.xhscdn.com/202603270608/29c799a9e0753176726ceb3028f0b11f/1040g00831t29ecui5a10466fqhd3qodbgmu89fg!nd_dft_wlteh_jpg_3,http://sns-webpic-qc.xhscdn.com/202603270608/e0c4292e4969c916bc9aecf345251f53/notes_uhdr/1040g3qg31t29hnqd5e0g466fqhd3qodbtjb9g5g!nd_dft_wlteh_jpg_3,http://sns-webpic-qc.xhscdn.com/202603270608/2feb2db681cd630f75f7ef1ec6bf98aa/1040g00831t29ecui5a1g466fqhd3qodbe1e9q8g!nd_dft_wlteh_jpg_3,http://sns-webpic-qc.xhscdn.com/202603270608/057da7d999136d119e54cb32633f57da/notes_uhdr/1040g3qg31t29hnqd5e10466fqhd3qodbv8e17k0!nd_dft_wlteh_jpg_3,http://sns-webpic-qc.xhscdn.com/202603270608/257a327f9ed6f8af32e2db00aee389cf/notes_uhdr/1040g3qg31t29hnqd5e20466fqhd3qodbhb1meog!nd_dft_wlteh_jpg_3,http://sns-webpic-qc.xhscdn.com/202603270608/065be4be1d4601caf4fff2c36f33f8ce/notes_uhdr/1040g3qg31t29hnqd5e1g466fqhd3qodbbgnmmcg!nd_dft_wlteh_jpg_3,http://sns-webpic-qc.xhscdn.com/202603270608/aa0d448277eeb40b80d509b318d618ac/1040g00831t29ecui5a20466fqhd3qodbfu38i6g!nd_dft_wlteh_jpg_3,http://sns-webpic-qc.xhscdn.com/202603270608/74432bd30fe87d00be95d585c45419f2/notes_uhdr/1040g3qg31t29hnqd5e2g466fqhd3qodbmql4gj8!nd_dft_wlteh_jpg_3,http://sns-webpic-qc.xhscdn.com/202603270608/b196da04f10bd0fbe9db5a1b0cff1e9a/notes_uhdr/1040g3qg31t29hnqd5e30466fqhd3qodbarsjovo!nd_dft_wlteh_jpg_3","成都旅游,回川过春天,人民公园,鹤鸣茶社,成都早茶,老成都松弛感,成都吃喝玩乐",1774563107527,https://www.xiaohongshu.com/explore/69a05cbf000000002602fede?xsec_token=ABYjDdN08vj47PxIKNIsfETYRUbDCPu5h0I9nCaRM7jL0=&xsec_source=pc_search,成都人民公园打卡,ABYjDdN08vj47PxIKNIsfETYRUbDCPu5h0I9nCaRM7jL0=
69017da50000000007003d5b,video,烟雨濛濛跑步打卡成都人民公园,细雨蒙蒙慢跑去感受成都的烟火气息，享受慢生活的美好时光！#2025成都马拉松[话题]##王后卫旗舰店[话题]#  #记录美好生活每一天[话题]# #运动无处不在[话题]# #100天运动打卡挑战[话题]# #运动万粉助力计划[话题]##户外48小时[话题]# #小[话题]# 红书外人节#跑步装备作者扶持计划[话题]##十一户外漫游[话题]#[话题],,1761705381000,1761782873000,5f9435360000000001002244,喜悦 （互关互赞）,https://sns-avatar-qc.xhscdn.com/avatar/659996138d136ccf221ad141.jpg,158,5,24,10,,http://sns-webpic-qc.xhscdn.com/202603270608/15a6b036f641477c7b3d97294e10462f/1040g00831o74oe914s005nsk6kr088i4i0p186o!nd_dft_wlteh_jpg_3,"2025成都马拉松,王后卫旗舰店,记录美好生活每一天,运动无处不在,100天运动打卡挑战,运动万粉助力计划,户外48小时,小,跑步装备作者扶持计划,十一户外漫游",1774563107528,https://www.xiaohongshu.com/explore/69017da50000000007003d5b?xsec_token=ABWGFjUdWgbSUELLDEpOQv6q4BDt_nIBK83ehE4VZV4Kc=&xsec_source=pc_search,成都人民公园打卡,ABWGFjUdWgbSUELLDEpOQv6q4BDt_nIBK83ehE4VZV4Kc=
687a5a3f0000000010010b0c,video,📍成都人民公园喝茶🍵采耳🙉吹风🍃嗑瓜子,#茶馆喝茶看戏[话题]# #盖碗茶[话题]# #喝茶聊天慢生活[话题]# #得闲饮茶去[话题]# #公园城市幸福成都[话题]# #茶文化体验[话题]# #成都[话题]# #成都打卡[话题]# #年轻人的茶馆[话题]# #出门吃茶去[话题]#,,1752848959000,1752848960000,5bddd2c01ec31f00011a1789,linyyy,https://sns-avatar-qc.xhscdn.com/avatar/1040g2jo31u3stepbho0g4bnkdc9c05s93mlmtbo,152,64,14,124,,http://sns-webpic-qc.xhscdn.com/202603270608/e7a4229517550ea48f000b32ef2570a3/1040g2sg31k3594l5ia004bnkdc9c05s9mt1ef3g!nd_dft_wlteh_jpg_3,"茶馆喝茶看戏,盖碗茶,喝茶聊天慢生活,得闲饮茶去,公园城市幸福成都,茶文化体验,成都,成都打卡,年轻人的茶馆,出门吃茶去",1774563107529,https://www.xiaohongshu.com/explore/687a5a3f0000000010010b0c?xsec_token=ABBTqjRgXrUn7V2yO7B-uQ73dI4RC4HeyrZZoBKr7JgPc=&xsec_source=pc_search,成都人民公园打卡,ABBTqjRgXrUn7V2yO7B-uQ73dI4RC4HeyrZZoBKr7JgPc=
699ee7db000000000e00c68d,normal,成都春天美到封神 市区7处玉兰花观赏地盘点,"春来无事 只为花忙
春天的成都 就是一座巨大的免费花园❗️
-
1️⃣金华寺（最近正值盛花期）：地铁3号线金华寺东站B口再骑行or打车，古寺配玉兰禅意十足还可以吃斋饭
2️⃣青羊宫：地铁5号线青羊宫站D口直达，目前八卦亭前的两株玉兰开了一株，后面二仙殿前的玉兰也开了，其他的都正在含苞。可以吃斋饭、喝茶
3️⃣铁像寺水街：地铁5号线锦城湖站C口步行10分钟，水街这株白玉兰正值盛花期开得特别好每朵花都很大。赏完了旁边铁像寺里的美人梅开得正好也可以一并欣赏
4️⃣南郊公园：地铁3号线高升桥站C口步行810米，玉兰花配红墙尽展古风之美
5️⃣武侯祠：跟南郊公园一墙之隔目前开了不少，估计下周进入盛花期
6️⃣人民公园：地铁2号线人民公园站，就在划船的湖边从湖对岸拍过去特别有氛围感。少城苑门口和里面也有，逛累了坐下来喝茶巴适得很
7️⃣塔子山公园：地铁2号线塔子山公园站D口出来步行6分钟，玉兰花搭配古塔真的太有感觉啦
-
#旅游编辑部[话题]##成都周末去哪儿[话题]##成都小众拍照打卡地[话题]##旅游万粉扶持计划[话题]##玉兰花[话题]##成都拍照[话题]##成都拍花[话题]##成都玉兰花[话题]##小众赏花地[话题]##手机里的第一张春天[话题]##成都旅游[话题]##春季赏花好去处[话题]##春景里的中式浪漫[话题]##公园20分钟效应[话题]##寺庙旅行[话题]##周末去哪儿[话题]#",,1772021723000,1772021723000,562c5eda0bf90c7388298dcf,吱吱吱吱小号纸,https://sns-avatar-qc.xhscdn.com/avatar/62c2fdc677dac3aeb7072931.jpg,148,71,48,33,四川,"http://sns-webpic-qc.xhscdn.com/202603270608/f2c27f6b8c956d170775d81977c13402/notes_pre_post/1040g3k831t0s1a36lspg41qdnrfdl3efcuvfpao!nd_dft_wlteh_jpg_3,http://sns-webpic-qc.xhscdn.com/202603270608/672880617dd871c69b26d76a203f5fbb/notes_pre_post/1040g3k831t0s1a36lsl041qdnrfdl3ef41b44vo!nd_dft_wlteh_jpg_3,http://sns-webpic-qc.xhscdn.com/202603270608/f50a314468d9ffcc018a9c593089e402/notes_pre_post/1040g3k831t0s1a36lslg41qdnrfdl3efk6t6sc8!nd_dft_wlteh_jpg_3,http://sns-webpic-qc.xhscdn.com/202603270608/51d431e2a40a1ec9cb84417df3ba54e4/notes_pre_post/1040g3k831t0s1a36lsm041qdnrfdl3ef78o0740!nd_dft_wlteh_jpg_3,http://sns-webpic-qc.xhscdn.com/202603270608/6fb29dfb32dae3e59f0ec37c6c6ceb1e/notes_pre_post/1040g3k831t0s1a36lsmg41qdnrfdl3efblc739g!nd_dft_wlteh_jpg_3,http://sns-webpic-qc.xhscdn.com/202603270608/a420c4ed2929eb91ef10cf1e2c9ad5d1/notes_pre_post/1040g3k831t0s1a36lsn041qdnrfdl3ef31otn4o!nd_dft_wlteh_jpg_3,http://sns-webpic-qc.xhscdn.com/202603270608/d7215980b42b769822e35417ef3333fe/notes_pre_post/1040g3k831t0s1a36lsp041qdnrfdl3efpf282ng!nd_dft_wlteh_jpg_3,http://sns-webpic-qc.xhscdn.com/202603270608/d4214b188487bf51b7bb271ba046dd64/notes_pre_post/1040g3k831t0s1a36lsng41qdnrfdl3efgqrf270!nd_dft_wlteh_jpg_3,http://sns-webpic-qc.xhscdn.com/202603270608/b64f2efcd2fe998e613a4d090f35215d/notes_pre_post/1040g3k831t0s1a36lsqg41qdnrfdl3ef5qref8g!nd_dft_wlteh_jpg_3,http://sns-webpic-qc.xhscdn.com/202603270608/77cbf8cdb36d62ab9f73393be8012748/notes_pre_post/1040g3k831t0s1a36lso041qdnrfdl3efbj5qrhg!nd_dft_wlteh_jpg_3,http://sns-webpic-qc.xhscdn.com/202603270608/fa6ce264b6dccfc8656e1a65c9b95b69/notes_pre_post/1040g3k831t0s1a36lsog41qdnrfdl3efpuuaspo!nd_dft_wlteh_jpg_3,http://sns-webpic-qc.xhscdn.com/202603270608/7557f02adbf3c84ab0b4014c49b1d736/notes_pre_post/1040g3k831t0s1a36lsq041qdnrfdl3efh7tmgeo!nd_dft_wlteh_jpg_3","旅游编辑部,成都周末去哪儿,成都小众拍照打卡地,旅游万粉扶持计划,玉兰花,成都拍照,成都拍花,成都玉兰花,小众赏花地,手机里的第一张春天,成都旅游,春季赏花好去处,春景里的中式浪漫,公园20分钟效应,寺庙旅行,周末去哪儿",1774563107530,https://www.xiaohongshu.com/explore/699ee7db000000000e00c68d?xsec_token=ABnbngeCWO9elEtfukN2ljER_H1TLKw3MfcI847ADCO0U=&xsec_source=pc_search,成都人民公园打卡,ABnbngeCWO9elEtfukN2ljER_H1TLKw3MfcI847ADCO0U=
68e1eec2000000000301fbe2,video,人民公园丨成都人确实懂生活‼️松弛感拉满,"说到成都的市井气息
人民公园绝对是绕不开的地标。
这里不仅有远近闻名的相亲角
更藏着最地道的成都茶馆文化
——看表演、喝茶、打牌、划船……
跟着本成都人的节奏，来这儿慵懒半天！
	
🙋‍♀鹤鸣茶社
成都老字号茶馆，假期午后一座难求，建议上午11点前到，占座后顺便点一份隔壁的 钟水饺，美食美景两不误。
	
如果鹤鸣人满为患，不妨移步少城，同样悠闲舒适，点盏竹叶青，听耳边麻将声此起彼伏。
	
近期公园内举办主题市集，集结文创手作、地道小吃
逛吃之余还能顺路“围观”全成都最著名的 相亲角🥳
来成都，一定记得留半天给人民公园
感受老成都的松弛感~
#成都[话题]# #成都人民公园[话题]# #成都旅游[话题]# #成都松弛感[话题]# #成都人[话题]# #成都必逛[话题]# #人民公园[话题]# #人民公园相亲角[话题]# #鹤鸣茶社[话题]# #成都人的松弛感已经nextlevel了[话题]#",,1759637186000,1759637187000,55f141fc3397db503762add9,💃Kkei💃,https://sns-avatar-qc.xhscdn.com/avatar/1040g2jo31r0996on7o5g415due0vpbeph6tqag0,146,132,2,196,,http://sns-webpic-qc.xhscdn.com/202603270609/86be7578db84b879a007ecec8240d9b8/spectrum/1040g34o31n8adu9l4u10415due0vpbep4eetg18!nd_dft_wlteh_jpg_3,"成都,成都人民公园,成都旅游,成都松弛感,成都人,成都必逛,人民公园,人民公园相亲角,鹤鸣茶社,成都人的松弛感已经nextlevel了",1774563107531,https://www.xiaohongshu.com/explore/68e1eec2000000000301fbe2?xsec_token=ABctSoAWEXKWasmiR1hq5LnYvR_6eBKW9-gSd9n2qu2CY=&xsec_source=pc_search,成都人民公园打卡,ABctSoAWEXKWasmiR1hq5LnYvR_6eBKW9-gSd9n2qu2CY=
67551c17000000000700c8c8,video,打卡成都拍照好看的地方,"📍 鹤鸣茶社
地址: 青羊区祠堂街9号人民公园内
营业时间 07:00-22:00
自古人生何其乐 偷得浮生半日闲🍵
#出游穿搭[话题]# #成都拍照[话题]# #成都探店[话题]# #ootd每日穿搭[话题]#",,1733630999000,1733630999000,6515587c00000000230258eb,With 99jiuの照相机,https://sns-avatar-qc.xhscdn.com/avatar/1040g2jo319dkvjl45o005p8lb1u8sm7bcdra2og,135,38,8,39,,http://sns-webpic-qc.xhscdn.com/202603270609/b487ef68b9315528d8387fc3fe506e9a/1040g00831b4pt9kg6o005p8lb1u8sm7b86ikd4o!nd_dft_wlteh_jpg_3,"出游穿搭,成都拍照,成都探店,ootd每日穿搭",1774563107531,https://www.xiaohongshu.com/explore/67551c17000000000700c8c8?xsec_token=ABK9bp3hYkNWwbYRxyjE9YPfDJ_sASGHqraCE7VZAhqgs=&xsec_source=pc_search,成都人民公园打卡,ABK9bp3hYkNWwbYRxyjE9YPfDJ_sASGHqraCE7VZAhqgs=
697dcb4f000000000b0120e5,video,30s告诉你成都一日游🐼小众出片机位！附攻略,"第一站和爱心大熊猫合影，还可以打卡镜面成都大字
第二站右边栏杆可以拍到熊猫屁屁
第三站在六楼渝少侠火锅店门口，没人的成都大字拍爽啦
第四站Ifs顶楼拍大熊猫，不用排队也能拍
第五站发现熊猫公交车
第六站鹤鸣茶社围炉煮茶好惬意
第七站人民公园有好多大熊猫，这里的大字墙也好特别！
#成都寻宝地图[话题]# #来拍照了[话题]# #冬天的幸福是煮茶给的[话题]# #沉浸式旅游[话题]##旅行必逛打卡点[话题]# #成都拍照[话题]# #成都攻略[话题]# #成都旅游[话题]# #小众拍照地[话题]# #人民公园[话题]#",,1769851727000,1769851727000,62864b4a000000002102234b,沈不晚,https://sns-avatar-qc.xhscdn.com/avatar/6754131fbcf9fe1bd9b377c1.jpg,134,85,6,45,,http://sns-webpic-qc.xhscdn.com/202603270609/c1562d98e03aeaae61f2c45b7bc2483a/1040g00831s0h7pjr3u005ok69d58c8qbhfb8dio!nd_dft_wlteh_jpg_3,"成都寻宝地图,来拍照了,冬天的幸福是煮茶给的,沉浸式旅游,旅行必逛打卡点,成都拍照,成都攻略,成都旅游,小众拍照地,人民公园",1774563107532,https://www.xiaohongshu.com/explore/697dcb4f000000000b0120e5?xsec_token=ABZraoQ_Jn2YEez97RZJ87TCv1iDY4YpY50r0HFxDVc7E=&xsec_source=pc_search,成都人民公园打卡,ABZraoQ_Jn2YEez97RZJ87TCv1iDY4YpY50r0HFxDVc7E=
67fc5252000000001e00aeda,video,阳光｜绿色｜公园｜它们在治愈着我们,"出太阳就是摄影师的节日，看今天天气预告是太阳，一大早就拿着相机去人民公园。
视频技巧分享手持移动用高帧率，相机打开防抖功能，可减少抖动！#索尼A7M4[话题]# #电影感[话题]# #治愈系公园[话题]# #人民公园[话题]# #成都人民公园[话题]# #大自然治愈力[话题]# #公园20分钟效应[话题]# #成都旅游[话题]# #视频拍摄[话题]# #定格下这场绿意盎然[话题]#",,1744589394000,1749360812000,5d4a128b00000000120364a3,李好,https://sns-avatar-qc.xhscdn.com/avatar/6253ac10f6ec4b53eeb2035e.jpg,130,68,8,32,,http://sns-webpic-qc.xhscdn.com/202603270609/a74aa7da818f2dfb015c9e9454d683dc/1040g00831if6fe8pge005naa2a5kmp53e98krd0!nd_dft_wgth_jpg_3,"索尼A7M4,电影感,治愈系公园,人民公园,成都人民公园,大自然治愈力,公园20分钟效应,成都旅游,视频拍摄,定格下这场绿意盎然",1774563107532,https://www.xiaohongshu.com/explore/67fc5252000000001e00aeda?xsec_token=AB1kFNw9kwZYGxAwXus7sNXvOy2QPjTqK8EKQaXonDZb4=&xsec_source=pc_search,成都人民公园打卡,AB1kFNw9kwZYGxAwXus7sNXvOy2QPjTqK8EKQaXonDZb4=
680841f7000000001d025ac3,normal,打卡成都人民公园盖碗茶 太出片了！,去成都玩的姐妹们一定要去人民公园喝一碗盖碗茶 我自己平时也会喝茶  觉得还挺香的 这家店里很多人 可能需要排队因为真的很火  一碗茶是18元 是那种袋装的拆开 现泡的 其实去的基本都是想去拍照的 最近天气比较热 介意大家在傍晚的时候去 我和我朋友是 两点左右去的 真的好晒！ 一生要出片的中国女人真的是拼了 好在拍出来真的很好看 一定要选择在湖边的位置 不然很难出片 光线 和背景都会杂乱的哦#盖碗茶[话题]# #茶馆[话题]# #成都[话题]# #成都茶馆[话题]# #成都鹤鸣茶社[话题]#,,1745371640000,1745371640000,5c0a5ebd0000000006015b79,小_wan,https://sns-avatar-qc.xhscdn.com/avatar/1040g2jo3150vd8mjha004but4qfbqmrptr7t3eo,129,6,25,7,,"http://sns-webpic-qc.xhscdn.com/202603270609/cef1e5608c2ffbffca8407243d6e91b4/notes_pre_post/1040g3k831gjo2u06ji204but4qfbqmrp43ukcuo!nd_dft_wlteh_jpg_3,http://sns-webpic-qc.xhscdn.com/202603270609/b1aaee69f84e5c7a6b22305b0dd8b7c6/notes_pre_post/1040g3k831gjo2u06ji304but4qfbqmrpllhsij8!nd_dft_wlteh_jpg_3,http://sns-webpic-qc.xhscdn.com/202603270609/8f71154adf12641935ec60213583e03d/notes_pre_post/1040g3k831gjo2u06ji3g4but4qfbqmrpt078bt8!nd_dft_wlteh_jpg_3,http://sns-webpic-qc.xhscdn.com/202603270609/ac22ec6ba3d5ba3230441642f5ff2969/notes_pre_post/1040g3k831gjo2u06ji2g4but4qfbqmrp81chuio!nd_dft_wlteh_jpg_3,http://sns-webpic-qc.xhscdn.com/202603270609/77c034a3dff1511f52d1787b7780c476/notes_pre_post/1040g3k831gjo2u06ji404but4qfbqmrpf9r94v8!nd_dft_wlteh_jpg_3","盖碗茶,茶馆,成都,成都茶馆,成都鹤鸣茶社",1774563107533,https://www.xiaohongshu.com/explore/680841f7000000001d025ac3?xsec_token=ABoGXsTu5vEHGI-t5l7v_7ETxR6UlkzqeAgH07O4D1Pp0=&xsec_source=pc_search,成都人民公园打卡,ABoGXsTu5vEHGI-t5l7v_7ETxR6UlkzqeAgH07O4D1Pp0=
6936fac5000000001e005060,normal,【成都人民公园·银杏季】金色瀑布已就位,"人民公园的银杏终于黄透了！
百米金色长廊+老茶馆窗景
成都最市井的浪漫在这里封神✨
📍打卡动线（抄作业版）：
1️⃣ 鹤鸣茶社侧道——银杏与盖碗茶同框，烟火气满分
2️⃣ 纪念碑长廊——仰拍金色拱顶，电影感瞬间拿捏
3️⃣ 人工湖畔——落叶+倒影，解锁对称美学九宫格
	
✅下午三点光线最出片
✅穿浅色毛衣或风衣氛围感拉满
✅捡一片落叶挡眼睛/举向天空都绝美！
	
“被银杏染黄的旧时光里，连风都带着茶香”
快收下这份限定金黄，下周降温可能就秃啦！🚨
#成都银杏天花板[话题]# #人民公园深度玩法[话题]# #秋冬氛围感收割机[话题]##原来银杏最懂秋[话题]# #留住秋天的一百种方式[话题]# #闯入初冬的银杏秘境[话题]# #赴一场银杏叶的黄金盛宴[话题]# #人民公园银杏[话题]#",,1765210821000,1765210888000,60af8a860000000001003efe,Maggie,https://sns-avatar-qc.xhscdn.com/avatar/1040g2jo310nmere46o005o5fha308fnut54gg80,125,62,16,122,,"http://sns-webpic-qc.xhscdn.com/202603270610/b7e8e2e5a63b55c7179e579adf557b6a/note_pre_post_uhdr/1040g3r031prc626h3q005o5fha308fnu9vq60tg!nd_dft_wlteh_jpg_3,http://sns-webpic-qc.xhscdn.com/202603270610/81f6f233f29ae7b762ae3692d7fb94e5/note_pre_post_uhdr/1040g3r031prc626h3q0g5o5fha308fnun5nh1j8!nd_dft_wlteh_jpg_3,http://sns-webpic-qc.xhscdn.com/202603270610/63976b2ef190e70ddbfa5eca868892b3/note_pre_post_uhdr/1040g3r031prc626h3q105o5fha308fnuvg9gor0!nd_dft_wlteh_jpg_3,http://sns-webpic-qc.xhscdn.com/202603270610/0d9a10dd5144a8690981c277f466b5d9/note_pre_post_uhdr/1040g3r031prc626h3q1g5o5fha308fnutqs52r8!nd_dft_wlteh_jpg_3,http://sns-webpic-qc.xhscdn.com/202603270610/993b6a1e67040f9294ca53b1080aa073/note_pre_post_uhdr/1040g3r031prc626h3q205o5fha308fnug0v1lco!nd_dft_wlteh_jpg_3,http://sns-webpic-qc.xhscdn.com/202603270610/b0518ec625fcba945679f8adcb239ac9/note_pre_post_uhdr/1040g3r031prc626h3q2g5o5fha308fnum8e07m8!nd_dft_wlteh_jpg_3,http://sns-webpic-qc.xhscdn.com/202603270610/06557bff030ac84b4bb6e6a7030b45ef/note_pre_post_uhdr/1040g3r031prc626h3q305o5fha308fnuho02n3o!nd_dft_wgth_jpg_3","成都银杏天花板,人民公园深度玩法,秋冬氛围感收割机,原来银杏最懂秋,留住秋天的一百种方式,闯入初冬的银杏秘境,赴一场银杏叶的黄金盛宴,人民公园银杏",1774563107534,https://www.xiaohongshu.com/explore/6936fac5000000001e005060?xsec_token=ABLwqlnz1zzvY7DpuFX0aLhq8S3Z86fxw7c78yxBzVwzM=&xsec_source=pc_search,成都人民公园打卡,ABLwqlnz1zzvY7DpuFX0aLhq8S3Z86fxw7c78yxBzVwzM=
699abd63000000001a02ee17,video,成都人民公园,"游乐设施对264月龄宝宝刚刚好
工作人员服务特别好 每个人都活力满满的
喜欢这里
一个人来也不会尴尬
#公园城市幸福成都[话题]# #爱上逛公园[话题]# #成都人民公园[话题]# #人民公园[话题]# #新年好[话题]# #宝宝[话题]# #遛娃[话题]# #宝妈[话题]# #旅游[话题]# #旅游万粉扶持计划[话题]#",,1771748707000,1771748805000,62fa6ed9000000000f004749,一拳把你们打得稀巴烂,https://sns-avatar-qc.xhscdn.com/avatar/1040g2jo318rnk1eikce05onqdrcjohq9k1u34so,126,29,42,134,,http://sns-webpic-qc.xhscdn.com/202603270610/5f36085d952a07c3782ba87670f9ac0e/1040g2sg31sspkhi15ke05onqdrcjohq9fvfn988!nd_dft_wlteh_jpg_3,"公园城市幸福成都,爱上逛公园,成都人民公园,人民公园,新年好,宝宝,遛娃,宝妈,旅游,旅游万粉扶持计划",1774563107534,https://www.xiaohongshu.com/explore/699abd63000000001a02ee17?xsec_token=ABwMDeRpccs49pMheZfqpPgXPS_3c5Me3d1b7M9ExMgYE=&xsec_source=pc_search,成都人民公园打卡,ABwMDeRpccs49pMheZfqpPgXPS_3c5Me3d1b7M9ExMgYE=
69b6c710000000001f0063c0,video,在成都人民公园体验了一把中国的茶文化！,"#非遗追年地图[话题]#
中国的茶文化今天好好的体验了一把.
喝茶吃点心，看非遗茶艺.
人民公园太好玩了！
早点来才能找到好位置. 🍵🍵🍵
	
#传统茶文化[话题]# #茶艺与茶文化[话题]# #成都旅游[话题]# #成都人民公园[话题]# #旅游万粉扶持计划[话题]# #年轻人也爱茶文化[话题]# #旅游不踩坑[话题]# #回国旅游[话题]#",,1773586192000,1773615826000,5ec078c40000000001007cfc,长不大的妈妈子,https://sns-avatar-qc.xhscdn.com/avatar/612bb3b93a1c202c67c67237.jpg,119,55,25,66,加拿大,http://sns-webpic-qc.xhscdn.com/202603270610/4c55bb10c1cffa8de90062ee5eab221e/1040g2sg31to5u4je78705nm0f3208v7sp30564o!nd_dft_wlteh_jpg_3,"非遗追年地图,传统茶文化,茶艺与茶文化,成都旅游,成都人民公园,旅游万粉扶持计划,年轻人也爱茶文化,旅游不踩坑,回国旅游",1774563107535,https://www.xiaohongshu.com/explore/69b6c710000000001f0063c0?xsec_token=ABKf3bOzGZ2H0KPgDgFjMHgSMuBOhdpcBdEg5VXinnATI=&xsec_source=pc_search,成都人民公园打卡,ABKf3bOzGZ2H0KPgDgFjMHgSMuBOhdpcBdEg5VXinnATI=
6728105f000000003c019fff,video,千呼万唤！人民公园的菊花展终于开了！虽然没有往年的壮观，但依然氛围满满，人气不减！也许这是一种城市的习惯，也许这是一种生活的情怀！#成都[话题]##人民公园[话题]##菊花展[话题]##网红打卡地[话题]##花海[话题]#,千呼万唤！人民公园的菊花展终于开了！虽然没有往年的壮观，但依然氛围满满，人气不减！也许这是一种城市的习惯，也许这是一种生活的情怀！#成都[话题]##人民公园[话题]##菊花展[话题]##网红打卡地[话题]##花海[话题]#,,1730678879000,1730678880000,5f2f6291000000000100006a,成都印象,https://sns-avatar-qc.xhscdn.com/avatar/1040g2jo31ofkddh46gdg5npfca8g803afpene18,118,31,31,136,,http://sns-webpic-qc.xhscdn.com/202603270610/13e76db10e43aff000f3358fcd573c0a/1040g008319oq7mme726g5npfca8g803anck3iao!nd_dft_wlteh_jpg_3,"成都,人民公园,菊花展,网红打卡地,花海",1774563107535,https://www.xiaohongshu.com/explore/6728105f000000003c019fff?xsec_token=ABYyCMFvKg5WsUUTTm1Une_GBiM4oH0XWpx3EM2Zvdcf4=&xsec_source=pc_search,成都人民公园打卡,ABYyCMFvKg5WsUUTTm1Une_GBiM4oH0XWpx3EM2Zvdcf4=
6924dfcc000000001f007812,video,回味成都美好之旅，打卡人民公园,"[种草R][种草R][种草R]
人民公园是成都闹市里的净土，
原来听闻菊花展，想看一二，
结果找寻半天，每个门都转到，
说菊花展已结束，有儿童画展。
一进门遇到灵猫，喵喵围着你，
求抚摸，求安慰，求抱抱。
[种草R][种草R][种草R]
川军纪念碑、130年老葛树，
头顶有个白羽毛🪶的布谷鸟，
静谧的湖泊，横七竖八的船，
喧嚣的茶社，喝茶男女老少，
热情的重庆美女，主动帮拍，
尝试掏耳朵，成都休闲项目，
所有的一切，都是那么美好。
看过的景、走过的路、遇到的人，
都是岁月最好的馈赠。
[种草R][种草R][种草R]
在时光清浅处，
为心灵保留一片净土；
在岁月沧桑中，
为生活添加一勺糖。
不为过往烦恼，
只为当下而活。
愿被人生偏爱，被生活厚爱。
#园林生态园[话题]# #城市里的绝美公园[话题]# #到此一游留下美好的回忆[话题]# #在城市中寻找诗和远方[话题]# #沉浸式逛公园[话题]# #献给城市的人文礼[话题]# #回归大自然[话题]# #城市中的绿洲[话题]# #森林公园[话题]#",,1764024268000,1764024268000,65046e8e00000000120048ba,lucy,https://sns-avatar-qc.xhscdn.com/avatar/1040g2jo31s19krhbk86g5p84dq74gi5qsu38r50,116,10,64,,,http://sns-webpic-qc.xhscdn.com/202603270611/e65c1b31ca50d731f51033cab1c2e6c5/1040g2sg31p9m8atm2sb05p84dq74gi5q75ofhto!nd_dft_wlteh_jpg_3,"园林生态园,城市里的绝美公园,到此一游留下美好的回忆,在城市中寻找诗和远方,沉浸式逛公园,献给城市的人文礼,回归大自然,城市中的绿洲,森林公园",1774563107536,https://www.xiaohongshu.com/explore/6924dfcc000000001f007812?xsec_token=AB4gmvUg45Vxx4qAGzup91eyIXpAfSmo1DD0_9fz4A_Zw=&xsec_source=pc_search,成都人民公园打卡,AB4gmvUg45Vxx4qAGzup91eyIXpAfSmo1DD0_9fz4A_Zw=
6965a4ea000000001a03059e,normal,成都人民公园｜鹤鸣茶社 感受慢生活,体验成都慢生活，去了人民公园的鹤鸣茶社，环境非常不错，有茶有糕点还有戏曲可以听。工作日也很多人，早去可以坐靠湖边的位置，坐着喝喝茶聊聊天确实很巴适#盖碗茶[话题]# #成都[话题]# #成都慢生活[话题]# #成都旅游[话题]# #茶馆喝茶看戏[话题]# #旅游[话题]# #成都攻略[话题]# #成都人民公园[话题]# #鹤鸣茶社[话题]# #得闲饮茶去[话题]#,,1768269034000,1768269034000,5b6ac50a92fff60001e34b7b,周柏豪不知名女友,https://sns-avatar-qc.xhscdn.com/avatar/1040g2jo3152lqqkh0u004ab6hm2gkirrlko38cg,112,36,16,64,,"http://sns-webpic-qc.xhscdn.com/202603270611/d80cf982fd792f1a00e86a0576b64822/note_pre_post_uhdr/1040g3r831r8ugd0k00ag4ab6hm2gkirroofeuk8!nd_dft_wlteh_jpg_3,http://sns-webpic-qc.xhscdn.com/202603270611/bf2aee58f5d10dce32da281ca707306c/note_pre_post_uhdr/1040g3r831r8ugd0k00bg4ab6hm2gkirroohsgvo!nd_dft_wlteh_jpg_3,http://sns-webpic-qc.xhscdn.com/202603270611/0907afdc2caa34f865bde0122dbf5329/note_pre_post_uhdr/1040g3r831r8ugd0k00d04ab6hm2gkirrmar35vo!nd_dft_wlteh_jpg_3,http://sns-webpic-qc.xhscdn.com/202603270611/56e17c9e2a705a41a4603a1e3936b8f3/note_pre_post_uhdr/1040g3r831r8ugd0k00c04ab6hm2gkirrh5tqe3g!nd_dft_wlteh_jpg_3,http://sns-webpic-qc.xhscdn.com/202603270611/fa0bd0ba62f3a03caf3ee807833639ea/note_pre_post_uhdr/1040g3r831r8ugd0k00b04ab6hm2gkirrj04aedg!nd_dft_wlteh_jpg_3,http://sns-webpic-qc.xhscdn.com/202603270611/5587d96b748be86b7879b75cf08ab0df/note_pre_post_uhdr/1040g3r831r8ugd0k00cg4ab6hm2gkirrkq86i0g!nd_dft_wlteh_jpg_3,http://sns-webpic-qc.xhscdn.com/202603270611/2de1b93ac8517d03d3173999457fb5b7/notes_pre_post/1040g3k831r8u64i4g09g4ab6hm2gkirrfu6qp48!nd_dft_wlteh_jpg_3,http://sns-webpic-qc.xhscdn.com/202603270611/8252e3fa12432cddb2d901b44b22ea88/note_pre_post_uhdr/1040g3r831r8ugd0k00dg4ab6hm2gkirrmbi7u00!nd_dft_wlteh_jpg_3,http://sns-webpic-qc.xhscdn.com/202603270611/3d0e9fe56100649d4bd7803de392103f/note_pre_post_uhdr/1040g3r031r8ui7oc7o004ab6hm2gkirrda6r9og!nd_dft_wlteh_jpg_3","盖碗茶,成都,成都慢生活,成都旅游,茶馆喝茶看戏,旅游,成都攻略,成都人民公园,鹤鸣茶社,得闲饮茶去",1774563107536,https://www.xiaohongshu.com/explore/6965a4ea000000001a03059e?xsec_token=AB3zXtElt1tpxxdJZlgWlrWEfkeS9l2lsXfQgccNqQBQE=&xsec_source=pc_search,成都人民公园打卡,AB3zXtElt1tpxxdJZlgWlrWEfkeS9l2lsXfQgccNqQBQE=
67f18cc5000000001c02c616,normal,成都｜必打卡人民公园❣️,"鹤鸣茶社 人真的超级多
想要坐湖边的位置要耐心等待哦～
甜水面超级好吃！！！
个人感觉每一样都挺好吃的 人均三四十！",,1743883461000,1743883461000,5cf5306f00000000170260b8,金金-,https://sns-avatar-qc.xhscdn.com/avatar/658bdef45a7b686036a80f6c.jpg,110,27,17,43,,"http://sns-webpic-qc.xhscdn.com/202603270611/9dda7c990e4ba4962a4bde8663537184/notes_pre_post/1040g3k831ftijm2d0c905n7l61nlso5o4facuqo!nd_dft_wlteh_jpg_3,http://sns-webpic-qc.xhscdn.com/202603270611/770d030770e490490dc76d818a1596b3/notes_pre_post/1040g3k831ftijm2d0c9g5n7l61nlso5o5tr24k8!nd_dft_wlteh_jpg_3,http://sns-webpic-qc.xhscdn.com/202603270611/2425c7ed21810a982ad48630a6c2f0a7/notes_pre_post/1040g3k831ftijm2d0ca05n7l61nlso5ojqfjh28!nd_dft_wlteh_jpg_3,http://sns-webpic-qc.xhscdn.com/202603270611/6cb4bd754b3cfaff7f0b432e9ac31c32/notes_pre_post/1040g3k831ftijm2d0cag5n7l61nlso5omiq8s48!nd_dft_wlteh_jpg_3",,1774563107537,https://www.xiaohongshu.com/explore/67f18cc5000000001c02c616?xsec_token=ABZSC-gJmpX_cgF8Ea9l-UoZ7Rqzy94NOFJu6DrJe5TN0=&xsec_source=pc_search,成都人民公园打卡,ABZSC-gJmpX_cgF8Ea9l-UoZ7Rqzy94NOFJu6DrJe5TN0=
688b0db2000000002500f776,normal,终于明白为什么成都人都要去人民公园了！！！,"人民公园于1911年建成，是四川最早的公共公园，也是成都的第一个城市公园，最早被称为少城公园，在1950年才改名为人民公园。
以下是人民公园最佳游览路线🗺
1⃣人民公园北门🚪
从人民公园地铁B口出来，步行300多米就到达北门啦，目前西门外面的地铁口正在修建，南门红色的人民公园四个大字非常出片。
门口还能免费领取导览图、纪念票各一张！！
2⃣ 辛亥保路纪念广场🪧
这个广场有个文创店和小集市，可以逛一逛，小吃不太建议吃，有点贵，味道其实一般。
3⃣ 鹤鸣茶社🍵
全成都最出名的茶社，不赶时间一定要享受，体验一下成都的慢生活，并且还能看到杂技式添茶，所谓功夫茶。
4⃣ 辛亥秋保路死事纪念碑🗼
纪念在保路运动中牺牲的战士。
5⃣百菊园
夏天去很好看，拍照也比较出片。
6⃣ 成都1号防空洞🕳
墙面陈列了中国的抗战历史、四川保路运动的相关简介。2010年政府整改防空洞对外开放，现在里面配备了空调、电视机等。里面平均温度只能25度，是成都人民纳凉的好去处。
7⃣ 盆趣园🪴
四川的10大名园之一，盆景十分有看头，在园里还可以看到悠闲的四川叔叔阿姨们在亭子里打纸牌。走到湖边时，突然湖边喷起了人工水雾，隐形音响同时响起了轻音乐。站在桥头，可以看见水面的荷花在光雾中摇曳，深深地沦陷其中。大概仙境也不过如此吧！
8⃣ 四川保路运动史事陈列馆🏠
1911年，清政府想把四川的铁路归为国有，并卖给外国，那四川人肯定不乐意，并纷纷起来反抗，成都同志也发动了许多运动，从此保路运动成为了轰动全省的武装起义，这时清政府把湖北武昌的官兵调动过来压制四川，这才给了武昌革命军发动武昌起义的机会，最后由武昌起义为起始点，全国上下辛亥革命爆发了。辛亥革命的胜利，让中国结束了2000多年的封建君主专制制度，从此男人不用再留长辫，女人不用再裹小脚。所以四川保路运动在历史中有着举足轻重的地位。
9⃣ 相亲角📰
女士的求姻缘简历是红色的，男士的则为蓝色的，优秀男士女士一大把，还有很多奇葩的要求，如果你也想带一个四川对象回去，可以来看看。
🔟游船
50/一条船，不算太贵，而且是纯手动，可以试试。
游览结束！
人民公园适合慢游，需要用心去感受，用眼睛去发现美。
#公园[话题]# #旅游[话题]# #成都[话题]##成都旅游[话题]# #成都旅游攻略[话题]# #国内旅游日常[话题]# #旅游[话题]# #人民公园[话题]#",,1753943475000,1754881685000,66896c68000000000f034876,kiki小云朵,https://sns-avatar-qc.xhscdn.com/avatar/1040g2jo31hhnkt8nja0g5pk9dhk3ui3m7s49c2g,102,71,6,34,,"http://sns-webpic-qc.xhscdn.com/202603270611/7cc3e1a8c2fbd9832b1d34e9afe87782/1040g00831l09sg6fig005pk9dhk3ui3megq35r8!nd_dft_wlteh_jpg_3,http://sns-webpic-qc.xhscdn.com/202603270611/ec696a6ef6eb3def0f2f792202a61191/notes_pre_post/1040g3k831kjf63vbig805pk9dhk3ui3ma98t8f0!nd_dft_wlteh_jpg_3,http://sns-webpic-qc.xhscdn.com/202603270611/ca9cdb7e11be5d5913a2d3ad8a0271ae/notes_pre_post/1040g3k831kjf63vbig8g5pk9dhk3ui3muvbsd48!nd_dft_wlteh_jpg_3,http://sns-webpic-qc.xhscdn.com/202603270611/1e727481afebf2c9048f625d8f1f052c/notes_pre_post/1040g3k831kjf63vbig905pk9dhk3ui3m63taft0!nd_dft_wlteh_jpg_3,http://sns-webpic-qc.xhscdn.com/202603270611/292f83f365b86be8e9eee42f74721e30/notes_pre_post/1040g3k831kjf63vbig9g5pk9dhk3ui3mukrttko!nd_dft_wlteh_jpg_3,http://sns-webpic-qc.xhscdn.com/202603270611/0af3338ceb0c19363c78409c7379f597/notes_pre_post/1040g3k831kjf63vbiga05pk9dhk3ui3m9q7mjp8!nd_dft_wlteh_jpg_3,http://sns-webpic-qc.xhscdn.com/202603270611/47329805e0a81cff75abb923ea7b23fa/notes_pre_post/1040g3k831kjf63vbigag5pk9dhk3ui3m589o8l0!nd_dft_wlteh_jpg_3,http://sns-webpic-qc.xhscdn.com/202603270611/fd090a4c94e55a6527a2226de8294de5/notes_pre_post/1040g3k831kjf63vbigb05pk9dhk3ui3mdb71cq0!nd_dft_wlteh_jpg_3,http://sns-webpic-qc.xhscdn.com/202603270611/cb321d154bd80f29a32002d41153dffd/notes_pre_post/1040g3k831kjf63vbigbg5pk9dhk3ui3ml17kvjo!nd_dft_wlteh_jpg_3,http://sns-webpic-qc.xhscdn.com/202603270611/22256b031edaa896bd31cd9e7f3abf66/notes_pre_post/1040g3k831kjf63vbigc05pk9dhk3ui3mtti7a58!nd_dft_wlteh_jpg_3,http://sns-webpic-qc.xhscdn.com/202603270611/d23d8650987615d8da49312c96f6f465/notes_pre_post/1040g3k831kjf63vbigcg5pk9dhk3ui3mo3rprd8!nd_dft_wlteh_jpg_3,http://sns-webpic-qc.xhscdn.com/202603270611/5fca1931cf5eb8d276e805da9868067a/notes_pre_post/1040g3k831kjf63vbigd05pk9dhk3ui3mslr2ip0!nd_dft_wlteh_jpg_3,http://sns-webpic-qc.xhscdn.com/202603270611/0f20bb1004c82b2d6f12f3f18b267b95/notes_pre_post/1040g3k831kjf63vbigdg5pk9dhk3ui3mf4o4o98!nd_dft_wlteh_jpg_3,http://sns-webpic-qc.xhscdn.com/202603270611/65fcbe563a530e5462bd68b296317dca/notes_pre_post/1040g3k031kjfjsblj6005pk9dhk3ui3m0d69g88!nd_dft_wlteh_jpg_3,http://sns-webpic-qc.xhscdn.com/202603270611/89d8350f673aa920c89b28b0d6235599/notes_pre_post/1040g3k031kjfjsblj60g5pk9dhk3ui3mkg9ro8o!nd_dft_wlteh_jpg_3,http://sns-webpic-qc.xhscdn.com/202603270611/320bc8470adf445e249ef3785b3322ef/notes_pre_post/1040g3k031kjfjsblj6105pk9dhk3ui3mos4q7i8!nd_dft_wlteh_jpg_3,http://sns-webpic-qc.xhscdn.com/202603270611/5bdff52a2b576abd0c500928a1704d02/notes_pre_post/1040g3k031kjfjsblj61g5pk9dhk3ui3mhm5bs0o!nd_dft_wlteh_jpg_3,http://sns-webpic-qc.xhscdn.com/202603270611/64ee40f7f9df53ae2fa27826f9479f01/notes_pre_post/1040g3k031kjfjsblj6205pk9dhk3ui3moqlv3go!nd_dft_wlteh_jpg_3","公园,旅游,成都,成都旅游,成都旅游攻略,国内旅游日常,人民公园",1774563107537,https://www.xiaohongshu.com/explore/688b0db2000000002500f776?xsec_token=AB5q8URrRBFe7T7hggDwZcM8GX8es1t27GJ-igjntCw3w=&xsec_source=pc_search,成都人民公园打卡,AB5q8URrRBFe7T7hggDwZcM8GX8es1t27GJ-igjntCw3w=
681c205b000000002100b831,video,成都❗️人民公园的正确打开方式📖,"10个宝藏打卡点📍路线在视频最后❗️
#成都[话题]# #人民公园[话题]# #成都慢生活[话题]# #沉浸式逛公园[话题]# #成都旅游攻略[话题]# #周末去哪儿[话题]# #成都日常[话题]# #松弛感[话题]# #相亲角[话题]# #鹤鸣茶社[话题]#",,1746673755000,1746673755000,6667ec950000000007006cba,行知研学Diary,https://sns-avatar-qc.xhscdn.com/avatar/1040g2jo314g8db9468105pj7tiahor5qlf8jmg8,88,66,1,24,,http://sns-webpic-qc.xhscdn.com/202603270616/d5ff086ac48c0bf48aa5a87d29c70f41/1040g2sg31h75672b3ie05pj7tiahor5qddj4018!nd_dft_wlteh_jpg_3,"成都,人民公园,成都慢生活,沉浸式逛公园,成都旅游攻略,周末去哪儿,成都日常,松弛感,相亲角,鹤鸣茶社",1774563552977,https://www.xiaohongshu.com/explore/681c205b000000002100b831?xsec_token=ABSXmN8xWKFB0mU471xGWjm29bjH34ZzU5r1oqd7fy5ds=&xsec_source=pc_search,成都人民公园打卡,ABSXmN8xWKFB0mU471xGWjm29bjH34ZzU5r1oqd7fy5ds=
64454f2d0000000027011040,normal,说实话来成都就是为了人民公园这盏茶🍵,"【交通】
地铁🚇：2号线人民公园B口出
打车🚖：📍人民公园北大门/鹤鸣茶社
·北大门进去大概100m👉🏻左转就是鹤鸣茶社🍵
	
【喝茶 点心】
·找到心仪位置坐下 工作人员马上会来找你点单～
然后你就会收获🤩一盏川式盖碗茶➕一壶水
·我们点了🍵竹叶青28+蒙顶山黄芽35💰
茶香非常浓郁🍃
竹叶青是绿茶 偏苦 不喜欢喝咖啡的姐妹千万别点
黄芽还是黄茶 黄叶黄汤 （我个人更喜欢黄茶
·钟水饺
可以在平台上买33.9大师六宫格茶点套餐🍰
但是要14:00之后才能在门口小亭验票取餐哦‼️
	
【体验】
托着茶碗喝 竹椅竹桌 茶水可以无限续 叔叔阿姨们打牌唠嗑 主打一个精神放松 内心安逸 巴适🥳
	
💡注意事项tips：
1.人民公园人超多⛲️建议晴天1点前就去茶社👉🏻找个靠近河边还有阳光的座位 喝茶唠嗑享受成都市井文化
2.公园里的采耳👂🏻比较简单30块钱几分钟 卫生不一定能保证 体验体验倒也不错😶‍🌫️
3.想要在茶社待久点 可以自备瓜子花生零食🥜
4.喝完茶可以去看看相亲角！真的超有意思！会发现一些有趣的先生女士[害羞R]
	
#成都旅游[话题]# #成都旅游攻略[话题]# #成都人民公园[话题]# #鹤鸣茶社[话题]# #成都拍照[话题]# #成都喝茶[话题]# #成都喝茶好地方[话题]# #拍立得[话题]# #五一旅游攻略[话题]#",,1682263853000,1682319044000,593e670450c4b46bc20c38a6,睡不卓,https://sns-avatar-qc.xhscdn.com/avatar/63631d90600c01ac2653f4c9.jpg,85,34,3,8,,"http://sns-webpic-qc.xhscdn.com/202603270617/f7e451ce15503515b3d6d746e400a155/1000g0082ctgk5h0gs05g49juhpjg8e5689feqdo!nd_dft_wlteh_jpg_3,http://sns-webpic-qc.xhscdn.com/202603270617/cf29f6d8a585421c5c39a0584caa6d0a/1000g0082ctgk5h0gs00049juhpjg8e56655kqi0!nd_dft_wlteh_jpg_3,http://sns-webpic-qc.xhscdn.com/202603270617/f08dae88a4dfdd31917c98cd930c7305/1000g0082ctgk5h0gs01049juhpjg8e56h8rlmc0!nd_dft_wlteh_jpg_3,http://sns-webpic-qc.xhscdn.com/202603270617/7b01defa6494f2aa388f9cf8a5b9f31a/1000g0082ctgk5h0gs06049juhpjg8e56lja02jg!nd_dft_wlteh_jpg_3,http://sns-webpic-qc.xhscdn.com/202603270617/912e1485f0110638c11d58b61692c06a/1000g0082ctgk5h0gs02049juhpjg8e56v4k5sh8!nd_dft_wlteh_jpg_3,http://sns-webpic-qc.xhscdn.com/202603270617/ce998369f08d44edc39cc207b25cf88d/1000g0082ctgk5h0gs02g49juhpjg8e56povbd3o!nd_dft_wlteh_jpg_3,http://sns-webpic-qc.xhscdn.com/202603270617/9954119f5aaa059a55e58d76ed851df3/1000g0082ctgk5h0gs03049juhpjg8e561gnmj1g!nd_dft_wlteh_jpg_3,http://sns-webpic-qc.xhscdn.com/202603270617/d3f1f693ec917a990d2c97367b0285ff/1000g0082ctgk5h0gs03g49juhpjg8e564f4ko5g!nd_dft_wlteh_jpg_3,http://sns-webpic-qc.xhscdn.com/202603270617/d31e67166205fe4cd7c52af0db241500/1000g0082ctgk5h0gs04049juhpjg8e56rsdoaa0!nd_dft_wlteh_jpg_3","成都旅游,成都旅游攻略,成都人民公园,鹤鸣茶社,成都拍照,成都喝茶,成都喝茶好地方,拍立得,五一旅游攻略",1774563552981,https://www.xiaohongshu.com/explore/64454f2d0000000027011040?xsec_token=AByKJ7Z78nV3mTcsFtJqs-MGBFMHe_3Mt92gfnAutyxRo=&xsec_source=pc_search,成都人民公园打卡,AByKJ7Z78nV3mTcsFtJqs-MGBFMHe_3Mt92gfnAutyxRo=
